AR,count
"JUN>JUNB,+",5
"AR>MMP24OS,+",4
"NET1>PLK2,+",4
"HLA-DRA>CD74,+",4
"JUNB>JUN,+",4
"AR>UBE2K,-",4
"CD74>HLA-DRA,+",4
"KAT6B>EDN1,+",3
"MMP24OS>SF3A3,+",3
"CD74>HLA-DPA1,+",3
"RAI14>ABCG2,+",3
"NEAT1>PLK2,+",3
"AR>PDCD7,+",3
"NET1>FXR1,+",3
"BAZ2A>ATP6AP2,+",3
"MRPL32>IFI16,+",3
"PDCD7>AR,+",3
"AR>SELE,+",3
"HNRNPUL1>CXorf36,+",3
"ATP6AP2>HNRNPUL1,+",3
"NLRP1>NUCB1,+",3
"UBE2K>AR,-",3
"AR>BHLHE40,+",3
"PDCD7>ATP6AP2,-",2
"CSDE1>HEBP1,+",2
"SFSWAP>AR,-",2
"C9orf78>ALDH9A1,+",2
"JUN>CXorf36,+",2
"SDCCAG8>JAM2,+",2
"MRPL32>PDCD7,+",2
"PABPN1>TSHZ2,+",2
"DUT>MRPS26,+",2
"BAZ2B>PKP4,+",2
"BEX4>NDUFC2,+",2
"OGT>CAPRIN1,+",2
"CSDE1>HNRNPA1,+",2
"SF3A3>NUDT14,+",2
"AR>SLC30A1,+",2
"NFE2L1>JAM2,+",2
"ATP6AP2>TMX1,+",2
"JUN>KLF2,+",2
"CLDN5>THSD7A,+",2
"CNOT8>HIPK3,+",2
"PHACTR2>ANKRD10,+",2
"DUT>MMP24OS,+",2
"PER3>JAM2,+",2
"FOS>JUN,+",2
"ATP6AP2>MMP24OS,+",2
"SLC30A1>ARCN1,+",2
"ABCG2>PTPRG,+",2
"PDLIM5>HNRNPUL1,+",2
"ANKRD10>CCT2,+",2
"WBP2>NLRP1,+",2
"EPS15>CCDC50,+",2
"CD74>PKP4,+",2
"CCDC50>ALG13,+",2
"CDKN1A>JUNB,+",2
"TMSB10>S100A11,+",2
"GLUD1>CYB5R1,+",2
"SPPL2A>SELE,+",2
"MRPL32>PKM,+",2
"CSDE1>EDN1,+",2
"PABPN1>ATP6AP2,+",2
"JUN>PLK2,+",2
"ARCN1>MPRIP,-",2
"THAP12>APPBP2,+",2
"EIF2S1>CXorf36,+",2
"MRPL32>ATP6AP2,+",2
"ATP6AP2>CXorf36,+",2
"CXorf36>JAM2,+",2
"MMP24OS>CXorf36,-",2
"UBE2K>PLK2,-",2
"MPRIP>PTPRG,+",2
"LPAR6>HIPK3,+",2
"AR>ARCN1,-",2
"IRF2BP2>SNX6,+",2
"NAP1L4>SERBP1,+",2
"EIF2S1>STAG1,+",2
"DEK>HNRNPUL1,+",2
"NEAT1>CXorf36,+",2
"GLUD1>FGD5-AS1,+",2
"MRPL32>HIPK3,+",2
"NDUFC2>JAM2,+",2
"MMP24OS>ATP6AP2,+",2
"ZNF22>AR,-",2
"FOSB>JAM2,+",2
"SMIM19>MRPL32,-",2
"NDUFC2>MRPL32,+",2
"MMP24OS>ROMO1,+",2
"C8orf59>SLC25A3,+",2
"ARCN1>AR,-",2
"CCT2>MRPS26,+",2
"CCND2>AR,-",2
"JUNB>INTS6,+",2
"KLF4>KLF2,+",2
"ATP6AP2>MRPS26,+",2
"PRDX6>PTMS,+",2
"DUT>ALG13,+",2
"MYOF>RBMS3,+",2
"ARCN1>BHLHE40,-",2
"JUN>KLF4,+",2
"AR>INHBB,-",2
"BAZ2A>G3BP1,+",2
"NEAT1>KLF4,+",2
"PTMS>HADHA,+",2
"MRPS26>RAPGEF4,+",2
"MAZ>FNBP1,+",2
"COA3>MRPS26,+",2
"CCT7>HEBP1,+",2
"FAM171A1>ITGB4,+",2
"PEBP1>ITGB4,+",2
"SDCCAG8>BAZ2B,+",2
"MAZ>ALG13,+",2
"CD74>HLA-DRB5,+",2
"SDCCAG8>NDUFC2,+",2
"PUM1>CXorf36,+",2
"PTGES3>HIPK3,+",2
"PSMC4>PLK2,+",2
"PDCD7>MRPL32,+",2
"PLK2>CXorf36,+",2
"LASP1>MPRIP,+",2
"C9orf78>CXorf36,+",2
"ARCN1>SDCCAG8,+",2
"NLRP1>NEAT1,+",2
"SDCCAG8>VPS35,+",2
"CSDE1>PTMS,+",2
"NUCB1>AR,+",2
"HIPK3>SETD5,+",2
"AR>MRPL32,+",2
"NUCB1>C9orf78,+",2
"MPRIP>NFATC3,+",2
"BTN3A3>HIPK3,+",2
"CCT7>MPRIP,+",2
"ARCN1>RBP5,-",2
"MMP24OS>HNRNPU,+",2
"LTA4H>SELE,+",2
"NLRP1>AR,+",2
"GSPT1>EDN1,+",2
"CXorf36>HNRNPUL1,+",2
"MAGI1>NET1,-",2
"MRPL32>ALG13,+",2
"C9orf78>FAM171A1,+",2
"WBP2>AR,+",2
"LSM12>AR,+",2
"MMP24OS>POLR2B,-",2
"AR>USP22,-",2
"RB1CC1>MAZ,+",2
"ATP6AP2>UPF3A,+",1
"LASP1>EDF1,+",1
"AGPAT2>CXorf36,+",1
"EGLN1>SNTB2,+",1
"CNOT8>C6orf89,+",1
"SRGN>LTC4S,+",1
"ATP6AP2>NUCB1,+",1
"PTMS>LTC4S,+",1
"CLDN5>SNTB2,-",1
"CNTNAP3B>SNTB2,+",1
"AR>PCBD1,-",1
"SMIM14>LTC4S,+",1
"EDF1>PCBD1,+",1
"ARCN1>PCBD1,+",1
"AR>CXorf36,+",1
"EXOC5>MPG,-",1
"HNRNPUL1>C6orf89,+",1
"ELOC>RBMS3,+",1
"SF3A3>CXorf36,-",1
"ZNF22>EDF1,+",1
"AR>RAD21,+",1
"COPZ1>RBMS3,+",1
"WWC2>LAPTM4B,-",1
"NFATC3>CLU,-",1
"CSDE1>RAD21,+",1
"SMIM14>PROCR,+",1
"PTMS>PROCR,+",1
"SF3A3>AR,+",1
"NFATC3>AR,+",1
"ZNF22>TBCB,+",1
"HNRNPUL1>TBCB,+",1
"NET1>JAM2,+",1
"ATP6AP2>SLC30A1,+",1
"PROCR>CNOT8,+",1
"PCYOX1>ATP6AP2,-",1
"ATP6AP2>RBMS3,+",1
"NET1>ATP6AP2,+",1
"PROCR>NFATC3,+",1
"SF3A3>CSDE1,+",1
"SMIM14>NFATC3,+",1
"PTMS>CSDE1,+",1
"SRGN>MMP24OS,+",1
"HNRNPUL1>RBMS3,+",1
"PKP4>SELE,+",1
"TMX1>LAPTM4B,+",1
"AGPAT2>JAM2,+",1
"AGPAT2>C6orf89,+",1
"SRGN>THSD7A,+",1
"CD74>TMX1,+",1
"LPAR6>HMGB2,+",1
"PLK2>SNX6,-",1
"PRMT2>SNX6,+",1
"IMPDH2>OST4,+",1
"CXorf36>PTPRG,+",1
"WDR83OS>PTPRG,+",1
"RPL19>ZEB1,+",1
"HNRNPUL1>ZEB1,+",1
"IMPDH2>DUSP1,+",1
"WDR83OS>DUSP1,+",1
"CDC42EP5>GOLGA8A,+",1
"CXorf36>HMGB2,+",1
"BRK1>LPAR6,+",1
"LPAR6>C8orf59,+",1
"RPL22>LPAR6,+",1
"PRMT2>LPAR6,+",1
"IMPDH2>LPAR6,-",1
"ZEB1>HNRNPUL1,+",1
"EP300>ARF5,+",1
"CXorf36>ARF5,+",1
"LAMTOR5>EIF4G3,+",1
"MEIS2>EIF4G3,+",1
"LPAR6>LAMTOR5,+",1
"RPL19>BRK1,+",1
"APPBP2>BRK1,+",1
"RPL19>RPSA,+",1
"RPL22>RPL19,+",1
"EIF4G3>ETFB,+",1
"OTUD6B-AS1>ETFB,-",1
"RPL19>RPL22,+",1
"HNRNPUL1>RPL22,+",1
"LPAR6>ATP5IF1,+",1
"RPL19>ATP5IF1,+",1
"RPL19>MGP,+",1
"HMGB2>CDC42EP5,+",1
"LAMTOR5>CDC42EP5,+",1
"MGP>IMPDH2,+",1
"RPSA>WDR83OS,+",1
"RPL19>WDR83OS,+",1
"NUTM2B-AS1>CTBP2,+",1
"HMGB2>APPBP2,+",1
"NET1>APPBP2,+",1
"HNRNPA1>EDN1,-",1
"RPL22>UBE2D2,+",1
"LAMTOR5>UBE2D2,+",1
"MEIS2>UBE2D2,+",1
"EIF4G3>NUTM2B-AS1,+",1
"ANAPC13>NUTM2B-AS1,+",1
"C8orf59>S100A13,+",1
"RPL19>S100A13,+",1
"RPL19>ETFB,+",1
"AR>ETFB,+",1
"LPAR6>BRK1,+",1
"APPBP2>C8orf59,-",1
"NFATC3>TMX1,-",1
"AGPAT2>CLIC2,+",1
"HNRNPUL1>PKP4,-",1
"PKP4>SQSTM1,+",1
"SRGN>SQSTM1,+",1
"NET1>WWC2,+",1
"NLRP1>WWC2,+",1
"PTMS>WWC2,+",1
"ARHGEF1>ERICH1,+",1
"TMX1>HSP90AB1,+",1
"NFATC3>HSP90AB1,+",1
"NET1>HSP90AB1,+",1
"WWC2>CLIC2,-",1
"NET1>CLIC2,+",1
"RPL22>ANAPC13,+",1
"WWC2>SF3A3,+",1
"NLRP1>SF3A3,-",1
"LAPTM4B>SF3A3,+",1
"HNRNPUL1>SF3A3,+",1
"VPS13C>ERAP2,+",1
"CLIC2>CPT1A,+",1
"RAD21>SPCS3,+",1
"PKP4>NLRP1,+",1
"NUCB1>NLRP1,+",1
"ERAP2>NLRP1,+",1
"WWC2>NLRP1,+",1
"PROCR>CALHM2,+",1
"AGPAT2>CYSTM1,+",1
"PKP4>CYSTM1,+",1
"SF3A3>HNRNPUL1,+",1
"NET1>ANAPC13,+",1
"BRK1>JAM2,+",1
"RPL22>JAM2,+",1
"RPL22>PLK2,+",1
"LPAR6>PLK2,+",1
"HMGB2>NUCB1,+",1
"NUTM2B-AS1>MPRIP,+",1
"S100A13>SPCS3,+",1
"PRMT2>SPCS3,+",1
"ARF5>SPCS3,+",1
"RAD21>TES,+",1
"CENPC>PCYOX1,+",1
"LAPTM4B>SMIM14,+",1
"PCYOX1>CENPC,+",1
"MRPS26>CLN5,+",1
"ERAP2>CLN5,+",1
"PCYOX1>CLN5,+",1
"NET1>CLN5,-",1
"WWC2>AGPAT2,-",1
"NFATC3>NET1,+",1
"HSP90AB1>NEAT1,+",1
"SMIM14>HNRNPUL1,-",1
"PKP4>HNRNPUL1,-",1
"CD74>HLA-DQA2,+",1
"TIMP2>AR,+",1
"EDF1>ATP6AP2,+",1
"ZBTB38>BDP1,-",1
"LRRC8C>BDP1,+",1
"HBP1>BDP1,+",1
"BDP1>AR,-",1
"NFATC3>TMEM43,+",1
"SEPT10>TMEM43,+",1
"LAMC1>NDUFA8,-",1
"JAM2>NDUFA8,+",1
"UBE2Q1>ATN1,+",1
"EGLN1>CCT7,+",1
"NORAD>CCT7,+",1
"SEPT10>MYOF,+",1
"CSDE1>MYOF,+",1
"CD74>EGLN1,+",1
"ATN1>SPPL2A,+",1
"CDC42EP5>HSPG2,+",1
"EGLN1>HSPG2,+",1
"C8orf59>JAM2,+",1
"SLC25A37>JAM2,+",1
"ARPC3>SELE,-",1
"YPEL5>MAZ,+",1
"SEPT10>HEBP1,+",1
"MAZ>HEBP1,+",1
"EIF3J>ARPC3,+",1
"AR>BDP1,-",1
"CYB5R1>PLK2,+",1
"CLDN5>ATP6AP2,+",1
"CALHM2>PLK2,+",1
"PKP4>CALHM2,+",1
"CYB5R1>CALHM2,+",1
"HNRNPA3>CALHM2,+",1
"SELE>CALHM2,+",1
"ARFGAP3>CALHM2,+",1
"SCP2>PRPF38A,+",1
"ZNF451>SELE,-",1
"BTN3A3>SELE,+",1
"IFI44L>SELE,+",1
"ARFGAP3>HSPA1A,+",1
"IFI44L>HSPA1A,+",1
"SELE>HSPA1A,-",1
"BTN3A3>MPRIP,+",1
"LRRC8C>MPRIP,+",1
"PKP4>FXR1,+",1
"IFI44L>FXR1,+",1
"BDP1>FXR1,-",1
"HBP1>CTSB,+",1
"CYB5R1>CTSB,-",1
"ZBTB38>WBP2,+",1
"SCP2>NDUFC2,+",1
"HBP1>ATP6AP2,+",1
"ZNF451>ATP6AP2,+",1
"NET1>ALG13,+",1
"NORAD>EDN1,-",1
"CDC42EP5>EDN1,+",1
"LASP1>EDN1,+",1
"NDUFA8>FZD4,+",1
"EGLN1>FZD4,+",1
"JAM2>NET1,+",1
"SPPL2A>AR,+",1
"MAZ>AR,+",1
"C8orf59>TAOK2,+",1
"MGST2>TAOK2,+",1
"GALNT1>ABHD17A,+",1
"YPEL2>ABHD17A,-",1
"GPATCH8>CCDC68,+",1
"C8orf59>CCDC68,+",1
"NLRP1>CCDC68,+",1
"SNX6>IRF2BP2,+",1
"FOS>IRF2BP2,+",1
"PSMD11>TCP1,+",1
"FOS>TCP1,+",1
"MGST2>SNX6,+",1
"GALNT1>AHNAK,+",1
"GPATCH8>AHNAK,+",1
"NLRP1>U2SURP,+",1
"SELE>U2SURP,+",1
"USP16>MGST2,+",1
"YPEL2>ATP5MF,-",1
"SEPT10>WBP2,+",1
"CDC42EP5>SLC25A37,+",1
"ARPC3>FNBP1,+",1
"NORAD>LASP1,+",1
"BAZ2A>GNB1,+",1
"NFATC3>GNB1,+",1
"FNBP1>HNRNPUL1,+",1
"UBE2Q1>SQSTM1,+",1
"EGLN1>EPS15,+",1
"JAM2>TMEM70,+",1
"CD74>TMEM70,+",1
"KIF1B>TMEM70,-",1
"SEPT10>ZMYM4,+",1
"EDN1>LASP1,+",1
"JAM2>C8orf59,+",1
"RBMS3>FNBP1,+",1
"CCT7>NORAD,+",1
"SPPL2A>CD74,-",1
"SEPT10>CD74,+",1
"HNRNPUL1>KIF1B,+",1
"JAM2>EIF3J,-",1
"ALG13>UBE2K,-",1
"NFATC3>UBE2K,-",1
"HSPG2>UBE2K,+",1
"CAVIN1>BAZ2A,-",1
"GNB1>BAZ2A,+",1
"HBP1>ZBTB38,+",1
"PKP4>ZBTB38,-",1
"CAPRIN1>SDCCAG8,+",1
"RBPMS>ATP2B1,+",1
"NME1>XRN2,+",1
"TXNDC17>XRN2,+",1
"EDF1>XRN2,-",1
"ATP6AP2>EXOC5,+",1
"ELOC>EXOC5,-",1
"CLDN5>ZNF22,+",1
"SEMA4C>HNRNPUL1,+",1
"MYOF>HNRNPUL1,+",1
"SNX1>ARHGEF1,-",1
"BAZ2A>ARHGEF1,+",1
"ZNF22>EGLN1,+",1
"ZNF22>ARCN1,+",1
"EGLN1>ARCN1,-",1
"ELOC>ARCN1,-",1
"NUB1>ARCN1,+",1
"PCBD1>PRR13,-",1
"LASP1>PRR13,+",1
"EGLN1>BAZ2A,+",1
"MAZ>BAZ2A,+",1
"NUB1>SELE,-",1
"SEMA4C>ATP2B1,-",1
"LASP1>ATP2B1,-",1
"EGLN1>ATP2B1,+",1
"STAT3>TMBIM6,+",1
"AR>TMBIM6,-",1
"LASP1>TMBIM6,-",1
"EGLN1>NME1,-",1
"BAZ2A>LASP1,+",1
"TGFBR3>RBPMS,-",1
"EGLN1>RBPMS,+",1
"ARCN1>CCT2,-",1
"RBPMS>CCT2,+",1
"SNTB2>CCT2,+",1
"EXOC5>UBAP2L,-",1
"BAZ2A>UBAP2L,+",1
"ZNF22>UBAP2L,+",1
"ATP2B1>NME1,+",1
"ZNF22>NME1,+",1
"EDF1>CNTNAP3B,+",1
"UPF3A>NME1,+",1
"ARCN1>ELOC,-",1
"UPF3A>SNX1,+",1
"AR>SNX1,-",1
"LASP1>CD74,+",1
"HLA-DQA2>CD74,+",1
"ARCN1>MRPS26,-",1
"TXNDC17>MRPS26,-",1
"RBPMS>MRPS26,+",1
"EGLN1>SEMA4C,+",1
"ARCN1>ATP2B1,+",1
"ELOC>ATP2B1,-",1
"NET1>SDCCAG8,+",1
"ARCN1>COPZ1,-",1
"BTN3A3>RUNX1T1,+",1
"SELE>RUNX1T1,-",1
"ZNF451>TSC22D1,+",1
"G3BP1>ZNF22,-",1
"TSR3>ZNF22,+",1
"LASP1>SFSWAP,-",1
"ARFGAP3>IFI44L,+",1
"CALHM2>IFI44L,+",1
"NET1>IFI44L,+",1
"SELE>IFI44L,+",1
"PKP4>CYB5R1,+",1
"NET1>CYB5R1,+",1
"HBP1>IMPDH2,-",1
"SELE>IMPDH2,+",1
"MPRIP>ATP5MF,-",1
"ZBTB38>LASP1,+",1
"CYB5R1>CXorf36,+",1
"ARFGAP3>NAPRT,-",1
"ZBTB38>NAPRT,-",1
"IMPDH2>NET1,+",1
"HNRNPA3>NET1,+",1
"CALHM2>BTN3A3,+",1
"MAX>SDCCAG8,+",1
"CALHM2>PKP4,+",1
"MPRIP>HBP1,+",1
"BDP1>UPF3A,+",1
"MAX>ARFGAP3,+",1
"SNX1>COPZ1,+",1
"MAZ>COPZ1,+",1
"PCBD1>RBM17,+",1
"HNRNPUL1>NBEAL1,+",1
"PCBD1>NBEAL1,-",1
"ARCN1>MPRIP,+",1
"AR>MPRIP,+",1
"ARHGEF1>KLF7,+",1
"ARCN1>KLF7,-",1
"CALHM2>LRRC8C,-",1
"NET1>ARFGAP3,+",1
"ARFGAP3>G3BP1,+",1
"CTSB>ARFGAP3,+",1
"SCP2>ARFGAP3,+",1
"CAPRIN1>PSAP,+",1
"ZBTB38>ACVRL1,+",1
"CAPRIN1>ZNF451,+",1
"MPRIP>HNRNPA3,+",1
"ZNF22>PSMD1,+",1
"SCP2>PSMD1,+",1
"BTN3A3>PAXX,+",1
"ZNF22>G3BP1,-",1
"EDF1>HNRNPUL1,+",1
"THAP12>IMP3,+",1
"LAMTOR5>OTUD6B-AS1,-",1
"NCBP2>TEAD2,+",1
"MOB1A>AR,+",1
"ALG13>AR,+",1
"PRKAR1A>NME1,+",1
"CD164>NME1,+",1
"SNRPE>NME1,+",1
"MEIS2>XRN1,+",1
"PABPN1>FBXO7,+",1
"SNRPE>FBXO7,+",1
"TLE1>FBXO7,-",1
"TMEM101>FBXO7,+",1
"SELE>COA1,-",1
"SOCS2>TEAD2,+",1
"HNRNPA1>CAMTA1,+",1
"ATP6AP2>PABPN1,+",1
"PRKAR1A>SYF2,+",1
"MVB12A>SYF2,+",1
"MVB12A>KLF2,-",1
"PLEKHA1>SNRPE,-",1
"SREK1>SNRPE,+",1
"FBXO7>REEP5,-",1
"ELOC>REEP5,+",1
"SREK1>REEP5,-",1
"NCBP2>KLF4,+",1
"SNRPE>TLE1,+",1
"GLUD1>AR,+",1
"PRDX1>PTMS,+",1
"NAA38>ALG13,-",1
"NAP1L4>NDUFC2,+",1
"MRPL32>GLUD1,+",1
"NAA38>GLUD1,+",1
"NAP1L4>SNX6,+",1
"CSDE1>SNX6,+",1
"SPCS3>PRDX1,+",1
"PHB>DDT,+",1
"SCOC>SELE,+",1
"PON2>SELE,-",1
"MAZ>SELE,+",1
"CSDE1>SELE,+",1
"ALG13>SELE,+",1
"PRDX1>SELE,+",1
"NDUFC2>PHB,+",1
"CSDE1>PHB,+",1
"MAZ>PHB,+",1
"NFATC3>PHB,+",1
"SKAP2>PABPN1,-",1
"HEBP1>PDCD7,+",1
"HNRNPA1>SCOC,+",1
"ARL2BP>SCOC,+",1
"NAP1L4>RAB2A,+",1
"SLC30A1>RAB2A,+",1
"HNRNPA1>RAB2A,+",1
"COX7A2>TLE1,-",1
"FBXO7>TLE1,-",1
"MVB12A>TLE1,+",1
"COTL1>PRKAR1A,+",1
"MVB12A>MEIS2,+",1
"KLF4>MEIS2,+",1
"AR>COTL1,+",1
"MVB12A>COTL1,+",1
"RALGAPA1>ATP6AP2,+",1
"PRKAR1A>ATP6AP2,+",1
"SNRPE>SREK1,+",1
"ATP6AP2>SREK1,+",1
"DEK>THBD,+",1
"DEK>NCBP2,-",1
"COTL1>RAI14,+",1
"XRN1>RAI14,+",1
"SMAD4>MAZ,+",1
"BAG5>ACBD6,-",1
"CDC42EP5>ACBD6,+",1
"RALGAPA1>ACBD6,-",1
"SOCS2>ACBD6,-",1
"MVB12A>SFSWAP,+",1
"COA1>SELE,-",1
"RALGAPA1>SELE,-",1
"SNRPE>AR,+",1
"MAZ>TMEM219,+",1
"E2F4>PHF14,+",1
"ATP6AP2>PRKAR1A,+",1
"PLEKHA1>PRKAR1A,+",1
"WBP2>TLE1,-",1
"THBD>EIF5B,-",1
"WBP2>HNRNPUL1,+",1
"FBXO7>WBP2,+",1
"MVB12A>BAG5,-",1
"ATP6AP2>BAG5,+",1
"WBP2>BAG5,+",1
"DEK>ZNF302,+",1
"BAG5>RALGAPA1,-",1
"ZNF302>RALGAPA1,+",1
"PABPN1>RALGAPA1,-",1
"SELE>RALGAPA1,-",1
"ATP6AP2>PLEKHA1,-",1
"FBXO9>PEPD,+",1
"CEBPZOS>NCOA1,-",1
"DEK>EPHX1,+",1
"FBXO7>DEK,-",1
"COA1>DEK,-",1
"THBD>DEK,+",1
"COA1>FBXO9,-",1
"ATP6AP2>ARFRP1,+",1
"ELOC>ARFRP1,+",1
"NCOA1>SOCS2,+",1
"ATP6AP2>CDC42EP5,+",1
"SNRPE>CDC42EP5,+",1
"MAZ>CAMTA1,+",1
"KPNA4>ANAPC13,+",1
"WDR83OS>OTUD6B-AS1,+",1
"MDFIC>CTBS,-",1
"MDFIC>HDAC7,+",1
"CYB5R1>HDAC7,+",1
"SCAMP1>HDAC7,-",1
"SPG7>ALG13,+",1
"SHISA5>ALG13,-",1
"WBP2>MDFIC,+",1
"DUT>MAZ,+",1
"BAZ2A>MAZ,+",1
"NAP1L4>BAZ2A,+",1
"MIR99AHG>FAM69B,-",1
"ZFC3H1>CTBS,+",1
"SPG7>TTC14,+",1
"NAP1L4>ANAPC13,+",1
"CTBS>NAP1L4,+",1
"CAPRIN1>DUT,+",1
"SPG7>WBP2,+",1
"CYB5R1>WBP2,+",1
"NAP1L4>WBP2,-",1
"MDFIC>WBP2,+",1
"MMP24OS>ZFC3H1,+",1
"WBP2>ZFC3H1,+",1
"IFI16>ZFC3H1,+",1
"KNOP1>HNRNPUL1,+",1
"SUN2>MRPL32,+",1
"CYB5R1>SHISA5,+",1
"BAZ2A>B4GALT1,+",1
"MMP24OS>SCAMP1,-",1
"WBP2>PLRG1,+",1
"MMP24OS>MPDZ,-",1
"SCAMP1>CAPRIN1,-",1
"DUT>CAPRIN1,+",1
"CAPRIN1>MRPS26,+",1
"CTBS>CYB5R1,-",1
"DUT>CYB5R1,+",1
"SUN2>PHACTR2,+",1
"SUN2>MAGI1,-",1
"SERBP1>PLPBP,+",1
"AR>SPG7,+",1
"TTC14>SPG7,+",1
"SCAMP1>SPG7,+",1
"TTC14>NKAP,+",1
"CYB5R1>NKAP,+",1
"SERBP1>KNOP1,+",1
"SHISA5>TMEM245,+",1
"KNOP1>TMEM245,-",1
"NAP1L4>TMEM245,+",1
"SPG7>TMEM245,+",1
"PLPBP>MGAT1,-",1
"NKAP>MGAT1,+",1
"BAZ2A>MGAT1,+",1
"SPG7>MGAT1,-",1
"WBP2>MRPL32,+",1
"BAZ2A>MRPL32,+",1
"NAP1L4>AHI1,+",1
"SCOC>IGBP1,+",1
"MRPL32>IGBP1,+",1
"HNRNPA1>IGBP1,+",1
"MRPL32>ITGB4,+",1
"ADIRF>ITGB4,+",1
"PHB>CSDE1,+",1
"MAZ>CSDE1,-",1
"MRPL32>JUN,+",1
"HNRNPA1>NFATC3,+",1
"MRPL32>NFATC3,-",1
"SCOC>PON2,+",1
"SPCS3>PON2,+",1
"NFATC3>PON2,+",1
"NAP1L4>CFAP97,+",1
"HNRNPA1>CFAP97,+",1
"ITGB4>MOB1A,+",1
"SLC30A1>MOB1A,-",1
"NAP1L4>CARD8,+",1
"ARL2BP>CARD8,-",1
"ARL2BP>SPCS3,+",1
"PRDX1>SPCS3,+",1
"NFATC3>FAM241A,+",1
"HNRNPA1>RPS17,+",1
"ITGB4>ADIRF,+",1
"ARL2BP>IGBP1,+",1
"SELE>SKAP2,+",1
"ZFC3H1>AHI1,+",1
"SLC30A1>ARL2BP,+",1
"AR>MED10,+",1
"PLPBP>MIR99AHG,+",1
"NAP1L4>MIR99AHG,-",1
"PLPBP>FAM160B1,-",1
"NAP1L4>MMP24OS,+",1
"MRPS26>TMEM43,+",1
"SUN2>CD74,+",1
"CXorf36>CD74,+",1
"PLRG1>IFI16,-",1
"CYB5R1>IFI16,+",1
"TTC14>AR,-",1
"SNX6>CHMP1B,+",1
"COPS8>IGFBP4,-",1
"ADIRF>IGFBP4,+",1
"MAZ>NAA38,+",1
"CSDE1>SLC30A1,+",1
"MRPL32>SLC30A1,+",1
"HNRNPA1>SLC30A1,+",1
"PRDX1>SLC30A1,+",1
"DDT>SLC30A1,+",1
"ARL2BP>SLC30A1,+",1
"SNX6>SLC30A1,+",1
"NFATC3>ARL2BP,-",1
"CEP290>SETD5,+",1
"NME1>SETD5,-",1
"PHF14>MYOF,-",1
"FLNA>SIAH1,+",1
"PIN4>SELE,-",1
"PCYOX1>SELE,+",1
"ZNF148>SELE,+",1
"M6PR>SELE,-",1
"CCDC90B>AR,+",1
"HOXD8>AR,-",1
"PPP3CA>THAP12,+",1
"EP300>THAP12,+",1
"ARCN1>SIAH1,+",1
"LTA4H>SIAH1,+",1
"AR>SIAH1,+",1
"PPP3CA>SIAH1,-",1
"CEP290>MYOF,+",1
"EIF3J>HIPK3,+",1
"C9orf78>HIPK3,+",1
"EXOC6>FZD4,-",1
"SIAH1>FZD4,+",1
"TES>FZD4,-",1
"HNRNPA3>TMEM101,+",1
"SIAH1>TMEM101,+",1
"ARCN1>TMEM101,+",1
"C9orf78>TMEM101,-",1
"EIF3J>TMEM101,-",1
"TMEM101>HNRNPA3,+",1
"PDCD7>WBP2,+",1
"M6PR>WBP2,-",1
"EIF3D>ATP6AP2,+",1
"AR>MOB2,-",1
"AR>FAM208B,+",1
"M6PR>FAM208B,+",1
"NME1>RB1CC1,-",1
"CAMSAP2>RB1CC1,+",1
"SRI>A4GALT,+",1
"EGFL7>CCDC90B,-",1
"NME1>CAPRIN1,+",1
"CCDC90B>PDCD7,+",1
"A4GALT>PDCD7,+",1
"KIF1B>EIF3D,+",1
"HOXD8>EIF3D,-",1
"CCDC90B>EIF3D,+",1
"UBR5>EIF3D,+",1
"ATP2B4>NLRP1,+",1
"PCYOX1>SP110,+",1
"SRI>SP110,-",1
"CNP>RPS6KA3,-",1
"ZMYM4>RPS6KA3,+",1
"A4GALT>RPS6KA3,+",1
"ARCN1>KIF1B,+",1
"CCDC90B>KIF1B,+",1
"RB1CC1>KIF1B,+",1
"NME1>MOB2,+",1
"TES>HNRNPA3,+",1
"C9orf78>HNRNPA3,+",1
"IMP3>PPP3CA,+",1
"PPP3CA>ANKRD40,+",1
"LTA4H>ATL3,+",1
"ARCN1>EXOC6,+",1
"C9orf78>EXOC6,+",1
"HNRNPA3>TES,+",1
"AR>HOXB7,+",1
"C9orf78>HOXB7,+",1
"TES>UGP2,+",1
"LTA4H>PDGFB,+",1
"FNBP1>PDGFB,+",1
"SIAH1>PKP4,+",1
"HIPK3>PKP4,+",1
"HOXB7>PKP4,+",1
"ARCN1>KNOP1,-",1
"LTA4H>KNOP1,+",1
"TNS2>IFI16,+",1
"FLNA>CXorf36,+",1
"STX12>CXorf36,+",1
"HIPK3>SELE,+",1
"G3BP1>SELE,+",1
"RAB5A>AR,+",1
"MAZ>SLC25A29,+",1
"ZEB1>SLC25A29,+",1
"GOLGA8A>LEPR,+",1
"SIAH1>ANKRD40,-",1
"THAP12>ANKRD40,+",1
"THAP12>PPP3CA,+",1
"PPP3CA>RAB5A,-",1
"HOXB7>PPP3CA,+",1
"HIPK3>LTA4H,+",1
"IMP3>FNBP1,+",1
"LTA4H>FNBP1,+",1
"PPP3CA>FNBP1,+",1
"FLNA>RAI14,+",1
"TNS2>RAI14,+",1
"PLK2>BAZ2A,+",1
"LTA4H>BAZ2A,+",1
"IMP3>BAZ2A,+",1
"C9orf78>ADGRL4,+",1
"FNBP1>ADGRL4,+",1
"SIAH1>FLNA,+",1
"ATL3>FLNA,+",1
"THAP12>EPRS,+",1
"C1QBP>ATP5MF,+",1
"STX12>ARCN1,-",1
"PDGFB>ARCN1,+",1
"THAP12>EP300,+",1
"IMP3>NAP1L4,+",1
"SIAH1>NAP1L4,+",1
"TMEM101>G3BP1,-",1
"TES>G3BP1,+",1
"RB1CC1>ZMYM4,+",1
"PCYOX1>ZMYM4,+",1
"HOXD8>ZMYM4,+",1
"CLIC4>ZFC3H1,+",1
"THOC2>GBP4,+",1
"MPRIP>GBP4,+",1
"CCT7>GBP4,+",1
"HDAC7>PITPNC1,+",1
"SMAD2>PITPNC1,+",1
"MRPL32>PITPNC1,+",1
"NME1>PITPNC1,+",1
"SETD5>DIP2A,+",1
"CHORDC1>SDCCAG8,+",1
"PHF14>SDCCAG8,-",1
"THOC2>SKAP2,+",1
"TMEM259>SKAP2,+",1
"NME1>HEBP1,-",1
"PHF14>HEBP1,+",1
"THOC2>HEBP1,-",1
"SYNJ2BP>NDUFC2,+",1
"WDR13>NDUFC2,+",1
"ATP6AP2>NDUFC2,+",1
"ATP6AP2>FXR1,+",1
"NDUFC2>FXR1,+",1
"SDCCAG8>FXR1,+",1
"NDUFC2>HNRNPA1,+",1
"MPRIP>GSPT1,+",1
"MPRIP>TMEM259,-",1
"MRPL32>CHORDC1,-",1
"TMEM259>GSPT1,+",1
"SLC25A11>CHORDC1,+",1
"ZFC3H1>CWF19L2,+",1
"HDAC7>CWF19L2,-",1
"HNRNPA1>CWF19L2,-",1
"SYNJ2BP>CWF19L2,-",1
"WDR13>ATP6AP2,-",1
"THOC2>ATP6AP2,+",1
"CHORDC1>SLC25A11,+",1
"E2F4>WDR13,+",1
"SYNJ2BP>WDR13,+",1
"HDAC7>SYNJ2BP,+",1
"ATP6AP2>SYNJ2BP,-",1
"ATP6AP2>MPRIP,+",1
"WDR13>MAZ,+",1
"SKAP2>SMAD2,+",1
"TMEM259>TMEM50B,+",1
"NDUFC2>TMEM50B,+",1
"PHF14>TMEM50B,+",1
"HDAC7>SEC63,+",1
"PHF14>SEC63,+",1
"PHF14>ATP5MF,+",1
"THOC2>ATP5MF,+",1
"SETD5>NECAP2,+",1
"CEP290>NECAP2,-",1
"FXR1>GSPT1,+",1
"SETD5>TSPAN7,+",1
"CCDC90B>NEAT1,+",1
"M6PR>NAPRT,+",1
"SRI>MAZ,-",1
"TNFRSF1A>FBXO7,-",1
"NRN1>FBXO7,+",1
"CAMSAP2>M6PR,+",1
"CCDC50>PPP2R5A,-",1
"FBXO7>CNP,+",1
"KIF1B>PCYOX1,+",1
"EBF1>PCYOX1,+",1
"ARCN1>EGFL7,+",1
"SRI>EGFL7,+",1
"ZMYM4>SKAP2,+",1
"NME1>SRI,+",1
"ARCN1>SRI,+",1
"HOXD8>PLSCR1,-",1
"CCDC90B>PLSCR1,+",1
"M6PR>NME1,+",1
"NRN1>NME1,+",1
"KIF1B>FSCN1,-",1
"A4GALT>FSCN1,+",1
"SRI>FSCN1,+",1
"M6PR>CCDC50,-",1
"ZNF148>CCDC50,+",1
"HOXD8>NEAT1,+",1
"PCYOX1>EBF1,+",1
"CAMSAP2>NAPRT,+",1
"THOC2>CCT7,+",1
"PCYOX1>SERP1,+",1
"SYNJ2BP>CCT7,+",1
"SETD5>EDN1,+",1
"THOC2>EDN1,-",1
"NME1>APPBP2,+",1
"ATP6AP2>APPBP2,+",1
"SDCCAG8>HDAC7,+",1
"PHF14>CLIC4,-",1
"NME1>PTMS,+",1
"CHORDC1>PTMS,-",1
"NDUFC2>CDC123,+",1
"FXR1>PLOD3,+",1
"NME1>PLOD3,+",1
"THAP12>MRPL32,+",1
"TMEM259>MRPL32,+",1
"RB1CC1>APC,+",1
"NME1>APC,+",1
"EIF3D>APC,+",1
"RB1CC1>CAMSAP2,+",1
"CCDC90B>CAMSAP2,+",1
"SRI>HOXD8,+",1
"M6PR>HOXD8,+",1
"EIF3D>HOXD8,-",1
"RB1CC1>UBR5,+",1
"POLR2I>ATP5MF,+",1
"MAZ>AP1S2,+",1
"ABCG2>DOCK4,+",1
"PSMD1>NSD1,+",1
"NDUFS7>AR,+",1
"PTMS>AR,+",1
"ENTPD1>AR,+",1
"APPBP2>TNIP2,+",1
"IGFBP4>TNIP2,+",1
"IGFBP4>MECOM,-",1
"ENPP2>MECOM,+",1
"BAZ2A>RYK,+",1
"TRAPPC3>RYK,+",1
"ENPP2>RYK,+",1
"CLU>IL1R1,+",1
"MRPL32>NSD1,+",1
"CFL1>ALG13,+",1
"PSMD12>PNKD,+",1
"NSD1>PNKD,+",1
"RYK>PNKD,-",1
"AR>PNKD,+",1
"ATXN7L3B>EPS15,+",1
"TMEM259>EPS15,+",1
"RYK>ALDH9A1,-",1
"EIF3D>ALDH9A1,+",1
"CD74>ALDH9A1,+",1
"PNKD>PSMD12,+",1
"ATXN7L3B>PSMD12,+",1
"AP2B1>MRPL32,-",1
"NDUFS7>MRPS26,+",1
"PSMD12>HAX1,+",1
"SMIM19>PPP2R1A,-",1
"HIPK3>DUSP5,+",1
"RAB5A>DUSP5,+",1
"DOCK9>NDUFS7,+",1
"PPP2R1A>PTMS,+",1
"BANF1>PTMS,+",1
"DOCK9>UBL5,+",1
"PNRC2>UBL5,+",1
"ITM2A>UBL5,+",1
"BANF1>UBL5,+",1
"PTMS>CCT2,+",1
"C8orf59>RAB5A,+",1
"CLTA>PPP2R1A,+",1
"JUN>MRPS26,+",1
"PTMS>COX6B1,+",1
"MRPL32>PLK2,+",1
"SETD5>TBCB,+",1
"DOCK9>GSPT1,+",1
"MAZ>SNTB2,+",1
"GSPT1>SNTB2,+",1
"AP2B1>SNTB2,+",1
"CDC42EP5>SNTB2,+",1
"RAI14>MRPS26,-",1
"CDC42EP5>MRPS26,+",1
"RAB5A>MRPS26,+",1
"CEP170>PPIL4,+",1
"PRDX6>PPIL4,+",1
"IL1R1>PPIL4,+",1
"CXorf36>CEP170,-",1
"ALDH9A1>ARCN1,-",1
"CEP170>EPHX1,-",1
"EIF3D>EPHX1,+",1
"APPBP2>ADIRF,+",1
"CLU>ADIRF,+",1
"PSMD1>BAZ2A,-",1
"ATXN7L3B>BAZ2A,+",1
"ALDH9A1>BAZ2A,+",1
"TMEM259>CXorf36,+",1
"NUCB1>TRAPPC3,+",1
"TRAPPC3>CEP170,-",1
"PSMD1>CEP170,+",1
"TRAPPC3>PPIL4,-",1
"RYK>PSMD1,+",1
"NSD1>PSMD1,+",1
"PSMD12>IGFBP4,+",1
"NET1>IGFBP4,+",1
"PKN2>CST3,-",1
"ATXN7L3B>KLF4,+",1
"CLU>PTMS,+",1
"CDKN1A>MRPL32,+",1
"CEP170>MRPL32,-",1
"PSMD12>MRPL32,+",1
"NUCB1>HAX1,-",1
"IL1R1>CLU,+",1
"APPBP2>ALG13,+",1
"ATXN7L3B>ALG13,+",1
"JAM2>ENPP2,-",1
"PSMD1>FOS,-",1
"PNKD>FOS,+",1
"CLU>FOS,+",1
"ARCN1>ITM2A,-",1
"IL1R1>ITM2A,+",1
"BAZ2A>CLEC14A,-",1
"PNKD>CLEC14A,-",1
"RYK>CLEC14A,+",1
"KLF4>CLEC14A,+",1
"NUCB1>PRDX6,+",1
"CLU>PRDX6,+",1
"NUCB1>SP110,+",1
"CD74>SP110,-",1
"PNKD>SP110,+",1
"NSD1>SP110,-",1
"PSMD12>SP110,+",1
"APPBP2>SP110,+",1
"IGFBP4>CDKN1A,+",1
"MRPL32>CDKN1A,+",1
"PSMD1>CD74,-",1
"IGFBP4>CD74,+",1
"TRAPPC3>ENPP2,-",1
"RYK>ENPP2,+",1
"CFL1>DUSP5,+",1
"UBL5>DOCK9,+",1
"BANF1>DOCK9,+",1
"FOS>MLF2,+",1
"BEX4>M6PR,+",1
"RPL26>RPL12,+",1
"HINT2>CARD8,-",1
"HCFC1R1>CARD8,+",1
"FOSL2>CARD8,+",1
"RPL26>TMA7,+",1
"OLFM1>HIPK3,+",1
"PRSS23>HIPK3,-",1
"HCFC1R1>SDCCAG8,+",1
"FOSL2>EIF2S1,+",1
"RAB10>MLF2,-",1
"PTGES3>PRSS23,+",1
"NAP1L4>NEAT1,+",1
"DEK>PTMS,+",1
"RAB5A>PTMS,+",1
"PTGES3>PTMS,+",1
"NUCB1>PTMS,+",1
"PTGES3>RAB10,+",1
"CALM3>RAB10,+",1
"HCFC1R1>HINT2,-",1
"FOS>HINT2,+",1
"RAB10>SELE,+",1
"ZMIZ1>SELE,-",1
"RPL12>SELE,+",1
"EIF2S1>MRPL32,-",1
"BEX4>MRPL32,+",1
"RAB10>IGFBP4,-",1
"UBXN1>ZMIZ1,+",1
"ARCN1>NRIP1,+",1
"HLA-DPB1>EDN1,-",1
"MVB12A>EDN1,+",1
"TBC1D9B>HSP90AA1,-",1
"HSPA1A>HSP90AA1,+",1
"SNRPF>AHI1,+",1
"HLA-DPB1>AHI1,-",1
"MMP24OS>AHI1,-",1
"GON4L>AR,+",1
"NME1>AR,-",1
"HCFC1R1>YWHAE,+",1
"RAB10>HIST1H4C,-",1
"RPL12>RPL26,+",1
"RAB5A>NAP1L4,+",1
"HCFC1R1>NUCB1,+",1
"RAB10>ATN1,-",1
"FOS>GTF2A2,+",1
"NUCB1>PPP2R1A,+",1
"THAP12>FOSL2,+",1
"NUCB1>FOSL2,+",1
"BEX4>CYBA,+",1
"HINT2>CYBA,-",1
"HINT2>ZMIZ1,+",1
"UBXN1>SELE,+",1
"FOSL2>NEAT1,+",1
"CDC42EP5>EIF2S1,+",1
"CFL1>HNRNPDL,+",1
"CDC42EP5>ITM2A,+",1
"S100A11>ITM2A,+",1
"BANF1>MAZ,+",1
"RAI14>NIFK,+",1
"EIF2S1>NIFK,+",1
"UBL5>JUN,+",1
"PPDPF>CFL1,+",1
"CLIC4>DYNLRB1,+",1
"CFL1>DYNLRB1,+",1
"NDUFC2>TM4SF1,+",1
"CFL1>TM4SF1,+",1
"PNRC2>IST1,+",1
"NEAT1>ACBD3,+",1
"JUN>AP2B1,+",1
"ITM2A>HIPK3,+",1
"DUSP5>HIPK3,+",1
"DUSP5>BHLHE40,+",1
"DOCK9>BHLHE40,+",1
"JUN>BHLHE40,+",1
"PPDPF>SMIM19,+",1
"CLIC4>BANF1,+",1
"UBL5>BANF1,+",1
"HIPK3>RAI14,+",1
"CFL1>PPDPF,+",1
"ITM2A>TIMMDC1,+",1
"DOCK9>CLIC4,+",1
"IST1>PNRC2,+",1
"CLTA>PNRC2,+",1
"BHLHE40>FOS,+",1
"NEAT1>BHLHE40,+",1
"FOSL2>BHLHE40,+",1
"UBXN1>BHLHE40,+",1
"HINT2>SPCS3,+",1
"ACBD3>SPCS3,+",1
"EIF2S1>SPCS3,+",1
"PPP2R1A>OLFM1,-",1
"PRSS23>OLFM1,-",1
"NFE2L1>RAB5A,+",1
"RAB5A>C8orf59,+",1
"SELE>C8orf59,+",1
"GTF2A2>JAM2,+",1
"RPL12>JAM2,+",1
"FOSL2>JAM2,+",1
"UBXN1>JAM2,+",1
"RAB5A>KLF4,+",1
"HCFC1R1>KLF4,+",1
"SELE>KLF4,+",1
"FOS>JUNB,+",1
"FOS>KLF2,+",1
"RAB5A>JUN,+",1
"CLTA>ENTPD1,+",1
"PNKD>HAX1,-",1
"IL1R1>SELE,+",1
"TINAGL1>NRIP1,-",1
"MMP24OS>TCP1,+",1
"BTN3A3>HNRNPUL1,+",1
"RRAGA>FAM89B,+",1
"BTN3A3>FAM89B,-",1
"PBX1>FAM89B,+",1
"MMP24OS>FAM89B,-",1
"SWI5>FAM89B,-",1
"SETD5>BLMH,+",1
"PHC3>BLMH,+",1
"PHC3>AR,-",1
"SELE>TCP1,-",1
"PTGES3>TCP1,+",1
"HSP90AA1>KCNQ1OT1,+",1
"FBXW5>COTL1,+",1
"PTMS>PTGES3,+",1
"ROCK2>SDCCAG8,+",1
"NUCB1>SDCCAG8,+",1
"PTMS>NEAT1,+",1
"MPRIP>MPDZ,+",1
"ALG13>MPDZ,+",1
"CD74>MPDZ,+",1
"ITM2A>BAZ2B,+",1
"N4BP2L2>BAZ2B,+",1
"MPRIP>BAZ2B,+",1
"FAM160B1>ROCK2,+",1
"KDM6B>HNRNPUL1,-",1
"CCT2>COTL1,+",1
"TMEM259>SELE,+",1
"MRPL19>KDM6B,+",1
"MMP24OS>HIPK3,+",1
"OLFM1>PBX1,+",1
"CCT2>FBXW5,-",1
"ALG13>FBXW5,+",1
"ATXN7L3B>FBXW5,-",1
"FBXW5>OGT,+",1
"BTN3A3>SAP18,-",1
"OGT>IL13RA1,+",1
"NFATC3>MTSS1,-",1
"PBX1>OLFM1,+",1
"BLMH>PKP4,+",1
"CHORDC1>KDM6B,+",1
"OGT>COTL1,+",1
"ATXN7L3B>MRPL57,-",1
"SWI5>MRPL57,+",1
"CCT2>NFATC3,-",1
"FBXW5>NFATC3,+",1
"RBP5>NFATC3,+",1
"PHC3>NET1,-",1
"MTSS1>SELE,+",1
"PHC3>SELE,-",1
"SWI5>JTB,-",1
"SETD5>JTB,-",1
"MRPL19>COTL1,-",1
"TCP1>ROCK2,+",1
"ROCK2>ALDH9A1,+",1
"CBX5>ALDH9A1,+",1
"ROCK2>PPP1R2,+",1
"JAM2>FAM160B1,+",1
"NUCB1>PUM1,-",1
"PTMS>ITM2A,+",1
"TCP1>THRAP3,+",1
"TCP1>HSP90AA1,+",1
"NEAT1>HSP90AA1,+",1
"LPAR6>C9orf78,+",1
"KCNQ1OT1>C9orf78,-",1
"PUM1>RAD21,+",1
"SDCCAG8>SELE,+",1
"COMMD3>SOX17,+",1
"AR>PPP1R2,-",1
"MPRIP>ALG13,+",1
"PUM1>NDUFC2,+",1
"TCP1>NDUFC2,+",1
"PTMS>NDUFC2,+",1
"ROCK2>ATP6AP2,+",1
"ITM2A>ATP6AP2,+",1
"PTGES3>JAM2,+",1
"TCP1>ENSA,+",1
"ROCK2>NBR1,+",1
"CD74>NBR1,+",1
"PUM1>NBR1,+",1
"AR>NBR1,+",1
"ITM2A>PTMS,+",1
"AR>N4BP2L2,-",1
"N4BP2L2>MMP24OS,-",1
"ROCK2>MMP24OS,+",1
"HNRNPA3>ALG13,+",1
"BAZ2B>HNRNPA3,+",1
"ROCK2>CD74,+",1
"NUCB1>CD74,+",1
"BAZ2B>MRPL32,+",1
"FNBP1>MPRIP,+",1
"PDLIM5>MPRIP,-",1
"N4BP2L2>NAP1L4,-",1
"ITM2A>NAP1L4,+",1
"FAM160B1>NAP1L4,+",1
"PUM1>NAP1L4,+",1
"HSP90AA1>NAP1L4,+",1
"PUM1>NUCB1,-",1
"CD74>NUCB1,+",1
"MPRIP>LPAR6,+",1
"NEAT1>LPAR6,+",1
"PTGES3>HSPH1,+",1
"SELE>HSPH1,+",1
"PUM1>HSPH1,+",1
"BAZ2B>HSPH1,+",1
"CD74>HSPH1,+",1
"HSP90AA1>HSPH1,+",1
"NEAT1>HSPH1,+",1
"RTL8A>HIPK3,-",1
"RRAGA>ATXN7L3B,+",1
"FBXW5>ATXN7L3B,-",1
"MDK>COTL1,-",1
"SPCS3>UBE2K,+",1
"CDC42SE1>UBE2K,+",1
"PHKB>IL13RA1,+",1
"CDC42SE1>APOL6,-",1
"SPCS3>APOL6,+",1
"NLRP1>APOL6,+",1
"PHKB>CCT7,+",1
"MAGED2>CCT7,+",1
"CDC42SE1>IFI16,-",1
"PSMC4>IFI16,+",1
"NME1>COTL1,+",1
"C9orf78>GNAQ,+",1
"CCT7>MAGED2,+",1
"NLRP1>C9orf78,+",1
"ARFRP1>ABCG2,-",1
"CXorf36>ABCG2,+",1
"UBE2K>SPCS3,+",1
"CDC42SE1>NLRP1,+",1
"LAGE3>NLRP1,+",1
"CD74>NLRP1,+",1
"GNAQ>NME1,-",1
"PSMC4>NME1,+",1
"R3HDM2>MAGED2,+",1
"SPCS3>MAGED2,+",1
"PLSCR1>UBE2K,-",1
"GNAQ>R3HDM2,+",1
"CCT7>R3HDM2,+",1
"UBE2K>R3HDM2,+",1
"JAM2>FXR1,+",1
"BAZ2A>NET1,+",1
"KLF4>PKN2,+",1
"APPBP2>AR,+",1
"CDC42SE1>SF3A3,-",1
"ZFC3H1>SF3A3,-",1
"ARFRP1>PLRG1,+",1
"SPCS3>SELENOK,-",1
"FNBP1>LPAR6,+",1
"PSMC4>LPAR6,+",1
"FNBP1>SF3A2,+",1
"EPC1>SF3A2,-",1
"PSMC4>POGZ,+",1
"C9orf78>PSMC4,+",1
"NLRP1>CDC42SE1,+",1
"CXorf36>CDC42SE1,-",1
"NME1>CXorf36,+",1
"SPCS3>ZFC3H1,+",1
"SPCS3>MDK,+",1
"EPC1>MDK,+",1
"CCT7>PHKB,+",1
"NME1>DUSP5,-",1
"SELENOK>DUSP5,-",1
"NME1>MAGED2,+",1
"EPC1>MAGED2,-",1
"PBX1>ATXN7L3B,-",1
"RTL8A>RRAGA,+",1
"PHC3>SEPT11,+",1
"MRPL19>AP1S2,+",1
"ATXN7L3B>AP1S2,+",1
"CHORDC1>AP1S2,-",1
"SWI5>AP1S2,-",1
"FBXW5>IGFBP4,+",1
"NUCB1>COPS8,+",1
"PHC3>COPS8,+",1
"ZNF22>RPAIN,+",1
"SAP18>RPAIN,+",1
"MMP24OS>RPAIN,-",1
"ATXN7L3B>RRAGA,+",1
"NLRP1>TSHZ2,+",1
"BLMH>ALG13,+",1
"CCT2>ALG13,+",1
"FBXW5>ALG13,+",1
"MRPL19>DEK,+",1
"BLMH>DEK,+",1
"KDM6B>CHORDC1,+",1
"MMP24OS>FAAP20,-",1
"SWI5>FAAP20,+",1
"BLMH>RBP5,+",1
"BTN3A3>CFI,-",1
"PHC3>ROCK2,+",1
"DDX6>VPS13A,+",1
"FBXW5>NUCB1,+",1
"ATXN7L3B>CD74,-",1
"IGFBP4>SETD5,-",1
"MDK>EPC1,+",1
"UBE2K>EPC1,+",1
"GNAQ>LAGE3,+",1
"CXorf36>MRPL32,+",1
"SELENOF>MRPL32,+",1
"PHKB>NET1,+",1
"NME1>FNBP1,-",1
"MRPL32>AR,+",1
"HNRNPUL1>BAZ2B,+",1
"BTN3A3>BAZ2B,-",1
"PHC3>BAZ2B,+",1
"FBXW5>PHC3,-",1
"MRPL19>RTL8A,-",1
"BTN3A3>RTL8A,-",1
"RRAGA>RTL8A,+",1
"FBXW5>RTL8A,+",1
"CCT2>RTL8A,+",1
"CHORDC1>DERL1,-",1
"RTL8A>SWI5,+",1
"OGT>MRPL19,+",1
"KDM6B>MRPL19,+",1
"VPS13A>MRPL19,+",1
"MTSS1>MRPL19,+",1
"DNM1L>NRIP1,-",1
"NUCB1>TPRKB,+",1
"MAZ>POLR2I,-",1
"RFK>ICE1,-",1
"MAZ>ARF5,+",1
"HLA-DRB5>HLA-DRB1,+",1
"PARP9>RHOJ,-",1
"MAZ>RHOJ,-",1
"HLA-DRB5>RHOJ,+",1
"CXorf36>TSHZ2,+",1
"PARP9>RNF145,+",1
"RFK>RNF145,+",1
"HIPK3>BFAR,-",1
"ARCN1>KLF4,-",1
"MFNG>KLF4,+",1
"A4GALT>R3HDM2,-",1
"RNASE1>H1FX,+",1
"RFK>R3HDM2,+",1
"FZD4>R3HDM2,+",1
"MFNG>JUN,+",1
"HLA-DRA>RNASE1,-",1
"RFK>RNASE1,+",1
"MFNG>RNASE1,-",1
"SNX6>FZD4,+",1
"JUN>FZD4,+",1
"A4GALT>FZD4,+",1
"INHBB>FZD4,+",1
"MPRIP>FZD4,+",1
"ALG13>H1FX,+",1
"HLA-DRB1>HLA-DRA,+",1
"TMEM14C>SMIM19,+",1
"RFK>MIR99AHG,-",1
"CXorf36>ATP6AP2,+",1
"UBE2K>PNPLA2,+",1
"HLA-DRA>HLA-DRB5,+",1
"HLA-DRB1>HLA-DRB5,+",1
"SRPK2>MFNG,+",1
"JUN>MFNG,+",1
"PARP9>RPAIN,-",1
"MFNG>RPAIN,+",1
"CXorf36>PARP9,+",1
"MFNG>PARP9,-",1
"JUN>PARP9,+",1
"ARCN1>MIR99AHG,-",1
"HLA-DRB5>HLA-DRA,+",1
"ALG13>RFK,-",1
"BFAR>EDN1,-",1
"RNASE1>TMEM259,-",1
"SRPK2>TMEM259,-",1
"PARP9>ID2,-",1
"ARCN1>ZBTB38,-",1
"MPRIP>ZBTB38,+",1
"ARCN1>JAM2,-",1
"MAZ>MGLL,+",1
"TSHZ2>MGLL,-",1
"SRPK2>MGLL,-",1
"FZD4>MPRIP,+",1
"FZD4>HDAC7,+",1
"FZD4>INHBB,+",1
"ATP5F1C>SELE,+",1
"SMIM19>ATP6V1F,+",1
"AUP1>ATP6V1F,+",1
"PNP>TUBB4B,+",1
"SPCS3>TUBB4B,-",1
"FAM171A1>SETD5,+",1
"SPCS3>SETD5,+",1
"TMEM14C>FAM110D,+",1
"PNP>PSMD11,+",1
"AUP1>UPF3A,+",1
"CEP170>SELE,-",1
"SPCS3>SELE,+",1
"AUP1>SAV1,+",1
"HLA-DRB5>INHBB,+",1
"NEDD8>SAV1,+",1
"CEP170>CD79B,+",1
"PRDX4>DNM1L,-",1
"TUBB4B>C14orf119,+",1
"PNP>C14orf119,+",1
"POLR2L>C14orf119,+",1
"AR>ATP5F1C,-",1
"MYO5C>ERAP2,+",1
"NEDD8>ERAP2,+",1
"PSMD11>ERAP2,+",1
"TMEM14C>ERAP2,+",1
"NEDD8>ATP6V1F,+",1
"ATP6V1F>AUP1,+",1
"ATP5F1C>AUP1,+",1
"SAV1>NEDD8,+",1
"PNPLA2>ADAR,-",1
"HLA-DRB5>CEMIP2,+",1
"AR>CEMIP2,-",1
"MIR99AHG>PDK4,+",1
"FZD4>PDK4,+",1
"MFNG>METTL9,+",1
"BFAR>RSRC1,+",1
"SNX6>RSRC1,-",1
"MPRIP>ARCN1,+",1
"MIR99AHG>A4GALT,-",1
"ARCN1>A4GALT,-",1
"FZD4>A4GALT,+",1
"MAZ>CCDC50,+",1
"ZBTB38>CCDC50,+",1
"FZD4>CCDC50,+",1
"RFK>UBE2K,+",1
"PNPLA2>UBE2K,+",1
"JUN>AR,+",1
"PRDX4>MEIS2,-",1
"PNP>SPCS3,+",1
"SAV1>SPCS3,-",1
"TMEM14C>SPCS3,+",1
"LHFPL6>NEDD8,+",1
"SDCCAG8>ZBTB38,+",1
"PPP1R13B>ZBTB38,+",1
"LRRC8C>BHLHE40,+",1
"GALNT1>RAI14,+",1
"IRF2BP2>ALG13,+",1
"JAM2>MYOF,+",1
"GALNT1>NLRP1,+",1
"CCDC68>NLRP1,+",1
"SNX6>C8orf59,+",1
"C1QBP>USP16,+",1
"YPEL2>USP16,+",1
"CCDC68>SPCS3,+",1
"MMP24OS>EPS15,+",1
"GALNT1>COX7C,+",1
"C8orf59>COX7C,+",1
"C1QBP>RAI14,+",1
"SDHC>ENY2,+",1
"C1QBP>DNM1L,+",1
"MAZ>DNM1L,+",1
"C8orf59>ANXA2,+",1
"RAI14>CDC42EP5,+",1
"MGST2>CDC42EP5,+",1
"EPS15>PITPNC1,+",1
"C9orf78>NUCB1,+",1
"SNX6>NUCB1,+",1
"MAZ>MMP24OS,+",1
"USP16>MMP24OS,+",1
"MGST2>MMP24OS,+",1
"MGST2>ALG13,+",1
"AHNAK>GPATCH8,+",1
"MMP24OS>MAZ,+",1
"USP16>MAZ,+",1
"GPATCH8>POLR2I,+",1
"USP16>OST4,+",1
"RAI14>CLU,+",1
"AHNAK>CLU,+",1
"CCDC68>CLU,+",1
"ALG13>CLU,-",1
"HSPA5>C1QBP,+",1
"AHNAK>PSMD11,+",1
"PITPNC1>PSMD11,-",1
"MMP24OS>PSMD11,+",1
"GPATCH8>ERAP2,+",1
"IRF2BP2>ERAP2,+",1
"NLRP1>GALNT1,+",1
"C1QBP>GALNT1,+",1
"IRF2BP2>HSPA5,+",1
"ABHD17A>NUCKS1,+",1
"GALNT1>ABCG2,+",1
"C9orf78>ABCG2,+",1
"AHNAK>ATP6AP2,+",1
"RAI14>CALM2,+",1
"MGST2>CALM2,+",1
"C1QBP>TXNIP,+",1
"ABCG2>TXNIP,+",1
"RAI14>AR,+",1
"SDCCAG8>GON4L,+",1
"PXN>ATP6AP2,+",1
"LPAR6>SCARF1,+",1
"PTMS>ISCA1,+",1
"GLUD1>ISCA1,-",1
"SDHC>HSP90AA1,+",1
"AR>CLDN5,+",1
"PPP1R13B>FGD5-AS1,+",1
"NFATC3>PDCD7,+",1
"LPAR6>PDCD7,+",1
"SCARF1>PPP1R13B,+",1
"LRRC8C>PPP1R13B,+",1
"ISCA1>ALG13,+",1
"NFATC3>SCARF1,+",1
"EPHX1>SCARF1,+",1
"GLUD1>CCT7,+",1
"CCT7>LRRC8C,+",1
"LPAR6>LRRC8C,+",1
"PTMS>PXN,+",1
"SDHC>PXN,+",1
"TSC22D1>RAB2A,+",1
"PLRG1>EPHX1,-",1
"LRRC8C>EPHX1,+",1
"AR>EPHX1,+",1
"HSP90AA1>EPHX1,-",1
"TSC22D1>EPHX1,+",1
"PLRG1>ATP6AP2,+",1
"GON4L>PLRG1,+",1
"TSC22D1>PLRG1,+",1
"JUNB>PLRG1,-",1
"PTMS>PLRG1,+",1
"PPP1R13B>NFE2L1,+",1
"CWC25>NFE2L1,-",1
"PXN>NFE2L1,+",1
"SDCCAG8>KANSL1,+",1
"SCARF1>KANSL1,-",1
"PLRG1>KANSL1,+",1
"USHBP1>SMC4,+",1
"ATP5MC2>SDHC,+",1
"ANKRD40>NIPSNAP2,-",1
"JUNB>NIPSNAP2,+",1
"CCT7>GLUD1,+",1
"NFATC3>SHISA5,+",1
"PXN>SHISA5,-",1
"JUNB>SHISA5,+",1
"SCARF1>SDCCAG8,+",1
"SDHC>U2SURP,+",1
"LRRC8C>LPAR6,+",1
"PLRG1>LPAR6,+",1
"CCT7>LPAR6,+",1
"PXN>LPAR6,+",1
"SDCCAG8>NUCB1,+",1
"PTMS>NUCB1,+",1
"SDHC>PLRG1,+",1
"ATP5F1C>SMIM19,+",1
"ITGB4>PCGF2,+",1
"PDCD7>CSDE1,+",1
"NEMF>RUNDC3B,+",1
"H1FX>SELE,+",1
"CIR1>SELE,+",1
"LEPR>ALG13,+",1
"ATG3>MMP24OS,+",1
"SPCS3>PDCD7,+",1
"LTA4H>H1FX,-",1
"AR>H1FX,+",1
"SPCS3>BHLHE40,+",1
"FAM241A>NAP1L4,+",1
"ZFC3H1>NAP1L4,+",1
"PTPRG>NAP1L4,+",1
"ZBTB38>CXorf36,+",1
"ZBTB38>GLUD1,+",1
"MIEN1>CXorf36,-",1
"LTA4H>AR,+",1
"SNRPF>TMEM14B,+",1
"NUCB1>TMEM14B,+",1
"TBC1D9B>TMEM14B,+",1
"SMURF2>HLA-DPB1,+",1
"NET1>SPCS3,+",1
"SDCCAG8>SPCS3,-",1
"TBC1D9B>SPCS3,-",1
"MGLL>SPCS3,-",1
"CCDC50>SMURF2,+",1
"SPCS3>GLUD1,+",1
"EMCN>TXNIP,+",1
"SMIM19>PCGF2,+",1
"CIB1>SLC25A11,+",1
"SLC25A11>ITFG1,+",1
"MIEN1>ITFG1,+",1
"ZBTB38>PTPRM,+",1
"CIR1>LEPR,+",1
"ITFG1>ELMO1,+",1
"CIR1>ELMO1,+",1
"ELMO1>PXN,+",1
"SELE>CIR1,+",1
"LIX1L>SLC25A11,+",1
"MIEN1>SLC25A11,+",1
"ZFC3H1>SLC25A11,+",1
"CLTA>MRPL32,+",1
"LEPR>TXNIP,+",1
"EML4>MRPL32,+",1
"ATG3>MRPL32,+",1
"PTMS>CLTA,+",1
"TXNIP>FGD5-AS1,+",1
"LEPR>FGD5-AS1,+",1
"ZBTB38>FGD5-AS1,+",1
"MIEN1>FGD5-AS1,+",1
"SPCS3>CIB1,+",1
"PTPRG>CIB1,+",1
"H1FX>CYSTM1,+",1
"LIX1L>NEMF,+",1
"HLA-DPB1>SMURF2,+",1
"HEBP1>PCBP2,+",1
"CCDC50>PCBP2,+",1
"TBC1D9B>GON4L,-",1
"THBS1>CCT5,-",1
"CCDC50>EBF1,+",1
"MMP24OS>EBF1,-",1
"CCDC50>TINAGL1,+",1
"CCT7>CEMIP2,-",1
"HLA-DPB1>CEMIP2,-",1
"SPCS3>SYT15,+",1
"BAZ2B>SYT15,+",1
"NET1>MGLL,-",1
"TAGLN2>MGLL,-",1
"NUCKS1>GON4L,+",1
"SNRPF>TBC1D9B,-",1
"SNRPF>MVB12A,-",1
"POLR2B>TBC1D9B,+",1
"SDCCAG8>TBC1D9B,-",1
"NME1>TBC1D9B,+",1
"TMEM14B>TBC1D9B,+",1
"TINAGL1>SQSTM1,+",1
"AR>CCT7,+",1
"THBS1>CCT7,-",1
"TMSB4X>CCT7,+",1
"SDCCAG8>TAGLN2,+",1
"CEMIP2>HNRNPU,+",1
"BAZ2B>NUCB1,+",1
"CCDC50>CCT5,-",1
"SPCS3>CCT5,+",1
"ARCN1>THBS1,+",1
"SDCCAG8>THBS1,-",1
"SDCCAG8>NUCKS1,+",1
"MMP24OS>NUCKS1,+",1
"CCT7>NUCKS1,+",1
"HSPA1A>WDR45B,+",1
"CCDC50>WDR45B,+",1
"SDCCAG8>NET1,+",1
"TBC1D9B>NET1,+",1
"BAZ2B>SDCCAG8,+",1
"HLA-DPB1>SDCCAG8,+",1
"SDCCAG8>DNM1L,-",1
"SDCCAG8>ARCN1,+",1
"TMEM14B>ARCN1,-",1
"THBS1>ARCN1,+",1
"AHI1>SNRPF,+",1
"CCDC50>SNRPF,+",1
"ARCN1>HSPA1A,-",1
"PDCD7>HEBP1,+",1
"PDCD7>HNRNPA1,+",1
"NUCB1>NME1,+",1
"CCDC50>NME1,+",1
"AR>NME1,-",1
"TBC1D9B>NME1,+",1
"TAGLN2>KLF2,+",1
"EMCN>APP,+",1
"NEMF>IL3RA,+",1
"CIB1>LTA4H,+",1
"ATXN7L3B>ANKRD17,+",1
"TFPI>C1orf122,+",1
"GLG1>GPATCH8,-",1
"PRDX6>TXNDC12,+",1
"MAZ>TXNDC12,-",1
"GPATCH8>TXNDC12,+",1
"GLG1>ATXN7L3B,+",1
"DNM1L>TNRC6B,+",1
"GPATCH8>TNRC6B,+",1
"COPZ1>SNRPE,+",1
"THAP12>SNRPE,+",1
"SNRPE>ANKRD17,+",1
"GPATCH8>ANKRD17,+",1
"DNM1L>EGLN1,+",1
"GPATCH8>G3BP1,+",1
"PHACTR2>G3BP1,+",1
"NDUFC2>G3BP1,-",1
"FNBP1>THAP12,+",1
"NUCB1>ATP6AP2,+",1
"EGLN1>EMCN,+",1
"THAP12>PRDX6,-",1
"PHACTR2>CXorf36,+",1
"CLU>CREBRF,+",1
"MLF2>NDUFC2,+",1
"ATXN7L3B>BAG5,-",1
"MLF2>PHACTR2,+",1
"FNBP1>MAZ,+",1
"TFPI>MAZ,+",1
"FAM110D>EDN1,-",1
"ATP5F1C>ITGB4,+",1
"ITGB4>MIR4435-2HG,-",1
"PNP>MIR4435-2HG,+",1
"ITGB4>MRPL19,-",1
"SAV1>RELA,+",1
"CMPK1>FAM171A1,-",1
"ATP6V1F>POLR2L,+",1
"C14orf119>POLR2L,+",1
"SMIM19>MARCH7,+",1
"PRDX4>MZT2B,+",1
"TMEM14C>MZT2B,+",1
"SPCS3>MZT2B,-",1
"PNP>MZT2B,+",1
"TMEM14C>MYO5C,+",1
"FAM171A1>HNRNPM,-",1
"POLR2L>PUM1,-",1
"ITGB4>PUM1,+",1
"PLIN2>PUM1,+",1
"MARCH7>PPIG,+",1
"SAV1>ANAPC16,+",1
"SMIM19>ANAPC16,+",1
"PNP>ANAPC16,+",1
"SKP1>MOB2,+",1
"THAP12>EGLN1,+",1
"SNRPE>EGLN1,-",1
"H1FX>LTA4H,-",1
"AR>ZFC3H1,+",1
"PRDX6>PRPF38A,+",1
"THAP12>JAM2,+",1
"NCK1>JAM2,+",1
"FAM171A1>JAM2,+",1
"TXNDC12>COTL1,+",1
"SPCS3>COTL1,+",1
"THAP12>SELE,+",1
"ATG3>BAZ2A,+",1
"MRPL32>EML4,+",1
"CIB1>EML4,-",1
"SLC25A11>ZFC3H1,+",1
"GLUD1>ZFC3H1,-",1
"FAM171A1>EGLN1,+",1
"GLUD1>PSAP,+",1
"ATG3>PSAP,+",1
"FAM241A>PSAP,+",1
"CIB1>PSAP,+",1
"ATG3>SMIM19,-",1
"TXNIP>SMIM19,-",1
"CIB1>ATG3,+",1
"PTPRG>LIX1L,+",1
"CIB1>PTPRG,+",1
"EMCN>PTPRG,+",1
"CIR1>EMCN,+",1
"GPATCH8>PHKB,+",1
"KAT6A>PHKB,-",1
"GLG1>PHKB,+",1
"THAP12>CCT7,+",1
"THAP12>CYSTM1,+",1
"MLF2>CYSTM1,+",1
"SPCS3>SNX13,+",1
"AR>SNX13,-",1
"DNM1L>SNX13,+",1
"GPATCH8>NUCB1,+",1
"NCK1>MYCT1,+",1
"STX12>LTBR,-",1
"THAP12>FNBP1,+",1
"MLF2>FNBP1,+",1
"DNM1L>FNBP1,+",1
"PRPF38A>TFPI,+",1
"DNM1L>KAT6A,+",1
"NDUFC2>MLF2,+",1
"PRDX6>COPZ1,+",1
"GPATCH8>COPZ1,+",1
"NCK1>COPZ1,+",1
"MLF2>ATP2B1,+",1
"THAP12>ATP2B1,+",1
"MYCT1>SPCS3,+",1
"FNBP1>FXR1,+",1
"TNRC6B>APPBP2,+",1
"PRDX6>APPBP2,+",1
"ARMCX3>EDN1,+",1
"HNRNPU>FOSB,+",1
"MRPL32>MYOF,+",1
"DERL1>ABCG2,+",1
"GNAQ>KLF7,+",1
"NLRP1>KLF7,+",1
"KAT6A>ITM2A,+",1
"JAM2>JUNB,+",1
"SOCS3>JUNB,+",1
"TUBB6>RBPJ,-",1
"KAT6A>RBPJ,-",1
"NLRP1>RBPJ,-",1
"NUCB1>RBPJ,-",1
"TBC1D9B>AR,-",1
"ENTPD1>ABCG2,+",1
"MFSD10>ELF1,+",1
"DERL1>H1FX,+",1
"CCDC90B>ELF1,+",1
"DERL1>ENTPD1,+",1
"BHLHE40>MFSD10,+",1
"CUTA>MFSD10,+",1
"TMEM259>MFSD10,-",1
"MRPL2>RFC1,+",1
"COPZ1>CCDC90B,-",1
"PDCD7>UBL5,-",1
"MRPL32>UBL5,+",1
"COPZ1>CRIM1,+",1
"CCT2>H1FX,+",1
"HLA-DRA>KLF7,+",1
"GNAQ>CCDC50,+",1
"KPNA4>CCDC50,+",1
"ZNF22>KPNA4,+",1
"WARS>TRIM38,-",1
"NDUFC2>CDKN1A,+",1
"NLRP1>CDKN1A,+",1
"SOCS3>RPL24,+",1
"RBP5>MAZ,-",1
"TMEM259>MAZ,+",1
"RPL24>NUCB1,+",1
"NUCB1>HOXD8,-",1
"NLRP1>HOXD8,-",1
"RBP5>HOXD8,+",1
"SELE>HOXD8,-",1
"AR>NLRP1,+",1
"TRIM38>NLRP1,+",1
"ZNF22>NLRP1,+",1
"JAM2>TBC1D9B,+",1
"CD74>KAT6A,+",1
"NFATC3>KAT6A,+",1
"SOCS3>SELE,+",1
"KAT6A>NFATC3,+",1
"ZNF22>TTC14,+",1
"NLRP1>TTC14,-",1
"TBC1D9B>NDUFC2,+",1
"TRIM38>KPNA4,+",1
"ERAP2>H1FX,-",1
"MRPL32>TNRC6B,+",1
"AR>CCDC12,-",1
"CXorf36>DERL1,+",1
"ENTPD1>ABCB1,+",1
"RTF2>ABCB1,+",1
"MRPL32>RAI14,+",1
"TNRC6B>RAI14,+",1
"ELF1>PSMD12,+",1
"NF1>CUTA,+",1
"ABCB1>CUTA,+",1
"CCT2>CUTA,+",1
"MFSD10>NDUFS7,+",1
"MFSD10>TMEM259,-",1
"PNKD>TMEM259,+",1
"NDUFS7>PLK2,+",1
"CCT2>TNRC6B,+",1
"RFC1>PNKD,+",1
"NF1>BCAP29,+",1
"TNRC6B>MRPL32,+",1
"RAI14>MRPL32,+",1
"PSMD12>TRIOBP,+",1
"UBL5>PTPRG,+",1
"MFSD10>PTPRG,-",1
"UBL5>SPCS3,+",1
"ABCB1>SPCS3,+",1
"TMEM259>MRPS26,+",1
"RAI14>CXorf36,+",1
"POLR2K>ABCB1,+",1
"PTPRG>ABCB1,+",1
"PSMD12>CD63,+",1
"UBL5>CD63,+",1
"DERL1>NF1,+",1
"COPZ1>NF1,+",1
"UBL5>HOXB7,+",1
"COPZ1>SLC30A1,+",1
"PSMD12>ZNF326,+",1
"PSMD12>C9orf78,+",1
"NF1>PDCD7,+",1
"MRPL32>MYCT1,+",1
"RAI14>MYCT1,+",1
"UBL5>PPIC,+",1
"NDUFS7>PPIC,+",1
"SLC30A1>BHLHE40,-",1
"ENTPD1>ERAP2,+",1
"MRPS26>ERAP2,+",1
"PNKD>COPZ1,+",1
"RFC1>COPZ1,+",1
"UBL5>DNAJC19,+",1
"PSMD12>RTF2,+",1
"PPIC>RTF2,+",1
"TMEM259>RTF2,+",1
"COPZ1>RTF2,+",1
"CRIM1>MRPL2,+",1
"CXorf36>MRPL2,+",1
"NLRP1>DUSP5,+",1
"SELE>SOCS3,+",1
"LUC7L3>SLC44A1,-",1
"ALG13>PUM1,+",1
"KRR1>HDGFL3,+",1
"FRG1>KRR1,+",1
"PUM1>KRR1,+",1
"NCL>KRR1,+",1
"KRR1>PTGES3,+",1
"C1orf43>PTGES3,+",1
"ALG13>TCP1,+",1
"CXorf36>RFK,-",1
"C1orf43>PNKD,+",1
"THOC2>PNKD,+",1
"MEIS2>PNKD,+",1
"ABCB1>PUM1,+",1
"DNMT1>ARF3,-",1
"MEIS2>BAZ2B,+",1
"MEIS2>CCT7,+",1
"ITGB4>TAOK1,-",1
"PTGES3>TAOK1,+",1
"HNRNPA1>TAOK1,+",1
"NCL>TAOK1,+",1
"THOC2>IRF2BP2,+",1
"ERF>IRF2BP2,+",1
"C1orf43>SNRPC,+",1
"ALG13>SPCS3,+",1
"FRG1>NFE2L1,+",1
"NCL>HDGFL3,-",1
"FRG1>HNRNPA1,-",1
"TAOK1>NCL,+",1
"HDGFL3>NCL,-",1
"S100A11>MPRIP,+",1
"HERC2>BHLHE40,-",1
"SF3A3>BHLHE40,+",1
"NKAP>BHLHE40,-",1
"HERC2>CNBP,-",1
"HNRNPA1>CNBP,+",1
"MPRIP>FNBP1,+",1
"AR>PABPN1,+",1
"NKAP>PABPN1,+",1
"HNRNPUL1>MEIS2,-",1
"AR>MEIS2,+",1
"PTMS>MEIS2,+",1
"FTH1>WBP2,+",1
"FXR1>G3BP1,+",1
"MYCT1>G3BP1,+",1
"NAP1L4>G3BP1,+",1
"CDC27>RHOB,+",1
"AES>RHOB,+",1
"PTMS>TMSB4X,+",1
"HERC2>KCNQ1OT1,+",1
"PEBP1>NAP1L4,+",1
"ALG13>CAMSAP2,-",1
"PON2>CAMSAP2,+",1
"PUM1>ABCB1,+",1
"PEBP1>ARF3,-",1
"RPL24>RPL6,+",1
"JAM2>GNAQ,+",1
"C1orf43>PLK2,+",1
"C1orf43>MRPS26,+",1
"BRD4>MRPS26,+",1
"HINT1>PTMS,+",1
"SOCS3>LSM6,+",1
"GNAQ>TMEM259,+",1
"TBC1D9B>HLA-DRA,-",1
"TBC1D9B>NKAP,+",1
"GNAQ>POLR2B,+",1
"DCHS1>POLR2B,-",1
"PTMS>POLR2B,-",1
"ZNF22>SURF4,+",1
"FRG1>ZC3HAV1,+",1
"LSM6>SURF4,-",1
"CD74>SURF4,+",1
"TBC1D9B>ZNF22,+",1
"WARS>BAZ2A,-",1
"HLA-DRA>RBP5,+",1
"NUCB1>RBP5,-",1
"NFATC3>NOP58,+",1
"RPL24>CCDC68,+",1
"ARCN1>DCHS1,-",1
"TUBB6>DCHS1,-",1
"KAT6A>DCHS1,+",1
"SNRPC>NET1,+",1
"KRR1>NET1,+",1
"RFK>SLC30A1,-",1
"HDGFL3>ARFGAP3,+",1
"HNRNPA1>ZC3HAV1,-",1
"C1orf43>LMBRD1,+",1
"HDGFL3>LMBRD1,+",1
"CAMSAP2>LMBRD1,+",1
"TCP1>C1orf43,+",1
"PTGES3>C1orf43,+",1
"C1orf43>DNMT1,+",1
"PTGES3>DNMT1,+",1
"FRG1>SELE,+",1
"TAOK1>SELE,-",1
"NCL>SELE,+",1
"TAOK1>BRD4,+",1
"PON2>BRD4,-",1
"C1orf43>HINT1,+",1
"PUM1>ERF,+",1
"TAOK1>ERF,+",1
"KRR1>ERF,-",1
"KRR1>SPPL2A,+",1
"SNRPC>ARFGAP3,+",1
"PUM1>ARFGAP3,+",1
"ALG13>ARFGAP3,+",1
"ABCB1>ARFGAP3,-",1
"NCL>ARFGAP3,+",1
"RTF2>AR,+",1
"SP110>APEX1,-",1
"CDC27>MPRIP,+",1
"CAPRIN1>SMARCE1,+",1
"RPS12>SPSB3,+",1
"PSMB4>SF3A3,-",1
"MYOF>NOB1,+",1
"NAP1L4>NOB1,+",1
"NDUFA8>PCBD1,-",1
"HIGD2A>PCBD1,+",1
"CDC42EP4>MRPL32,+",1
"EGLN1>SDCCAG8,+",1
"NDUFA8>SDCCAG8,+",1
"USP8>AR,+",1
"EPHA4>SMARCE1,+",1
"NSUN6>SMIM19,+",1
"RPL38>LSM7,+",1
"EGLN1>ABCG2,+",1
"PTPRG>ABCG2,+",1
"TJP1>ABCG2,+",1
"EPHA4>ZBTB4,+",1
"ABCG2>RAPGEF4,+",1
"MMP24OS>EPHA4,+",1
"PTPRG>EPHA4,+",1
"PTPRG>GMPR2,-",1
"ADAR>GMPR2,+",1
"FXR1>GMPR2,+",1
"EPHA4>LSM7,-",1
"NDUFA8>AP1S2,+",1
"RPS12>PUM3,+",1
"EIF2S1>NAP1L4,+",1
"CDC42EP4>NAP1L4,+",1
"CDC42EP4>EPHA4,-",1
"HIGD2A>EPHA4,+",1
"HIGD2A>CXorf36,-",1
"NAP1L4>CXorf36,+",1
"HIPK3>CXorf36,+",1
"GSPT1>HIPK3,+",1
"CCDC68>HIPK3,+",1
"MIER1>AFAP1L2,+",1
"GLUD1>AFAP1L2,+",1
"PSMB4>EGLN1,-",1
"LPAR6>EGLN1,+",1
"CXorf36>GSPT1,+",1
"PPHLN1>GSPT1,+",1
"PUM3>RPS12,+",1
"EGLN1>RPS12,-",1
"CDC42EP4>RPS12,+",1
"HIGD2A>RPS12,+",1
"PPHLN1>NME1,-",1
"USP8>NME1,-",1
"AC005261.1>NME1,-",1
"NAP1L4>EIF2S1,+",1
"SPSB3>EIF2S1,+",1
"PUM3>NAP1L4,+",1
"FXR1>LSM7,+",1
"SPSB3>CST3,+",1
"GSPT1>TMX1,+",1
"SF3A3>PSMF1,-",1
"CST3>ZNF385D,+",1
"ZNF22>SF3A3,+",1
"ZNF22>ADAR,-",1
"ADAR>NET1,-",1
"EDN1>NET1,+",1
"ADAR>SELE,+",1
"SMIM19>MEIS2,-",1
"PHIP>MEIS2,+",1
"RPL38>MEIS2,+",1
"GMPR2>PSMF1,-",1
"AR>PSMF1,-",1
"ZBTB4>PTPRG,+",1
"GMPR2>GLTP,+",1
"EDN1>SPSB3,-",1
"CTSZ>SPSB3,+",1
"TJP1>PHIP,+",1
"CTSZ>CNIH4,+",1
"NSUN6>CNIH4,+",1
"MEIS2>CNIH4,+",1
"SMIM19>XBP1,+",1
"SELE>XBP1,+",1
"ZBTB4>TJP1,+",1
"CAPRIN1>TJP1,+",1
"ZNF22>TJP1,-",1
"CTSZ>EGLN1,-",1
"ZNF385D>EGLN1,+",1
"ADAR>PLSCR1,+",1
"ABCG2>PLSCR1,+",1
"PTPRG>GLTP,+",1
"PTPRG>MGLL,-",1
"MAGI1>MGLL,+",1
"RPL38>MGLL,+",1
"FXR1>RPS6KA3,+",1
"SF3A3>RPS6KA3,-",1
"SETD2>CAPRIN1,+",1
"RPL38>CAPRIN1,+",1
"SPSB3>EDN1,-",1
"MEIS2>MDK,+",1
"CST3>MDK,+",1
"RPL38>MDK,+",1
"ZNF22>NSUN6,-",1
"PTPRG>SCARB2,+",1
"RPL38>PTMS,+",1
"EGLN1>PTMS,+",1
"PHIP>PTMS,+",1
"SF3A3>FXR1,+",1
"ZBTB4>HNRNPA3,+",1
"CTSZ>HNRNPA3,+",1
"NSUN6>HNRNPA3,+",1
"SELE>HNRNPA3,+",1
"SELE>PLSCR1,+",1
"EPHX1>TMX1,+",1
"MYOF>TMX1,+",1
"MCFD2>APEX1,+",1
"REXO2>WWC2,-",1
"AR>MAT2B,+",1
"MCFD2>MAT2B,-",1
"TAF1D>SCARB2,+",1
"UBE2K>SCARB2,+",1
"DUT>LSM6,+",1
"ARHGEF7>LSM6,+",1
"ATP6AP2>SDHC,+",1
"JUN>PRELID1,-",1
"MRPS34>ESYT2,-",1
"SH3GLB1>ESYT2,+",1
"CLTA>ESYT2,+",1
"MRPS34>EGLN1,+",1
"UBE2K>DCP2,+",1
"AR>EGLN1,+",1
"JUNB>EGLN1,-",1
"REXO2>EGLN1,-",1
"MCFD2>SMIM19,+",1
"SDHC>SMIM19,-",1
"CBX5>SP110,+",1
"MCFD2>M6PR,-",1
"UBE2K>M6PR,+",1
"AP1S2>DUT,+",1
"TMEM87A>AP1S2,+",1
"GOLPH3>TAF1D,+",1
"AP1S2>MRPS34,+",1
"AP1S2>TMEM87A,+",1
"MDH2>CDIPT,+",1
"AP1S2>MRPS26,+",1
"DCP2>MDH2,+",1
"LUC7L3>MDH2,+",1
"AP1S2>MDH2,+",1
"TAF1D>MDH2,-",1
"MCFD2>GOLPH3,+",1
"JUNB>GOLPH3,+",1
"MRPS26>CBX5,+",1
"DCP2>TXNDC12,-",1
"MCFD2>TXNDC12,+",1
"AP1S2>TXNDC12,+",1
"ARHGEF7>MCFD2,-",1
"M6PR>MCFD2,-",1
"REXO2>LUC7L3,-",1
"SH3GLB1>ARHGEF7,+",1
"TCEAL8>ARHGEF7,+",1
"TAF1D>ARHGEF7,-",1
"DUT>SH3GLB1,-",1
"M6PR>SH3GLB1,+",1
"SP110>CDC42SE1,+",1
"DCP2>UBE2K,+",1
"SH3GLB1>CLTA,+",1
"SCARB2>PTMS,+",1
"ESYT2>RALBP1,-",1
"ARHGEF7>TAF1D,-",1
"REXO2>DCP2,+",1
"CDC42EP4>TMX1,-",1
"NAP1L4>RBMS3,+",1
"NDUFA8>MEIS2,+",1
"HIPK3>CCDC68,+",1
"PPHLN1>USP8,+",1
"HIGD2A>USP8,-",1
"HIGD2A>GLUD1,+",1
"AR>GLUD1,+",1
"EGLN1>LPAR6,+",1
"EPHX1>LPAR6,+",1
"PPHLN1>LPAR6,+",1
"USP8>EDN1,+",1
"GLUD1>RBMS3,-",1
"PUM3>MIER1,+",1
"M6PR>TCEAL8,+",1
"HIPK3>MIER1,+",1
"USP8>MIER1,+",1
"PCBD1>SETD2,-",1
"HIPK3>SETD2,+",1
"ZNF518A>PSMB4,+",1
"CCDC68>PSMB4,-",1
"CDC42EP4>PSMB4,-",1
"MYOF>ZNF518A,-",1
"EPHX1>A4GALT,+",1
"PSMB4>CDC42EP4,-",1
"PSMB4>TMX1,+",1
"RPS12>MEIS2,-",1
"AFAP1L2>MEIS2,-",1
"GSPT1>MEIS2,+",1
"PCBD1>HIGD2A,+",1
"ARHGEF7>TCEAL8,+",1
"PRPF38A>JAM2,+",1
"ARHGEF7>JAM2,+",1
"ESYT2>JAM2,-",1
"MDH2>TCP1,-",1
"SP110>TCP1,+",1
"GOLPH3>HSP90AA1,+",1
"ARHGEF7>PRPF38A,-",1
"DCP2>ATP6AP2,-",1
"AR>ATP6AP2,+",1
"SP110>ATP6AP2,+",1
"MRPS34>AR,+",1
"SDHC>AR,+",1
"ARHGEF7>AR,-",1
"NAP1L4>MYOF,-",1
"PPHLN1>MYOF,-",1
"PCBD1>PPHLN1,-",1
"USP8>NME3,+",1
"ATP5PB>NME3,-",1
"GSPT1>NME3,+",1
"PSMB4>RUNDC3B,+",1
"EGLN1>RUNDC3B,+",1
"HIGD2A>RUNDC3B,-",1
"NAP1L4>MPRIP,+",1
"PFDN4>MPRIP,+",1
"LTC4S>MEIS2,+",1
"KAT6B>FKBP8,+",1
"LPAR6>CPEB4,+",1
"TMX1>CPEB4,-",1
"GNB1>COA3,+",1
"MRPL32>EPC1,-",1
"FNBP1>GNB1,+",1
"CPEB4>MRPL32,+",1
"MRPS26>LAPTM4B,+",1
"LPAR6>PDLIM5,+",1
"LAMB1>RHOB,+",1
"LAMB1>FKBP8,+",1
"LPAR6>FKBP8,+",1
"COA3>FKBP8,+",1
"VEGFB>NET1,+",1
"DUT>CXorf36,+",1
"PTMS>SPPL2A,+",1
"PSMD11>EPRS,-",1
"GNB1>EPRS,+",1
"MRPS26>ATP11C,+",1
"MRPL32>ATP11C,-",1
"NET1>SEC61A1,-",1
"GNB1>SEC61A1,+",1
"C9orf78>SEC61A1,+",1
"ALDH2>CDC42EP5,+",1
"HNRNPA1>CDC42EP5,+",1
"SEC61A1>LTA4H,+",1
"NET1>LTA4H,+",1
"TRIP11>ZBTB44,+",1
"ANKRD17>ZBTB44,-",1
"MMP24OS>TM2D3,+",1
"DDAH2>TM2D3,-",1
"PUM1>EIF4E,+",1
"RPAIN>EIF4E,+",1
"FBXO9>EIF4E,-",1
"MAZ>CCDC50,-",1
"DDAH2>CCDC50,+",1
"CAPRIN1>CCDC50,+",1
"PDLIM5>EDN1,+",1
"EIF5A>EDN1,-",1
"ABCG2>PDCD7,-",1
"PDLIM5>PDCD7,+",1
"ISG15>PDCD7,+",1
"EIF5A>MAZ,+",1
"EIF5A>AP1S2,-",1
"ABCG2>AP1S2,+",1
"PKP4>AP1S2,+",1
"MMP24OS>NFATC3,+",1
"RPAIN>NFATC3,-",1
"RUNX1T1>NFATC3,+",1
"GSPT1>HNRNPUL1,+",1
"CAPRIN1>HNRNPUL1,+",1
"RPAIN>AR,-",1
"ANKRD17>SELE,-",1
"ANKRD17>NET1,+",1
"EPS15>TM2D3,+",1
"ATXN7L3B>DEK,+",1
"JOSD1>DNASE1L1,+",1
"PITPNA>DNASE1L1,+",1
"MAP1LC3B>NOB1,+",1
"FOSL2>NOB1,+",1
"IFI16>NOB1,+",1
"ATXN7L3B>G3BP1,+",1
"PITPNA>DDX6,+",1
"USP14>MAP1LC3B,+",1
"JOSD1>MAP1LC3B,+",1
"ATXN7L3B>HAT1,+",1
"G3BP1>USP14,+",1
"IFI16>PHACTR2,+",1
"LAMB1>EDN1,-",1
"TNS2>PHACTR2,+",1
"USP14>PHACTR2,+",1
"USP14>THSD7A,+",1
"JOSD1>NFATC3,+",1
"USP14>NFATC3,+",1
"ARIH1>C6orf89,+",1
"USP14>NIFK,+",1
"ARIH1>NIFK,+",1
"PITPNA>ATL3,+",1
"FOSL2>HADHA,+",1
"IFI16>SELE,+",1
"GNB1>TMX1,+",1
"SPPL2A>HSPG2,+",1
"SEC61A1>C9orf78,+",1
"ANKRD17>NDUFC2,+",1
"ANKRD17>EDN1,+",1
"CPEB4>REL,+",1
"CDC42EP5>ITGA9,+",1
"LPAR6>ITGA9,+",1
"MRPS26>ITGA9,+",1
"EPRS>ITGA9,+",1
"TRIP11>LAMB1,-",1
"EPRS>PSMD11,-",1
"MRPS26>ANKRD17,+",1
"CPEB4>VEGFB,-",1
"LAMB1>VEGFB,+",1
"PSMD11>VEGFB,+",1
"PSMD11>MRPS26,+",1
"KAT6B>HNRNPA1,+",1
"CDC42EP5>ALDH2,+",1
"KAT6B>ALDH2,+",1
"KAT6B>HNRNPUL1,+",1
"EPRS>HNRNPUL1,+",1
"EDN1>SOCS2,-",1
"COA3>SUN2,+",1
"TMX1>PEBP1,+",1
"SPPL2A>NDUFC2,+",1
"EPRS>NDUFC2,+",1
"MCF2L>TM2D3,-",1
"BAZ2B>OGT,+",1
"SMDT1>ATXN7L3B,+",1
"ARFRP1>ARPP19,+",1
"TMEM43>CAV2,-",1
"PPP2R1A>CAV2,-",1
"KAT6B>CAV2,+",1
"TCEAL8>CAV2,+",1
"TCP1>SHARPIN,+",1
"MAGT1>SHARPIN,+",1
"PPP2R1A>SHARPIN,-",1
"ARPP19>SHARPIN,-",1
"ARCN1>ATRAID,+",1
"SPART>ATRAID,-",1
"PPP2R1A>ARPP19,+",1
"TMEM43>RNASE1,+",1
"MMP24OS>KAT6B,+",1
"CAV2>RNASE1,+",1
"MMP24OS>RNASE1,+",1
"RNASE1>EPS15,+",1
"MAZ>BAG3,-",1
"ATRAID>BAG3,-",1
"SPART>BAG3,+",1
"MAGT1>HS3ST1,+",1
"USF2>SELE,-",1
"BAG3>SELE,+",1
"RPL13A>MEIS2,-",1
"TCEAL8>MEIS2,-",1
"TCEAL8>USF2,-",1
"MRPL16>USF2,+",1
"TMEM43>USF2,-",1
"FXR1>SF3A3,+",1
"TCP1>KLF7,+",1
"MMP24OS>KLF7,-",1
"CAV2>SPART,+",1
"TMEM43>TMEM259,+",1
"HS3ST1>TMEM259,-",1
"CCT7>SPPL2A,+",1
"ARFRP1>LPGAT1,+",1
"PPP2R1A>LPGAT1,+",1
"TCEAL8>DIAPH1,+",1
"FAU>RPL13A,+",1
"SHARPIN>PPP2R1A,-",1
"RPL13A>FAU,+",1
"CCT7>CUX1,+",1
"TMEM43>CUX1,-",1
"HS3ST1>EPC1,-",1
"SPART>EPC1,+",1
"ATRAID>ARCN1,+",1
"BAG3>ARCN1,+",1
"MAGT1>ARCN1,+",1
"TCEAL8>PCGF2,+",1
"MMP24OS>BNIP3L,-",1
"CAV2>TCEAL8,+",1
"TMEM43>CXorf36,+",1
"ARPP19>MEIS2,-",1
"RPL13A>ARFRP1,+",1
"DDAH2>RPAIN,+",1
"EPS15>IFI16,-",1
"EIF5A>DPP7,+",1
"EPS15>TGFBR2,+",1
"PKP4>TGFBR2,+",1
"PDLIM5>EPS15,+",1
"NFATC3>RUNX1T1,+",1
"EIF5A>RUNX1T1,-",1
"DPP7>NAPRT,+",1
"EPS15>MMP24OS,+",1
"PIK3R3>MMP24OS,+",1
"DDAH2>PDLIM5,-",1
"HNRNPUL1>PDLIM5,+",1
"PUM1>IFI16,+",1
"HS3ST1>ARFRP1,-",1
"EPS15>PKP4,+",1
"CCDC50>BAZ2B,+",1
"KLF13>BAZ2B,+",1
"PKP4>BAZ2B,+",1
"RPS17>PABPN1,+",1
"PRR14L>CAPRIN1,+",1
"CCDC50>CAPRIN1,+",1
"BAZ2B>KLF13,+",1
"PUM1>KLF13,+",1
"MMP24OS>ISG15,+",1
"ABCG2>ISG15,-",1
"NAPRT>DPP7,+",1
"DDAH2>DPP7,-",1
"FBXO9>RPS17,+",1
"PKP4>PIM3,+",1
"ARCN1>TRIM8,-",1
"FXR1>MAZ,-",1
"RPL13A>DNM1L,-",1
"RPAIN>CPNE8,+",1
"ISG15>CPNE8,+",1
"BAZ2B>NRARP,+",1
"EIF5A>NRARP,-",1
"KLF13>NRARP,+",1
"PUM1>NRARP,+",1
"PKP4>MCF2L,+",1
"KLF13>PIK3R3,+",1
"TM2D3>TAP2,+",1
"MCF2L>PUM1,+",1
"DDAH2>TMEM184B,+",1
"CAPRIN1>DDAH2,-",1
"PRR14L>DDAH2,+",1
"CCDC50>POGZ,+",1
"PUM1>POGZ,+",1
"RPAIN>TXNIP,+",1
"PDLIM5>TXNIP,+",1
"RPAIN>PRR14L,+",1
"ISG15>LSM6,-",1
"GSPT1>LSM6,+",1
"HAT1>ATXN7L3B,+",1
"ARIH1>DNM1L,+",1
"TMSB10>FTH1,+",1
"PSMB6>BCAM,+",1
"PSMA7>RAI14,+",1
"CALM2>RAI14,+",1
"HNRNPA1>RAI14,+",1
"HLA-A>ALG13,+",1
"ATP6AP2>S100A11,+",1
"WBP2>S100A11,+",1
"GUK1>S100A11,+",1
"CXorf36>TMX1,+",1
"C9orf78>TMX1,+",1
"SERF2>SLC25A3,+",1
"WBP2>PSMB6,+",1
"SERF2>NDUFC2,+",1
"RAI14>HNRNPA1,+",1
"RBX1>FTH1,+",1
"PTMS>FTH1,+",1
"SERF2>FTH1,+",1
"SERF2>MAP2K2,+",1
"HLA-A>ATP6AP2,+",1
"GUK1>CALM2,+",1
"SERF2>TMSB4X,+",1
"ATP6AP2>SPCS3,+",1
"MIEN1>SPCS3,+",1
"HLA-E>SPCS3,+",1
"RBX1>SYPL1,+",1
"RNMT>FAM171A1,+",1
"RBX1>NFE2L1,+",1
"HLA-E>NFE2L1,+",1
"FAM171A1>NFE2L1,+",1
"TXNIP>CXorf36,+",1
"CALM2>RNMT,+",1
"TMX1>RNMT,+",1
"EIF1>PSMA7,+",1
"GUK1>PSMA7,+",1
"SERF2>CLTA,+",1
"MIEN1>TSHZ2,+",1
"GUK1>TSHZ2,+",1
"ATP6AP2>RSF1,+",1
"NUCB1>RSF1,+",1
"RBX1>RSF1,-",1
"WBP2>MMRN2,+",1
"TXNIP>MMRN2,+",1
"ALG13>RHOB,+",1
"RNMT>RHOB,+",1
"PTMS>PRDX1,+",1
"NDUFC2>PRDX1,+",1
"BCAM>PRDX1,+",1
"FAM171A1>MIEN1,+",1
"RBX1>MIEN1,+",1
"EIF1>SQSTM1,+",1
"AR>SQSTM1,+",1
"PSMA7>NFE2L1,+",1
"ATP6AP2>HNRNPA1,+",1
"RNMT>AR,+",1
"C9orf78>RBMS3,+",1
"MPRIP>CCT7,+",1
"FXR1>ATP6AP2,+",1
"CDC27>ATP6AP2,+",1
"CDC27>FOXP1,-",1
"S100A11>FOXP1,+",1
"S100A11>LTC4S,+",1
"FXR1>MYCT1,+",1
"G3BP1>MYCT1,+",1
"FXR1>S100A11,+",1
"POLR2B>DUSP5,-",1
"NAP1L4>DUSP5,+",1
"CDC27>CCT7,+",1
"TMSB10>CCT7,+",1
"ARCN1>PPP2R1A,-",1
"PGRMC2>TMX1,+",1
"HNRNPUL1>TMX1,-",1
"AES>TMX1,+",1
"MYCT1>TMX1,+",1
"TTC14>TMX1,-",1
"PLK2>TMX1,+",1
"FOXP1>CDC27,-",1
"S100A11>PTMS,+",1
"NAP1L4>HERC2,-",1
"PFDN4>HERC2,-",1
"KCNQ1OT1>HERC2,+",1
"S100A11>NUDT14,+",1
"ATP5MG>MRPL32,+",1
"HERC2>MRPL32,+",1
"CDC27>NKAP,+",1
"AES>PPP2R1A,+",1
"CDC27>TTC14,-",1
"S100A11>TTC14,-",1
"CNBP>AES,+",1
"ARCN1>REL,+",1
"POLR2B>REL,+",1
"TMX1>REL,-",1
"HERC2>REL,+",1
"SF3A3>POLR2E,-",1
"NUDT14>POLR2E,+",1
"CDC27>POLR2E,+",1
"S100A11>POLR2E,+",1
"CNBP>ATP5MG,+",1
"AES>PGRMC2,+",1
"HNRNPA1>DNAJB1,-",1
"KCNQ1OT1>DNAJB1,+",1
"NAP1L4>DNAJB1,+",1
"FTH1>TMSB10,+",1
"PABPN1>FXR1,+",1
"PLK2>NRN1,+",1
"MYCT1>ARCN1,+",1
"NKAP>ARCN1,+",1
"ARCN1>NKAP,+",1
"SERF2>EIF1,+",1
"CXorf36>C9orf78,+",1
"PITPNA>RPS6KA3,+",1
"NDUFA12>ZBTB38,+",1
"USP14>C1orf123,+",1
"MYOF>C1orf123,-",1
"SDCCAG8>C1orf123,+",1
"FOSL2>SERTAD2,+",1
"IFI16>BAZ2B,+",1
"NUCB2>CDC42EP3,+",1
"HAT1>CDC42EP3,+",1
"NOB1>CDC42EP3,+",1
"PDCD6>SNTB2,+",1
"DGKZ>PLCB4,-",1
"CNIH4>PDCD6,+",1
"SKI>ZBTB38,+",1
"NDUFA12>ZC3HAV1,+",1
"CDK12>CCT6A,+",1
"ARL2>CCT6A,+",1
"NAPRT>CCT6A,-",1
"ZBTB38>NET1,+",1
"CDK12>NME1,+",1
"NDUFA12>NME1,+",1
"PDCD6>LARS,-",1
"CDK12>MRPL32,+",1
"RSRC1>MRPL32,-",1
"ZNF22>CDK12,+",1
"JCAD>CDK12,+",1
"ARIH1>C1orf123,+",1
"JOSD1>C1orf123,+",1
"IFI16>C1orf123,+",1
"ARIH1>SETD5,+",1
"MPRIP>USP15,-",1
"ARIH1>USP15,+",1
"MYOF>YWHAE,+",1
"JOSD1>FOSL2,-",1
"PITPNA>FOSL2,+",1
"HMGN3>TNS2,+",1
"USP14>JOSD1,+",1
"SDCCAG8>JOSD1,+",1
"WBP2>NUCKS1,+",1
"USP15>MPRIP,-",1
"ATXN7L3B>MPRIP,+",1
"MYOF>MPRIP,+",1
"HAT1>ALG13,+",1
"G3BP1>EIF2S1,+",1
"SMDT1>EIF2S1,+",1
"MYOF>EIF2S1,+",1
"MAP1LC3B>CPLANE1,-",1
"JOSD1>CPLANE1,+",1
"FOSL2>CPLANE1,+",1
"G3BP1>MAZ,+",1
"JOSD1>MAZ,+",1
"JOSD1>SETD5,+",1
"G3BP1>SETD5,+",1
"CNIH4>ZC3HAV1,+",1
"DGKZ>NUCB1,-",1
"MMRN2>C9orf78,+",1
"SURF4>SPSB3,+",1
"NFATC3>SKI,+",1
"SFSWAP>SKI,+",1
"PCYOX1>NDUFA12,-",1
"ZBTB38>NDUFA12,+",1
"PLCB4>NDUFA12,+",1
"CNIH4>PPP1R2,+",1
"NAPRT>PPP1R2,+",1
"JCAD>SLC44A2,+",1
"CDK12>SFSWAP,+",1
"DGKZ>SAMHD1,+",1
"NAPRT>SAMHD1,+",1
"ZNF22>SPSB3,+",1
"SURF4>NUCB1,+",1
"NUCB1>SPSB3,-",1
"NDUFA12>SPSB3,+",1
"CDK12>RDX,+",1
"RAPGEF2>STIM2,+",1
"DGKZ>STIM2,+",1
"ZNF518A>COPS8,+",1
"NFATC3>MAGI1,-",1
"PPP1R2>MAGI1,+",1
"MIEN1>SELE,+",1
"AR>GUK1,+",1
"PSMB6>WBP2,+",1
"SKI>ZNF518A,+",1
"CDK12>ZNF518A,+",1
"SLC44A2>DGKZ,+",1
"JCAD>DGKZ,+",1
"NET1>NUCB1,+",1
"NET1>ZYX,-",1
"NAPRT>ZYX,+",1
"ZNF22>RBM6,+",1
"PDCD6>NAPRT,-",1
"SKI>EPC1,+",1
"CDK12>EPC1,+",1
"PCYOX1>EGFL7,+",1
"NFATC3>EGFL7,-",1
"SFSWAP>EGFL7,+",1
"MGLL>JCAD,+",1
"CDK12>SURF4,+",1
"RSRC1>EBF1,-",1
"NFATC3>PCYOX1,+",1
"ZBTB38>NFATC3,+",1
"ZNF518A>PSMB1,-",1
"SLC44A2>PSMB1,+",1
"SFSWAP>PRPF38B,+",1
"CNIH4>MGLL,+",1
"NME1>PPDPF,+",1
"RAPGEF2>ZNF22,-",1
"SLC44A2>ZNF22,+",1
"SURF4>DGKZ,+",1
"PHIP>TJP1,+",1
"SMIM19>CTSZ,+",1
"EGLN1>CTSZ,-",1
"SMARCC1>NFIB,+",1
"WDR60>AP2B1,+",1
"ELOVL5>AP2B1,+",1
"BCLAF1>AP2B1,+",1
"SLC39A7>AP2B1,+",1
"ETFB>C8orf59,+",1
"PFDN4>CYBA,-",1
"ETFB>CYBA,-",1
"PHB2>CYBA,+",1
"SNTB2>SYNJ2BP,+",1
"EGLN1>PHF3,+",1
"SYNJ2BP>PHF3,-",1
"HUWE1>NFIB,+",1
"CIR1>SLC39A7,-",1
"PKP4>NFIB,+",1
"RHEB>ETFB,+",1
"CYBA>ARFRP1,-",1
"HUWE1>ARFRP1,+",1
"BCLAF1>PFDN4,+",1
"CYBA>HUWE1,+",1
"JAM2>SKAP2,+",1
"SMC4>CIR1,+",1
"SLC39A7>CIR1,-",1
"JAM2>CIR1,+",1
"EGLN1>SLC39A7,+",1
"DCTN6>AP2B1,-",1
"PKP4>AP2B1,+",1
"C1orf115>BCLAF1,+",1
"PHF3>BFAR,+",1
"BAZ2B>PURA,-",1
"AR>PURA,-",1
"EGLN1>PURA,+",1
"PHB2>SMARCC1,-",1
"SLC39A7>SMARCC1,+",1
"PHB2>NAP1L4,-",1
"SMARCC1>NAP1L4,+",1
"WDR60>NAP1L4,+",1
"ETFB>CARD8,+",1
"SMC4>CARD8,+",1
"BCLAF1>CARD8,+",1
"RHEB>CARD8,-",1
"PHF3>EGLN1,+",1
"SDF2>NLRP1,-",1
"HUWE1>NME4,+",1
"HUWE1>PKP4,-",1
"NME4>IST1,+",1
"ARFRP1>IST1,-",1
"BCLAF1>DCTN6,+",1
"ETFB>DCTN6,+",1
"EGLN1>DCTN6,-",1
"EGLN1>C1orf115,+",1
"SMARCC1>C1orf115,+",1
"SKAP2>SLC39A7,+",1
"HUWE1>GCC2,+",1
"HUWE1>WDR60,+",1
"LSM2>USP16,+",1
"IGBP1>LSM2,+",1
"HNRNPA0>LSM2,+",1
"HDAC7>LSM2,+",1
"AHI1>LSM2,+",1
"PLK2>EIF3L,+",1
"PLK2>TJP1,+",1
"PPHLN1>TJP1,+",1
"SHANK3>HNRNPA0,+",1
"LSM2>HNRNPA0,+",1
"RFC1>UBE2D2,+",1
"AHI1>USP16,+",1
"JUN>USP16,+",1
"NLRP1>SDF2,-",1
"BRD2>USP16,+",1
"RTL8C>LASP1,-",1
"RFC1>LASP1,+",1
"INTS6>MAZ,-",1
"HDAC7>MAZ,+",1
"RFC1>SCARB2,+",1
"LSM2>SNRPN,+",1
"INTS6>SNRPN,+",1
"KLF4>EWSR1,+",1
"TJP1>EWSR1,+",1
"BRD2>IGBP1,+",1
"RFC1>LSM2,+",1
"THSD7A>EIF5,+",1
"INTS6>EIF5,+",1
"STMP1>RTL8C,-",1
"BAZ2B>SDF2,-",1
"WDR60>SDF2,-",1
"RUNDC3B>SDF2,-",1
"HUWE1>SDF2,+",1
"HUWE1>NDUFAB1,+",1
"JAM2>NDUFAB1,+",1
"JAM2>CXorf36,+",1
"SMC4>RAB5A,+",1
"SDF2>OGT,-",1
"RUNDC3B>OGT,-",1
"RUNDC3B>NSRP1,+",1
"PHF3>NSRP1,+",1
"SMARCC1>PHB2,-",1
"PHYH>PSMC4,+",1
"NFE2L1>PSMC4,+",1
"RTL8C>ARCN1,+",1
"PPHLN1>ARCN1,-",1
"MAZ>HDAC7,+",1
"BRD2>AHI1,-",1
"JUN>HSPA1A,+",1
"EIF3L>PHYH,+",1
"LSM2>RTL8C,+",1
"ARCN1>RTL8C,+",1
"NLRP1>PURA,+",1
"PFDN4>ELOVL5,+",1
"EWSR1>RFC1,+",1
"THAP12>NDUFB4,+",1
"TCP1>ANKRD10,+",1
"IFNGR2>KNOP1,+",1
"TCP1>KNOP1,+",1
"ISCA1>RAB2A,+",1
"ANKRD17>RAB2A,+",1
"ISCA1>NDUFC2,+",1
"UGP2>NDUFC2,+",1
"SFSWAP>PDCD7,-",1
"SFSWAP>KLF2,+",1
"UBL3>KLF2,-",1
"SHISA5>KLF2,+",1
"IFNGR2>AR,+",1
"CXorf36>NFIB,+",1
"AR>CCDC6,+",1
"PRDX1>ANKRD40,+",1
"CNOT8>MEIS2,+",1
"NRP1>MEIS2,+",1
"HLA-A>LAMC1,+",1
"EGLN1>NRP1,+",1
"TES>AP2B1,+",1
"TSC22D1>AP2B1,+",1
"HLA-A>SEM1,+",1
"SPCS3>NFATC3,+",1
"CNOT8>BCL10,+",1
"UBL3>UPF3A,+",1
"SNRPD2>THSD7A,+",1
"ANKRD17>HDAC7,+",1
"CNDP2>HDAC7,+",1
"MMP24OS>UBL3,-",1
"RFC1>PPHLN1,+",1
"ANKRD17>IFNGR2,+",1
"GNA11>FRY,+",1
"THAP12>FRY,+",1
"IFNGR2>FRY,-",1
"RAI14>FRY,+",1
"TCP1>FRY,+",1
"NDUFB4>SDCCAG8,+",1
"DERL1>SDCCAG8,+",1
"ISCA1>SFSWAP,-",1
"SRM>SFSWAP,+",1
"ANKRD17>PEBP1,+",1
"ISCA1>TJP1,+",1
"HIPK3>TJP1,+",1
"THAP12>RAI14,+",1
"IFNGR2>RAI14,+",1
"TCP1>RAI14,-",1
"GNA11>DERL1,+",1
"RAI14>PTPRB,+",1
"HIPK3>CCDC6,+",1
"DERL1>MED29,+",1
"KNOP1>HDAC7,+",1
"PTPRG>TES,+",1
"PRDX1>NFIB,+",1
"EPS15>ELOVL5,-",1
"CNOT8>PTMS,+",1
"SUMO1>BRI3,+",1
"HNRNPUL1>TMX1,+",1
"AP2B1>SLC30A1,+",1
"HNRNPUL1>ALG13,+",1
"NF1>ALG13,+",1
"NRP1>PDCD7,+",1
"PRDX1>PDCD7,+",1
"LSM12>JAM2,+",1
"SEM1>EMCN,+",1
"NFATC3>EMCN,+",1
"LPAR6>EMCN,+",1
"SEM1>PTMS,+",1
"BCAP29>NFIB,+",1
"CNOT8>AR,+",1
"HUWE1>MPRIP,-",1
"PFDN4>RUNDC3B,+",1
"SNTB2>RUNDC3B,+",1
"CYBA>RUNDC3B,+",1
"SKAP2>RUNDC3B,+",1
"SDF2>BAZ2B,-",1
"PURA>AKR1C3,-",1
"PFDN4>CASP4,-",1
"PFDN4>SNTB2,+",1
"RUNDC3B>SNTB2,+",1
"LAMC1>NF1,+",1
"PTPRG>NF1,+",1
"NFATC3>NF1,+",1
"FRY>NF1,+",1
"PTPRG>BHLHE40,+",1
"PSMB6>DNAJC19,+",1
"BCL10>DNAJC19,+",1
"MEIS2>HNRNPUL1,+",1
"LSM12>HNRNPUL1,+",1
"GTF2I>SPCS3,+",1
"TES>SPCS3,+",1
"SEM1>PLK2,+",1
"MEIS2>PLK2,+",1
"SUMO1>PLK2,-",1
"CNOT8>LSM12,+",1
"BHLHE40>LSM12,+",1
"BHLHE40>PTPRG,+",1
"LSM12>PTPRG,+",1
"MEIS2>CXorf36,+",1
"NFATC3>CXorf36,+",1
"LSM12>MPRIP,+",1
"ANKRD40>MPRIP,+",1
"FRY>TSC22D1,+",1
"LAMC1>CNOT8,+",1
"ANKRD40>CNOT8,+",1
"CNOT8>NF1,+",1
"AR>NF1,+",1
"MAZ>STMP1,+",1
"JAM2>RFC1,+",1
"EGLN1>MOB1A,+",1
"FAM84B>CD74,+",1
"PUM1>AKR1C3,+",1
"RAD23B>AKR1C3,+",1
"PTMS>AKR1C3,+",1
"NET1>AKR1C3,+",1
"CTSB>AKR1C3,-",1
"SERTAD2>RAD23B,-",1
"PTMS>RAD23B,+",1
"EIF3J>FBXO9,+",1
"PTMS>FBXO9,+",1
"FXR1>NET1,+",1
"NET1>CD74,+",1
"SERTAD2>BEX4,+",1
"EIF4E>ARFRP1,+",1
"FOXP1>GTF2I,+",1
"NFATC3>RAI14,-",1
"CD74>RAI14,+",1
"FOXP1>FAM171A1,+",1
"ZFAND1>EIF4E,+",1
"SCARB2>EIF3D,+",1
"ZFAND1>EIF3D,+",1
"GTF2I>SELE,+",1
"CNOT8>G3BP1,+",1
"SERTAD2>EPS15,+",1
"FXR1>PABPN1,+",1
"HNRNPUL1>FZD4,+",1
"CTSB>FZD4,+",1
"CXorf36>FXR1,+",1
"GTF2I>FXR1,+",1
"FOXP1>TPST2,+",1
"PKP4>FAM84B,+",1
"NET1>FAM84B,+",1
"PUM1>FAM84B,+",1
"PTMS>SCARB2,+",1
"FZD4>ABCG2,+",1
"NFATC3>ITGA6,+",1
"FZD4>ITGA6,+",1
"PUM1>ITGA6,+",1
"PTMS>GUK1,+",1
"NFATC3>CAPNS1,+",1
"RAD23B>PKP4,+",1
"FAM84B>PKP4,+",1
"PUM1>SSR1,+",1
"FBXO9>EIF3J,+",1
"FBXO9>PPM1F,+",1
"SSR1>PUM1,+",1
"NET1>PUM1,+",1
"CTSB>PUM1,+",1
"GTF2I>C9orf78,+",1
"MOB4>HNRNPH3,+",1
"SERTAD2>HIPK3,+",1
"C9orf78>FXR1,+",1
"NET1>ARFRP1,-",1
"FBXO9>HNRNPUL1,+",1
"CNOT8>TPST2,+",1
"IFI16>PRDX6,+",1
"ALDH9A1>NBR1,+",1
"MRPL32>HS3ST1,+",1
"LTC4S>PTMS,+",1
"HLA-DRB5>CD74,+",1
"ATP6AP2>CFAP97,+",1
"ARCN1>ERP29,+",1
"LTC4S>IFI16,+",1
"TAF1D>IFI16,+",1
"HLA-DRB5>NAPA,+",1
"THAP12>NAPA,+",1
"JUN>NAPA,+",1
"AHNAK>COPS8,-",1
"CNOT8>HNRNPUL1,+",1
"ARCN1>COPS8,+",1
"ERP29>COPS8,-",1
"AAMP>COPS8,-",1
"ARCN1>JUNB,-",1
"LTC4S>JUN,+",1
"NAPA>JUN,+",1
"HNRNPU>JUN,+",1
"MRPS26>DUT,+",1
"THAP12>DUT,+",1
"HS3ST1>DUT,+",1
"ATP6AP2>DUT,+",1
"ATP6AP2>NBR1,+",1
"THAP12>NBR1,+",1
"ALDH9A1>SUN2,+",1
"ERP29>SUN2,+",1
"FOXP1>TMEM245,+",1
"AAMP>TMEM245,+",1
"CD74>TMEM245,+",1
"CLEC2B>ZBTB38,+",1
"ARMCX3>ARCN1,+",1
"ERP29>ARCN1,+",1
"LTC4S>JAM2,+",1
"PRDX6>JAM2,+",1
"AAMP>TAF1D,-",1
"IFI16>TAF1D,+",1
"COPS8>LTC4S,+",1
"ARCN1>CCDC68,-",1
"AAMP>CCDC68,+",1
"TAF1D>FOSB,+",1
"TMSB4X>SETD5,+",1
"MMP24OS>ZNF106,+",1
"NAPA>ZNF106,-",1
"ARCN1>AHNAK,+",1
"COPS8>AHNAK,-",1
"ALDH9A1>MMP24OS,+",1
"FOSB>HNRNPU,+",1
"CLEC2B>CXorf36,+",1
"ATP6AP2>ARHGEF3,+",1
"PTMS>TPST2,+",1
"NET1>TPST2,+",1
"LSM2>RFC1,+",1
"MRPS26>PAXX,+",1
"LSM2>IFI16,+",1
"RFC1>AR,+",1
"RWDD4>MOB1A,+",1
"ZMYND11>MOB1A,+",1
"MMP24OS>PKM,+",1
"PTMS>MMP24OS,+",1
"RAPGEF4>PPP2R1A,-",1
"RNF19A>PPP2R1A,+",1
"PTMS>GNAQ,+",1
"RPL26>ZNF580,+",1
"ZNF580>PAXX,+",1
"FZD4>PAXX,-",1
"CLK1>PBX1,+",1
"CD74>ZFP36,+",1
"CUTA>MRPS26,+",1
"MRPS26>HLA-DPA1,+",1
"HLA-DRA>HLA-DPA1,+",1
"VGLL4>CUTA,-",1
"RAPGEF4>CUTA,+",1
"AR>CLK1,+",1
"HLA-DRA>HLA-DPB1,+",1
"AFF1>PHACTR2,+",1
"RNF19A>PHACTR2,+",1
"RPL26>BTF3,+",1
"SHANK3>IFI16,+",1
"LSM2>HNRNPA1,+",1
"AR>PPP4R1,-",1
"STMP1>PPP4R1,-",1
"ACVRL1>RFC1,+",1
"SNRPN>RFC1,+",1
"JUN>SHANK3,+",1
"SHANK3>INTS6,+",1
"PPHLN1>INTS6,+",1
"JUNB>PLK2,+",1
"MAZ>PLK2,-",1
"EIF3L>PLK2,+",1
"PPHLN1>NFE2L1,+",1
"JAM2>ACVRL1,+",1
"RFC1>ACVRL1,+",1
"THSD7A>ACVRL1,+",1
"SNRPN>THSD7A,+",1
"HDAC7>THSD7A,-",1
"KLF4>RAI14,+",1
"NFE2L1>RAI14,+",1
"USP16>IRF2BP2,+",1
"STMP1>IRF2BP2,+",1
"ARCN1>IRF2BP2,+",1
"RFC1>CXorf36,+",1
"THSD7A>CXorf36,-",1
"LSM2>RHOB,+",1
"IRF2BP2>PPP4R1,+",1
"RPS7>BTF3,+",1
"AFF1>VGLL4,+",1
"HNRNPUL1>CTSC,+",1
"NET1>AP1S2,+",1
"PTMS>CBX5,+",1
"NBR1>CBX5,+",1
"RNF19A>CBX5,+",1
"AFF1>KDM2A,+",1
"RNF19A>KDM2A,+",1
"RPL26>ZMYND11,+",1
"RNF19A>ZMYND11,+",1
"PLK2>ZMYND11,+",1
"MRPL32>LPAR6,+",1
"RNF19A>LPAR6,+",1
"GTF2I>AP1S2,+",1
"CTSB>ITM2B,+",1
"ELF1>VGLL4,+",1
"RAD23B>NFATC3,+",1
"CTSB>NFATC3,+",1
"HIPK3>NFATC3,+",1
"SSR1>FOXP1,+",1
"TPST2>FOXP1,+",1
"PTMS>FOXP1,+",1
"PTMS>ZFAND1,+",1
"NFATC3>RBM8A,+",1
"FBXO9>RBM8A,+",1
"ITM2B>CTSB,+",1
"CTSB>CTSC,+",1
"MMP24OS>CDC42EP5,+",1
"AR>CDC42EP5,+",1
"RNF19A>AFF1,+",1
"FZD4>SELE,+",1
"RPS7>RPL26,+",1
"EEF1A1>RPL26,+",1
"MRPS26>HNRNPA3,+",1
"PLK2>HNRNPA3,+",1
"MRPL32>HNRNPA3,+",1
"PTMS>SERBP1,+",1
"RPL26>SERBP1,+",1
"BTF3>SERBP1,+",1
"RPL26>RPS7,+",1
"AR>RWDD4,+",1
"MRPS26>RWDD4,+",1
"RPL26>EEF1A1,+",1
"ZNF580>JAM2,+",1
"MOB1A>JAM2,+",1
"NBR1>RAPGEF4,+",1
"BTF3>RAPGEF4,+",1
"RPL26>HLA-DRA,+",1
"LPAR6>FZD4,+",1
"PAXX>RNF19A,+",1
"CBX5>RNF19A,+",1
"CDC42EP5>PLK2,+",1
"AFF1>NAP1L1,+",1
"MRPL32>NAP1L1,+",1
"PDCD7>SNRPD2,+",1
"IFNGR2>BRI3,+",1
"SNRPD2>BRI3,+",1
"ARHGEF1>SELE,-",1
"EPS15>FXR1,+",1
"SELE>ARHGEF1,-",1
"IFI16>ARHGEF1,-",1
"AR>CLPTM1L,-",1
"IFI16>BRD2,+",1
"P4HB>BRD2,+",1
"RUFY3>SRFBP1,+",1
"IFI16>INTS6,+",1
"C8orf59>INTS6,+",1
"COQ10B>MEIS2,+",1
"NME1>MEIS2,-",1
"KDM5A>SELE,+",1
"CEMIP2>RUFY3,-",1
"KDM5A>HNRNPUL1,+",1
"ARHGEF1>FBXW5,+",1
"JUNB>IFI6,-",1
"HEBP1>SOX17,+",1
"P4HB>SOX17,-",1
"KLF4>BOC,+",1
"KDM5A>RAI14,+",1
"NME1>PDCD7,-",1
"RUFY3>PDCD7,-",1
"AR>P4HB,-",1
"JUNB>P4HB,-",1
"CLINT1>FXR1,+",1
"PDCD7>FXR1,+",1
"SELE>FXR1,-",1
"JUNB>EPS15,-",1
"TNIP1>CLDN5,+",1
"PPDPF>CLDN5,+",1
"TMSB10>CLDN5,+",1
"COX8A>GNB2,+",1
"NIN>SELENOH,-",1
"DUT>SELENOH,+",1
"NIN>KLF2,-",1
"APOL1>PPDPF,+",1
"DUT>COX7A2,+",1
"PPDPF>COX7A2,+",1
"MAGED2>COX7A2,+",1
"NIN>APOL1,+",1
"PPDPF>APOL1,+",1
"AR>APOL1,-",1
"KLF2>EIF3A,+",1
"CCT2>EIF3A,+",1
"AR>EIF3A,+",1
"TMSB10>COX8A,+",1
"HNRNPA1>MRPS26,+",1
"APOL1>ATP6AP2,-",1
"MTSS1>ATP6AP2,+",1
"APOL1>AR,-",1
"LTA4H>EPS15,+",1
"C8orf59>P4HB,+",1
"MEIS2>CLINT1,+",1
"COX7A2>MRPL51,+",1
"SMARCE1>STAG1,+",1
"SMARCE1>EIF4A3,-",1
"CCT7>EIF4A3,+",1
"ETFB>EIF4A3,+",1
"GLUD1>NDUFAF3,+",1
"SMARCE1>NDUFAF3,+",1
"GSPT1>NDUFAF3,+",1
"NDUFAF3>C12orf57,+",1
"GSPT1>SRP9,+",1
"PTMS>SRP9,+",1
"NDUFB7>MAZ,+",1
"TPGS1>STAG1,-",1
"CSDE1>PDCD7,+",1
"AR>CLINT1,+",1
"GNB2>SMARCE1,-",1
"GLUD1>SMARCE1,+",1
"GSPT1>SIN3A,+",1
"OGT>SIN3A,+",1
"NDUFAF3>GNB2,+",1
"SMARCE1>GLUD1,+",1
"CYB5R1>IFI44L,+",1
"ETFB>IFI44L,+",1
"GLUD1>ALG13,-",1
"TPGS1>RUNX1T1,-",1
"MAZ>RUNX1T1,-",1
"CSDE1>RSF1,+",1
"NDUFAF3>TPGS1,+",1
"GSPT1>ATP6AP2,-",1
"SSFA2>OGT,+",1
"KDM5A>CLINT1,+",1
"DDAH2>NAPRT,-",1
"C8orf59>NAPRT,-",1
"JUNB>COQ10B,+",1
"KLF4>COQ10B,+",1
"HEBP1>RUNDC3B,+",1
"INTS6>ZNF22,-",1
"AHNAK>CCT7,-",1
"PDCD7>STMN1,-",1
"KDM5A>NET1,+",1
"ZNF22>NET1,-",1
"RUFY3>PSMB2,+",1
"PDCD7>NME1,-",1
"BOC>NME1,-",1
"KDM5A>NME1,-",1
"PSMB2>LTA4H,+",1
"JUNB>LTA4H,+",1
"SOCS2>FBN1,+",1
"NDUFAF3>SOCS2,+",1
"MAZ>SOCS2,+",1
"ATN1>ETFB,+",1
"CCT7>ETFB,+",1
"MRPS26>LSM5,-",1
"APOL1>CLDN5,-",1
"TNIP1>MRPL51,+",1
"MRPL32>ZNF22,-",1
"FBL>EPHA4,+",1
"HNRNPUL1>ADI1,-",1
"SMIM7>EBF1,-",1
"TNS2>EBF1,+",1
"AR>CLCN3,-",1
"DNAJB1>CLCN3,-",1
"SMIM7>CLCN3,+",1
"CELF1>TCEAL1,-",1
"HNRNPUL1>RUNX1T1,+",1
"AR>RUNX1T1,+",1
"CELF1>RUNX1T1,+",1
"EPHA4>ID2,-",1
"LARP7>EPHA4,+",1
"PSMA3>CNN3,+",1
"SMIM7>EDN1,-",1
"PLK2>CSNK2B,+",1
"LARP7>JAM2,+",1
"EPHA4>JAM2,+",1
"CLCN3>IFI44L,+",1
"ARHGAP18>IFI44L,-",1
"DPM2>IFI44L,-",1
"MCRIP1>DNAJC19,+",1
"HNRNPUL1>MYOF,+",1
"NEAT1>MYOF,+",1
"EGLN1>CNN3,+",1
"DNAJB1>ARHGAP18,-",1
"PDLIM1>ARHGAP18,+",1
"EBF1>SMIM7,-",1
"DPM2>SMIM7,+",1
"LARP7>MOB1A,+",1
"DNAJB1>AP1S2,+",1
"NEAT1>DNAJB1,+",1
"TCEAL1>CELF1,-",1
"DNAJB1>CELF1,+",1
"FBL>TNS2,+",1
"EBF1>TNS2,+",1
"NFE2L1>ATP6V1G1,-",1
"DNAJB1>PSMC3,+",1
"NFE2L1>PSMC3,+",1
"HNRNPUL1>EGLN1,+",1
"CNN3>EGLN1,+",1
"MPRIP>SF3A3,-",1
"NEAT1>NFE2L1,+",1
"EGLN1>FBL,+",1
"HNRNPUL1>FBL,+",1
"DPM2>FBL,+",1
"CNN3>FBL,+",1
"CNN3>LSM7,-",1
"PDLIM1>LSM7,+",1
"CXorf36>SMIM7,-",1
"SELE>SMIM7,-",1
"CSNK2B>SMIM7,-",1
"HNRNPUL1>CNN3,+",1
"DNAJC19>LARP7,+",1
"RAI14>MRPL51,+",1
"CCT2>ARPC3,+",1
"COX8A>TMSB10,+",1
"COX7A2>BNIP2,+",1
"KLF2>BNIP2,+",1
"TNIP1>DUT,+",1
"NDUFB4>DUT,+",1
"MRPS26>PRDX6,+",1
"PSMD12>PRDX6,+",1
"HNRNPA1>PRDX6,+",1
"AP2B1>PSMD12,-",1
"NIN>PSMD12,+",1
"TNIP1>ALG13,+",1
"COX8A>HNRNPAB,+",1
"CELF1>LARP7,+",1
"COX7A2>HNRNPAB,+",1
"COX8A>SCP2,+",1
"JAM2>SCP2,+",1
"NDUFC2>SCP2,+",1
"HNRNPAB>TNIP1,-",1
"NDUFC2>RAI14,+",1
"TNIP1>DYNC1LI2,+",1
"NIN>JAM2,+",1
"NIN>GNG11,+",1
"COX8A>COPS2,+",1
"TMEM255B>COPS2,+",1
"CLDN5>TMSB10,+",1
"COX7A2>TMSB10,+",1
"GNG11>NCK1,+",1
"AP2B1>NIN,+",1
"DNAJB1>NEAT1,+",1
"DPM2>NEAT1,-",1
"CXorf36>PCBD1,-",1
"NFE2L1>PIAS1,+",1
"PSMC3>PDLIM1,+",1
"EGLN1>HNRNPUL1,+",1
"FBL>HNRNPUL1,+",1
"NEAT1>RBMS3,+",1
"SMIM7>DPM2,+",1
"NEAT1>DPM2,-",1
"PIAS1>M6PR,-",1
"NFE2L1>SPCS3,+",1
"MCRIP1>CXorf36,+",1
"CNN3>CXorf36,+",1
"LARP7>AR,+",1
"DPM2>AR,-",1
"PSMD12>MTSS1,+",1
"HNRNPA1>MTSS1,+",1
"NDUFB4>TMEM255B,+",1
"COX8A>MAGED2,+",1
"NIN>MAGED2,+",1
"KLF2>MAGED2,+",1
"COX7A2>MAGED2,+",1
"ALG13>RUNX1T1,+",1
"GSPT1>PABPN1,+",1
"CYB5R1>GON4L,+",1
"EIF2S1>AP1S2,+",1
"HNRNPUL1>PBX2,+",1
"SHANK3>PBX2,+",1
"MPRIP>CCDC68,+",1
"NUAK1>CCDC68,+",1
"PHACTR2>CCDC68,+",1
"WDFY1>CCDC68,-",1
"WDFY1>VGLL4,+",1
"SHANK3>ADNP,+",1
"A4GALT>AP1S2,+",1
"RSF1>AP1S2,+",1
"TJP1>AP1S2,+",1
"EIF2S1>INTS3,+",1
"EPHA4>PDCD7,+",1
"PBX2>SHANK3,+",1
"NDUFC2>RHOB,+",1
"TJP1>EPHA4,+",1
"SDCCAG8>EPHA4,+",1
"PDCD7>EPHA4,+",1
"PHACTR2>ADD1,+",1
"VGLL4>NUAK1,-",1
"MPRIP>NUAK1,-",1
"PHACTR2>NUAK1,+",1
"EIF2S1>NUAK1,-",1
"HOXB7>SDCCAG8,-",1
"CCDC68>PBX2,+",1
"UBAP2L>PBX2,-",1
"IRF2BP2>PBX2,+",1
"C9orf78>A4GALT,+",1
"A4GALT>TMEM50B,+",1
"PER3>TMEM50B,-",1
"PHACTR2>TMEM50B,+",1
"PER3>PHACTR2,-",1
"TJP1>PHACTR2,+",1
"HNRNPUL1>PHACTR2,-",1
"SDCCAG8>HOXB7,-",1
"ADNP>WDFY1,+",1
"ADNP>ATP11C,+",1
"LEPR>ADRM1,+",1
"EFR3A>ADRM1,+",1
"HNRNPUL1>DDRGK1,+",1
"PHACTR2>UBAP2L,+",1
"HNRNPUL1>UBAP2L,+",1
"NDUFC2>UBAP2L,-",1
"EFR3A>ANKRD17,+",1
"WDFY1>ANKRD17,-",1
"DDRGK1>RALGDS,+",1
"PER3>RALGDS,-",1
"ATP6AP2>RALGDS,-",1
"HNRNPUL1>RALGDS,-",1
"TJP1>RALGDS,+",1
"WDFY1>A4GALT,+",1
"LEPR>SDCCAG8,+",1
"PHACTR2>PDCD7,+",1
"ATN1>KLF7,-",1
"GNA11>MPRIP,+",1
"A4GALT>OGT,+",1
"UBAP2L>AR,-",1
"EFR3A>AR,-",1
"SFSWAP>SRM,+",1
"ISCA1>SRM,+",1
"CAPNS1>RFC1,+",1
"RAI14>HIPK3,+",1
"IFNGR2>HIPK3,-",1
"SFSWAP>HIPK3,+",1
"SFSWAP>GNA11,-",1
"MRPL32>GNA11,-",1
"TCP1>MPRIP,+",1
"OGT>PDCD7,+",1
"PPHLN1>INHBB,-",1
"ANKRD17>INHBB,+",1
"MPRIP>INHBB,+",1
"ZNF22>INHBB,-",1
"MMP24OS>CNDP2,+",1
"CCDC6>CNDP2,+",1
"ISCA1>ADAM15,+",1
"NDUFB4>ADAM15,+",1
"TCP1>ZNF22,+",1
"IFNGR2>ZNF22,-",1
"CNDP2>ZNF22,+",1
"UBAP2L>NDUFC2,-",1
"EPHA4>NDUFC2,+",1
"C9orf78>RSF1,+",1
"EFR3A>RSF1,-",1
"UBAP2L>PDCD7,+",1
"DDRGK1>IRF2BP2,-",1
"EFR3A>IRF2BP2,-",1
"SDCCAG8>IRF2BP2,+",1
"TJP1>IRF2BP2,+",1
"WDFY1>EPS15,-",1
"RSF1>EPS15,+",1
"SDCCAG8>HNRNPUL1,+",1
"A4GALT>HNRNPUL1,+",1
"A4GALT>LASP1,+",1
"HOXB7>LASP1,+",1
"WDFY1>LASP1,+",1
"OGT>PREX2,+",1
"IRF2BP2>MPRIP,+",1
"ADRM1>ATP6AP2,-",1
"PBX2>ATP6AP2,+",1
"WDFY1>CAPRIN1,+",1
"SDCCAG8>CAPRIN1,+",1
"A4GALT>JAM2,-",1
"PER3>PABPN1,+",1
"SDCCAG8>TXNIP,+",1
"CCDC68>TXNIP,+",1
"TJP1>TXNIP,+",1
"SCAMP1>SDCCAG8,+",1
"SMAD9>SDCCAG8,+",1
"SCAMP1>EDN1,-",1
"MMP24OS>HBP1,-",1
"CD74>SMAD9,+",1
"AGTRAP>RHOB,-",1
"ARCN1>RHOB,-",1
"MMP24OS>RHOB,+",1
"PICALM>YPEL2,+",1
"TCP1>YPEL2,+",1
"RAB5A>GCC2,+",1
"RPAIN>GCC2,+",1
"ABCE1>GCC2,+",1
"ATP6AP2>GCC2,-",1
"HBP1>GCC2,+",1
"TPST2>HBP1,+",1
"TPST2>CXorf36,+",1
"SCAMP1>HBP1,+",1
"VPS35>HBP1,+",1
"PICALM>PRPF38B,+",1
"ROMO1>PRPF38B,+",1
"SF3A3>F8,+",1
"CD74>PICALM,+",1
"HBP1>PICALM,+",1
"HIPK3>PICALM,+",1
"MMP24OS>PICALM,-",1
"CLPTM1L>PICALM,-",1
"RAB5A>EPS15,+",1
"LMO4>JUN,+",1
"OGT>AR,+",1
"ALG13>MEIS2,+",1
"LSM5>MEIS2,+",1
"EGLN1>BEX4,+",1
"EIF4A3>CCT7,+",1
"OGT>CCT7,+",1
"SRP9>CCT7,+",1
"NDUFAF3>CCT7,+",1
"ALG13>CCT7,+",1
"LSM5>ATN1,-",1
"NDUFAF3>MRPS26,-",1
"LSM5>MRPS26,-",1
"NDUFAF3>GSPT1,+",1
"CYB5R1>RHOB,+",1
"CSDE1>RHOB,+",1
"CSDE1>NDUFB7,+",1
"ETFB>MPRIP,-",1
"CCT7>EGLN1,+",1
"EIF4A3>EGLN1,+",1
"OGT>EGLN1,+",1
"NAP1L4>EGLN1,+",1
"EGLN1>RAC1,+",1
"NDUFB7>RAC1,+",1
"GLUD1>NDUFC2,+",1
"GSPT1>NDUFC2,+",1
"SSFA2>SHISA5,+",1
"ATP6AP2>EPS15,+",1
"PRPF38B>SRP14,+",1
"SCAMP1>SRP14,-",1
"MMP24OS>AGTRAP,-",1
"HBP1>PLK2,+",1
"SCAMP1>PLK2,-",1
"SF3A3>SEMA3F,-",1
"YPEL2>SEMA3F,-",1
"SDCCAG8>SEMA3F,-",1
"CDC42SE1>RPAIN,+",1
"SCAMP1>CLPTM1L,+",1
"ARCN1>CLPTM1L,+",1
"TCP1>CLPTM1L,+",1
"PICALM>CLPTM1L,-",1
"ROMO1>CLPTM1L,+",1
"TTC14>VPS35,-",1
"SCAMP1>AHI1,+",1
"AGTRAP>AHI1,+",1
"SF3A3>AHI1,-",1
"HIPK3>AHI1,-",1
"CD74>TCEAL8,+",1
"AGTRAP>WBP2,-",1
"AR>WBP2,+",1
"SMAD9>ARCN1,-",1
"NDUFC2>ARCN1,+",1
"RHOB>ARCN1,-",1
"SEMA3F>CXorf36,-",1
"TCP1>SCAMP1,-",1
"AR>ROMO1,-",1
"ROMO1>SRP14,+",1
"ROMO1>MRPS26,+",1
"RHOB>SRP14,+",1
"PICALM>PKP4,+",1
"RAB5A>MPRIP,+",1
"TCEAL8>TCP1,-",1
"CD74>TCP1,+",1
"SCAMP1>RGS3,-",1
"ROMO1>PLSCR1,+",1
"CD74>PLSCR1,+",1
"SCAMP1>HIPK3,+",1
"RAB5A>HIPK3,+",1
"CD74>HLA-DQA1,+",1
"CD74>TPST2,+",1
"ATP6AP2>DCTN2,+",1
"TCP1>MYOF,+",1
"AGTRAP>TTC14,+",1
"NDUFC2>TTC14,-",1
"ATP6AP2>CDC42SE1,+",1
"NOB1>ABCE1,-",1
"ROMO1>ABCE1,+",1
"NOB1>MRPS26,+",1
"PRPF38B>MRPS26,-",1
"AGTRAP>MRPS26,-",1
"TPST2>MRPS26,+",1
"MRPS36>SETD5,-",1
"ZFC3H1>PLA2G16,+",1
"MRPS36>SP110,-",1
"CAP1>MOB2,+",1
"EIF3D>CAP1,+",1
"R3HDM2>CAP1,+",1
"RHOB>PHF14,-",1
"MOB2>PHF14,+",1
"ZNF462>LEPR,+",1
"PTMS>LEPR,+",1
"NSMCE3>PDCD7,+",1
"CAP1>SFSWAP,+",1
"A4GALT>SFSWAP,+",1
"IL33>SFSWAP,+",1
"R3HDM2>HNRNPA3,-",1
"TEX264>MOB2,+",1
"IL33>DOCK4,+",1
"ERP44>AAMP,-",1
"CCDC68>AAMP,+",1
"AR>ARF6,-",1
"RHOB>AKR1C3,+",1
"EDN1>AKR1C3,+",1
"R3HDM2>PRKAR1A,+",1
"EDN1>PICALM,+",1
"CAP1>SDCCAG8,-",1
"ZNF462>SDCCAG8,+",1
"IL33>PABPN1,+",1
"R3HDM2>PABPN1,-",1
"IL33>CAP1,-",1
"SDCCAG8>CAP1,-",1
"TSHZ2>THSD7A,-",1
"FLNB>THSD7A,+",1
"SUPT4H1>SNTB2,+",1
"APOL6>SNRNP200,-",1
"MPRIP>ZFP91,-",1
"UBE2L3>ZFP91,+",1
"UBE2L3>EPHX1,+",1
"S100A10>MPRIP,+",1
"KRR1>MPRIP,+",1
"APOL6>MPRIP,-",1
"SUPT4H1>CALCRL,-",1
"UBE2L3>CALCRL,+",1
"MRPL32>MRPS26,+",1
"APOL6>CCT2,-",1
"IL33>CCND2,+",1
"CAP1>CCND2,+",1
"EIF3D>CCND2,-",1
"EIF3D>IL33,+",1
"CAP1>CTBS,-",1
"SDCCAG8>CTBS,-",1
"MEIS2>CTBS,-",1
"LEPR>CTBS,+",1
"EIF3D>DEPP1,+",1
"R3HDM2>DEPP1,-",1
"R3HDM2>THSD7A,+",1
"TMX1>DOCK4,+",1
"MAZ>CEACAM1,-",1
"S100A6>SP110,-",1
"RHOB>PTMS,+",1
"SDCCAG8>MEIS2,+",1
"MRPL32>CYBA,+",1
"CAP1>CYBA,+",1
"MOB2>OGT,+",1
"CCDC68>OGT,+",1
"TSHZ2>OGT,+",1
"MEIS2>OGT,+",1
"PICALM>TEX264,-",1
"IL33>CCDC68,+",1
"ZNF462>PTMS,-",1
"R3HDM2>PTMS,-",1
"FBL>UBE2S,-",1
"TEX264>CEACAM1,+",1
"SERTAD2>UBE2S,-",1
"SERP1>UBE2S,+",1
"IRF2BP2>RPS17,+",1
"HLA-DMA>RPS17,+",1
"EIF3L>TXN,+",1
"COQ10B>TXN,+",1
"CXorf36>TXN,+",1
"COQ10B>PSMA2,-",1
"NDUFC2>PSMA2,+",1
"PHACTR2>CALM2,-",1
"ANKIB1>CYB5R1,+",1
"CAP1>NSMCE3,+",1
"IL33>NSMCE3,+",1
"A4GALT>NSMCE3,-",1
"MOB2>TJP1,-",1
"ZNF462>SELE,+",1
"CEACAM1>SELE,+",1
"MOB2>PLK2,-",1
"FLNB>PLK2,-",1
"RHOB>A4GALT,+",1
"RB1CC1>EDN1,+",1
"FLNB>EDN1,+",1
"CTBS>RHOB,+",1
"AKR1C3>RHOB,+",1
"R3HDM2>RHOB,+",1
"PTMS>RHOB,+",1
"IL33>EIF3D,+",1
"CAP1>EIF3D,+",1
"TSHZ2>EIF3D,+",1
"A4GALT>ZNF462,-",1
"RB1CC1>ZNF462,+",1
"MRPL32>ZNF462,+",1
"AR>ZC3HAV1,-",1
"PDCD7>ZC3HAV1,-",1
"LEPR>ZC3HAV1,+",1
"MRPL32>R3HDM2,+",1
"AKR1C3>MRPL32,+",1
"IL33>TJP1,+",1
"IFI16>PLK2,+",1
"R3HDM2>PLK2,+",1
"POLR2I>PCM1,-",1
"TPRKB>ATP6AP2,+",1
"KAT6B>AHNAK,+",1
"B4GALT1>FOXP1,+",1
"G3BP1>FOXP1,+",1
"DICER1>FOXP1,+",1
"KAT6B>PRKCH,+",1
"AHNAK>KAT6B,+",1
"BAZ2A>TMEM259,+",1
"SEC61B>CXorf36,-",1
"ABCB1>CXorf36,+",1
"PDCD7>ATP6AP2,+",1
"PTPN14>ATP6AP2,+",1
"ATP6AP2>TRIM38,+",1
"CASP4>PCM1,+",1
"OGT>CCDC68,+",1
"ATP6AP2>CCDC68,+",1
"CXorf36>CCDC68,+",1
"SEC61B>B4GALT1,-",1
"NFATC3>HNRNPUL1,+",1
"MPRIP>HNRNPUL1,-",1
"DICER1>HNRNPUL1,+",1
"PLK2>GNAQ,+",1
"PRKCH>GNAQ,+",1
"KAT6B>GNAQ,+",1
"SEC61B>NAP1L4,-",1
"CCDC68>RB1CC1,+",1
"SETD5>RB1CC1,+",1
"DICER1>RB1CC1,+",1
"RCAN1>RB1CC1,-",1
"PRKCH>ITM2A,+",1
"RCAN1>KIDINS220,+",1
"NFATC3>KIDINS220,+",1
"DICER1>SSFA2,+",1
"ERP44>SSFA2,-",1
"NFATC3>FBXO7,+",1
"DICER1>FBXO7,+",1
"KIDINS220>FBXO7,-",1
"G3BP1>PHACTR2,-",1
"SSFA2>MPRIP,-",1
"AHNAK>RCAN1,+",1
"TMEM259>ALG13,-",1
"CXorf36>ALG13,+",1
"TMEM259>TPRKB,+",1
"CXorf36>TPRKB,+",1
"CXorf36>PUM1,+",1
"HNRNPUL1>DICER1,+",1
"ATP6AP2>ABCB1,+",1
"SSFA2>ERP44,-",1
"ABCB1>TMX1,+",1
"PDCD7>G3BP1,-",1
"KAT6B>G3BP1,+",1
"KAT6B>RB1CC1,+",1
"SEC61B>CREBRF,+",1
"KTN1>PDCD7,+",1
"PTPN14>PDCD7,-",1
"TBC1D20>TIE1,+",1
"SUPT4H1>GUK1,-",1
"S100A10>GUK1,+",1
"UBE2L3>GUK1,+",1
"ZFP91>UBE2L3,+",1
"TTC14>UBE2L3,+",1
"CAPRIN1>CXorf36,-",1
"SUPT4H1>MEIS2,+",1
"SUPT4H1>TTC14,+",1
"APOL6>TTC14,-",1
"KRR1>IFI16,+",1
"PCM1>EFNA1,+",1
"NFE2L1>ALG13,+",1
"UBE2K>PPIB,+",1
"NFE2L1>PPIB,+",1
"GUK1>PPIB,+",1
"KRR1>EMC6,+",1
"KLF7>KRR1,+",1
"CASP4>KRR1,-",1
"CHD2>ARCN1,+",1
"PPIB>MAZ,+",1
"AR>RAPGEF4,+",1
"SAV1>RAPGEF4,-",1
"KRR1>PCM1,-",1
"DOCK4>TIE1,+",1
"MRPS26>R3HDM2,-",1
"RB1CC1>TAF1D,-",1
"SAV1>R3HDM2,+",1
"CXorf36>TAF1D,+",1
"G3BP1>BAZ2A,+",1
"CHD2>APOL6,-",1
"KLF7>DOCK4,+",1
"PPIB>UBE2K,+",1
"EMC6>UBE2K,+",1
"DCTN6>SAV1,+",1
"R3HDM2>SAV1,+",1
"TTC14>SAV1,+",1
"RAPGEF4>SAV1,-",1
"SAV1>NFE2L1,+",1
"DCTN6>PHKB,-",1
"UBE2K>PHKB,+",1
"TBC1D20>POLR2I,-",1
"TBC1D20>AP1S2,+",1
"CHD2>AP1S2,-",1
"APOL6>TBC1D20,+",1
"CASP4>TPD52L1,+",1
"CASP4>PTMS,+",1
"CCT2>PTMS,+",1
"CASP4>NET1,-",1
"DOCK4>NET1,+",1
"IFI16>NET1,+",1
"CHORDC1>CYB5R1,+",1
"SETD5>COQ10B,+",1
"HLA-DMA>COQ10B,+",1
"SMARCC1>MPRIP,+",1
"MT-ND4>TAF1D,+",1
"NEMF>CAPRIN1,+",1
"SMARCC1>CAPRIN1,-",1
"SAV1>SMARCC1,+",1
"AR>SMARCC1,+",1
"HLA-DQB1>ATF3,+",1
"SDCCAG8>ATF3,+",1
"COX8A>NIPSNAP2,+",1
"CCT7>NIPSNAP2,-",1
"CREB1>NIPSNAP2,+",1
"PPP6R3>MPRIP,+",1
"NLRP1>MPRIP,+",1
"RAB5A>DGKZ,-",1
"NLRP1>DNM1L,+",1
"TCP1>CALM1,+",1
"HLA-DRA>NEMF,+",1
"PABPN1>NEMF,+",1
"LEPR>PLK2,+",1
"COX8A>HLA-DRA,+",1
"ATF3>HLA-DRA,+",1
"HLA-DQB1>HLA-DRA,+",1
"EPS15>PPP6R3,+",1
"ZMIZ1>PPP6R3,+",1
"SDCCAG8>PPP6R3,+",1
"HLA-DRA>HLA-DQB1,+",1
"PSMC4>HLA-DQB1,-",1
"LEPR>PABPN1,+",1
"MT-ND4>PABPN1,-",1
"C11orf58>DGKZ,+",1
"TTC14>M6PR,+",1
"HDAC7>M6PR,-",1
"RAB5A>SP110,+",1
"SOCS2>SP110,-",1
"SNRPD1>ARMCX3,+",1
"ATP6AP2>ARMCX3,-",1
"SP110>COPS8,-",1
"RBBP7>NRBP1,+",1
"ZNF518A>PRDX3,+",1
"POLR2I>PRDX3,-",1
"RBBP7>PRDX3,+",1
"POLR2I>SF3A3,+",1
"AR>SF3A3,+",1
"TTC1>CCDC50,-",1
"RUNX1T1>CCDC50,+",1
"ZNF22>CCDC50,-",1
"RTL8A>LSM6,+",1
"RBBP7>FOXO3,+",1
"M6PR>FOXO3,+",1
"AR>SAV1,-",1
"SMARCC1>SAV1,+",1
"HLA-DQB1>PABPN1,+",1
"MYOF>SQSTM1,+",1
"PTMS>HNRNPA3,+",1
"CALM1>HNRNPA3,+",1
"LEPR>S100A11,+",1
"CALM1>TCP1,+",1
"SMARCC1>IFI16,-",1
"NLRP1>IFI16,+",1
"JAM2>IFI16,+",1
"ZMIZ1>HSP90AA1,+",1
"NLRP1>HSP90AA1,+",1
"NLRP1>CXorf36,+",1
"MYOF>CXorf36,+",1
"ZMIZ1>CXorf36,+",1
"SAV1>AR,-",1
"SMARCC1>AR,+",1
"COPRS>DLC1,+",1
"DGKZ>TTC1,+",1
"PHACTR2>TTC1,-",1
"AR>TTC1,-",1
"TMX1>TTC1,+",1
"LIPA>TSC22D1,+",1
"GRB2>RAPGEF4,+",1
"TSC22D1>RAPGEF4,+",1
"COPRS>PHACTR2,+",1
"GRB2>PHACTR2,+",1
"TMX1>HES1,-",1
"TAF1D>CHCHD2,+",1
"SMARCC1>TCP1,+",1
"PTMS>S100A11,+",1
"HLA-DRA>TMEM259,+",1
"ZMIZ1>S100A11,+",1
"MT-ND4>MT-CYB,+",1
"NEAT1>MEIS2,+",1
"NEMF>G3BP1,-",1
"NIPSNAP2>G3BP1,-",1
"CREB1>NLRP1,-",1
"COX8A>PTMS,+",1
"HLA-DRA>COX8A,+",1
"LEPR>COX8A,+",1
"MT-CYB>MT-ND4,+",1
"PPP6R3>PROCR,+",1
"HLA-A>PROCR,+",1
"HLA-DRA>LEPR,+",1
"MPRIP>LEPR,+",1
"PRDX1>LEPR,+",1
"PPP6R3>SDCCAG8,+",1
"MYOF>SDCCAG8,+",1
"ZMIZ1>RNMT,+",1
"SMARCC1>RNMT,+",1
"NLRP1>CREB1,-",1
"CXorf36>CREB1,-",1
"PSMC4>TMEM167A,-",1
"ATF3>PARP9,+",1
"MYOF>PARP9,+",1
"SRSF9>DGKZ,+",1
"ADI1>DGKZ,+",1
"TUBA1A>MGMT,+",1
"RPS17>C8orf59,+",1
"SUN1>EP300,-",1
"SDHC>ANKIB1,+",1
"CHORDC1>ANKIB1,-",1
"COQ10B>ALG13,+",1
"C1orf115>ALG13,+",1
"SERP1>HEBP1,+",1
"ANKIB1>PDCD10,+",1
"AR>CHORDC1,-",1
"FBL>CHORDC1,-",1
"UBE2S>SERTAD2,-",1
"TXN>C8orf59,+",1
"FXR1>CXorf36,-",1
"CCDC50>LMCD1,-",1
"TXN>JAM2,+",1
"C1orf115>MAX,+",1
"PSMA2>MAX,+",1
"C1orf115>LTC4S,+",1
"FXR1>FBL,+",1
"C1orf115>HLA-DMA,+",1
"PDCD10>SDHC,+",1
"SERTAD2>MPRIP,+",1
"FXR1>MPRIP,+",1
"HEBP1>MPRIP,+",1
"NOB1>NDUFC2,+",1
"C1orf115>EP300,+",1
"SERTAD2>SEC11A,+",1
"HNRNPA1>SEC11A,+",1
"NOB1>JUN,+",1
"COQ10B>MGMT,+",1
"SERP1>MGMT,+",1
"IRF2BP2>PROCR,+",1
"C1orf115>SERP1,+",1
"SERTAD2>SELE,+",1
"TXN>C1orf43,+",1
"MGMT>C1orf43,+",1
"SNX6>C1orf43,-",1
"C1orf115>C1orf43,+",1
"HLA-DMA>CD74,+",1
"PSMA2>CD74,-",1
"CHORDC1>SNX6,-",1
"IRF2BP2>SETD5,+",1
"COQ10B>EIF3L,+",1
"NOB1>EIF3L,+",1
"LTC4S>SUN1,+",1
"EIF3L>NOB1,+",1
"SNX6>NOB1,+",1
"SERP1>NOB1,+",1
"ANKIB1>CCDC90B,-",1
"INHBB>CCDC90B,-",1
"EIF3L>CCDC90B,+",1
"CXorf36>CCDC90B,+",1
"COPS8>EXOC6,+",1
"RAB5C>TTC1,+",1
"TTC1>MECOM,+",1
"LSM6>SNRPD1,-",1
"SRSF9>IGFBP4,-",1
"TTC1>IGFBP4,-",1
"RUNX1T1>ZNF518A,+",1
"RABAC1>ZNF518A,+",1
"FIS1>ZNF518A,+",1
"RBBP4>SRSF9,+",1
"ZNF22>TCEAL8,-",1
"FOXO3>TCEAL8,+",1
"LSM6>RTL8A,+",1
"SOCS2>RTL8A,-",1
"RUNX1T1>GIMAP2,+",1
"AR>GIMAP2,+",1
"WBP2>FUS,+",1
"SP110>FUS,+",1
"M6PR>FUS,-",1
"RABAC1>RUNX1T1,-",1
"ERP44>RUNX1T1,-",1
"FIS1>RUNX1T1,+",1
"ATP6AP2>ADI1,-",1
"TCEAL8>ADI1,+",1
"MECOM>ADI1,+",1
"SRSF9>RBBP4,+",1
"FOXO3>PSMC3,+",1
"SOCS2>SNRPD1,+",1
"RAB5A>SNRPD1,+",1
"SRSF9>POLR2I,+",1
"KCNN3>WBP2,+",1
"RBBP7>POLR2I,-",1
"RAB5C>POLR2I,-",1
"SRSF9>GNAS,+",1
"RTL8A>RBBP7,+",1
"RAB5A>HDAC7,+",1
"M6PR>HDAC7,-",1
"HDAC7>ATP2A2,+",1
"LMCD1>ATP2A2,+",1
"SRSF9>ATP2A2,+",1
"ZNF22>SOCS2,+",1
"RABAC1>TTC14,+",1
"LMCD1>TTC14,+",1
"M6PR>TTC14,+",1
"TTC14>C11orf58,+",1
"POLR2I>SOX17,-",1
"GIMAP2>SOX17,+",1
"RAB5A>SOX17,+",1
"SF3A3>SOX17,+",1
"TTC14>IFI27,+",1
"ATP6AP2>IFI27,+",1
"SRSF9>WBP2,+",1
"SP110>WBP2,+",1
"TTC1>WBP2,+",1
"ABCB1>LEPR,+",1
"NFATC3>LEPR,+",1
"B4GALT1>NFATC3,+",1
"PLK2>PCNX1,-",1
"POLR2K>PHPT1,+",1
"SDAD1>MARCKSL1,+",1
"HLA-A>MARCKSL1,+",1
"SFSWAP>TINAGL1,+",1
"SCP2>TINAGL1,+",1
"HLA-A>TINAGL1,+",1
"PNPLA2>METTL5,-",1
"ZFHX3>SCP2,+",1
"APPBP2>SCP2,+",1
"SFSWAP>SCP2,+",1
"PSMD12>NME3,+",1
"BANF1>PCNX1,+",1
"SCARB2>UBN1,+",1
"TMX2>SFSWAP,-",1
"PNPLA2>SFSWAP,+",1
"CCDC50>FBXO9,+",1
"UBN1>FBXO9,-",1
"NME3>BEX4,+",1
"FBXO9>BEX4,+",1
"MARCKSL1>BEX4,+",1
"POLR2K>NFE2L1,+",1
"PNPLA2>NFE2L1,+",1
"CSDE1>NFE2L1,+",1
"PHPT1>SCARB2,+",1
"FRY>TMX2,-",1
"AR>TMX2,+",1
"TAOK2>BANF1,+",1
"BEX4>CSDE1,+",1
"PNPLA2>COMMD1,-",1
"SCP2>COMMD1,+",1
"APPBP2>ZFHX3,+",1
"SCARB2>ZFHX3,+",1
"PNPLA2>AP1S2,+",1
"USHBP1>AP1S2,+",1
"TBCB>POLR2K,+",1
"PHPT1>POLR2K,+",1
"APPBP2>USHBP1,-",1
"PSMD12>USHBP1,+",1
"NME3>PLA2G16,+",1
"PNPLA2>PDCD7,+",1
"METTL5>TRIM38,+",1
"NDUFC2>TRIM38,+",1
"TBCB>FRY,+",1
"SDAD1>FRY,+",1
"BANF1>FRY,+",1
"PLK2>FRY,+",1
"POLR2K>TBCB,+",1
"HLA-A>TBCB,+",1
"TBCB>TNRC6B,+",1
"TMX2>CSDE1,+",1
"PLK2>CSDE1,+",1
"COMMD1>SDAD1,+",1
"BANF1>SDAD1,+",1
"TBCB>FKBP9,-",1
"CCT7>PROCR,+",1
"MEIS2>TPST2,+",1
"BAZ2B>TPST2,+",1
"NME1>PICALM,-",1
"ZNF524>PICALM,+",1
"MPRIP>PHF11,+",1
"BHLHE40>PHF11,+",1
"CSDE1>MGLL,-",1
"KLF7>MGLL,-",1
"PICALM>SELE,-",1
"RAB5A>SELE,-",1
"GNAQ>SELE,+",1
"CCT7>BAZ2B,+",1
"HEBP1>PPP1R13B,+",1
"HEBP1>CSDE1,+",1
"TPST2>LTA4H,+",1
"PHF11>LTA4H,-",1
"RAB5A>LTA4H,+",1
"SELE>LTA4H,+",1
"PRPF4B>RNF13,+",1
"MVP>RNF13,+",1
"ZBTB44>RNF13,-",1
"ZNF524>MVP,-",1
"RAB5A>HEBP1,+",1
"PSMD1>IFI16,+",1
"BAZ2B>PROCR,-",1
"SCARB2>FKBP9,+",1
"GNAQ>CCT7,+",1
"COMMD1>TAOK2,+",1
"BANF1>TAOK2,+",1
"PNPLA2>ALG13,+",1
"POLR2K>DUT,+",1
"PLK2>DUT,+",1
"BANF1>DUT,+",1
"PSMD12>HIPK3,+",1
"PHPT1>ALDH9A1,+",1
"PSMD12>ALDH9A1,+",1
"BANF1>ALDH9A1,+",1
"ZNF524>DUSP5,+",1
"PRPF4B>DUSP5,+",1
"MED29>SOCS3,+",1
"SNX17>PSMD1,-",1
"MED29>PSMD1,+",1
"PICALM>OCIAD1,+",1
"MLF2>EIF4A3,+",1
"AR>EIF4A3,+",1
"ZBTB44>EIF4A3,-",1
"ZNF524>HNRNPA2B1,+",1
"MPRIP>CCDC50,-",1
"NME1>CCDC50,-",1
"PLK2>CCDC50,+",1
"SCARB2>PSMD12,+",1
"ZFHX3>UBN1,+",1
"HEBP1>PRPF4B,+",1
"HADHA>TIAM1,+",1
"CSNK2B>TMX1,+",1
"MOB1A>RSF1,+",1
"MRPS26>RSF1,+",1
"KLF4>RSF1,+",1
"ATP2B1>RSF1,+",1
"NUCB1>AURKAIP1,+",1
"JAM2>RAI14,+",1
"HNRNPU>KLF2,+",1
"RPS17>MTSS1,+",1
"KLF4>MTSS1,+",1
"EIF3D>PKP4,+",1
"PRCP>TIAM1,+",1
"HLA-A>RPS25,+",1
"PLSCR1>TIAM1,+",1
"RAI14>AHNAK,+",1
"RTL8A>STMN1,-",1
"TSHZ2>STMN1,-",1
"RPS17>CYBA,-",1
"SLC44A2>CYBA,+",1
"DOCK4>RAPGEF4,+",1
"ZNF462>NEAT1,+",1
"HADHA>TSHZ2,+",1
"RAI14>TSHZ2,+",1
"EPS15>TSHZ2,+",1
"HNRNPA1>HADHB,-",1
"MOB1A>HADHB,+",1
"PRDX6>HADHB,+",1
"PRDX6>NET1,+",1
"ELK4>SNRPE,+",1
"MYOF>ATP2B1,+",1
"SMC4>ATP2B1,+",1
"CSNK2B>ATP2B1,+",1
"JAM2>RPS17,-",1
"HNRNPU>RPS17,+",1
"CSNK2B>AP2B1,-",1
"NUCB1>AP2B1,+",1
"NUCB1>S100A11,+",1
"KLF4>S100A11,+",1
"COA3>HNRNPUL1,+",1
"ATP2B1>MYOF,+",1
"KLF4>MYOF,+",1
"COA3>HNRNPU,+",1
"PRDX6>HNRNPU,+",1
"SNRPE>C9orf78,+",1
"ELK4>C9orf78,+",1
"SMC4>MRPS26,+",1
"HADHA>MRPS26,+",1
"MRPS26>HNRNPA1,+",1
"SMC4>EGLN1,+",1
"MYOF>NET1,+",1
"DHX36>NET1,+",1
"CCDC50>RTL8A,+",1
"TSHZ2>RTL8A,+",1
"PLSCR1>RTL8A,+",1
"DOCK4>NUCB1,+",1
"CLU>INPP1,+",1
"HMGB1>INPP1,+",1
"NUDC>RPS17,+",1
"KLF2>FOS,+",1
"NUCB1>DOCK4,+",1
"KLF2>CARD8,+",1
"TSHZ2>CARD8,+",1
"RAI14>HMGB1,+",1
"HADHA>MRPL32,+",1
"TIAM1>MRPL32,+",1
"EIF3D>MRPL32,+",1
"CYBA>CXorf36,-",1
"HADHA>NET1,+",1
"RAPGEF4>NET1,+",1
"CCDC68>NET1,+",1
"PABPN1>SLC44A2,-",1
"KLF2>SELE,+",1
"DOCK4>SELE,+",1
"FOS>SELE,+",1
"CYBA>AR,-",1
"RTL8A>AR,+",1
"DOCK4>AR,+",1
"SFSWAP>RPS25,+",1
"TTC14>SPCS3,-",1
"PRCP>NUCB1,+",1
"ZNF462>OST4,+",1
"NUDC>PLSCR1,+",1
"NUDC>OST4,+",1
"EPS15>PABPN1,+",1
"PRCP>PABPN1,+",1
"KLF2>IGFBP4,+",1
"RTL8A>IGFBP4,+",1
"AHNAK>IGFBP4,+",1
"CYBA>RALGAPA2,-",1
"CLIC2>RALGAPA2,-",1
"EIF3D>RALGAPA2,+",1
"HMGB1>RALGAPA2,+",1
"CLIC2>MRPS26,-",1
"KLF2>MRPS26,+",1
"PRCP>DEK,+",1
"HMGB1>DEK,+",1
"PTMS>CCDC50,+",1
"PRCP>HADHA,+",1
"CYBA>HADHA,+",1
"CCDC68>HADHA,+",1
"MIR99AHG>HADHA,+",1
"RPS17>HADHA,+",1
"RTL8A>CLIC2,+",1
"CCDC68>PLSCR1,+",1
"PTMS>PLSCR1,+",1
"ZBTB44>HDAC7,-",1
"MEIS2>PRPF4B,+",1
"PRKCH>PLXND1,+",1
"MMP24OS>SCARB2,+",1
"TNRC6B>BRI3,+",1
"TXNIP>PDCD7,+",1
"TPP1>CSDE1,+",1
"AR>SKAP2,+",1
"CCDC50>SKAP2,+",1
"MAP3K3>ATP6AP2,+",1
"CSTB>DNAJC19,+",1
"MRPL32>DNAJC19,+",1
"CSDE1>APPBP2,+",1
"YWHAE>APPBP2,+",1
"FYTTD1>KIF1B,+",1
"ALDH9A1>SCARB2,+",1
"FKBP8>JUNB,+",1
"MRPL32>HIVEP1,-",1
"CSDE1>HIVEP1,+",1
"VPS35>MMP24OS,-",1
"YWHAE>CSTB,+",1
"SNTB2>PBX1,+",1
"BTN3A3>RHOB,-",1
"PDCD7>RHOB,+",1
"DNMT1>AURKAIP1,+",1
"CSTB>BEX4,-",1
"COPZ1>BEX4,+",1
"A4GALT>ANAPC13,+",1
"JUN>NUCB1,+",1
"TXNIP>HNRNPUL1,+",1
"AR>BLCAP,+",1
"DNAJC19>A4GALT,+",1
"SNX6>ZKSCAN1,+",1
"TXNIP>TNRC6B,+",1
"FKBP8>RUNX1T1,+",1
"CALM3>RUNX1T1,+",1
"DNAJC19>RUNX1T1,+",1
"TRIM38>RUNX1T1,+",1
"TIAL1>SNX6,+",1
"CCDC50>SNX6,+",1
"PDCD7>SNX6,+",1
"TPP1>SNX6,+",1
"ANKRD17>SNX6,+",1
"CCDC50>HIPK3,+",1
"MVB12A>HIPK3,+",1
"TXNIP>HIPK3,+",1
"PDCD7>SNTB2,-",1
"HNRNPUL1>SNTB2,+",1
"HIPK3>SNTB2,+",1
"CIB1>PRDX6,-",1
"PLK2>PRDX6,+",1
"AR>FAM160B1,+",1
"RUNX1T1>FAM160B1,+",1
"AR>A4GALT,+",1
"MAP3K3>A4GALT,+",1
"NUCB1>YWHAE,+",1
"VPS35>YWHAE,+",1
"COPZ1>NUCKS1,+",1
"MMP24OS>VPS35,-",1
"YWHAE>VPS35,+",1
"ZBTB38>SNTB2,+",1
"PARK7>ATP6AP2,+",1
"KIF1B>ATP6AP2,-",1
"ARHGEF12>LPAR6,+",1
"SCARB2>MIER1,+",1
"CSDE1>MIER1,+",1
"CDC42EP5>DNMT1,-",1
"ZBTB38>DNMT1,+",1
"VPS35>DNMT1,+",1
"TAF11>DOCK4,-",1
"APPBP2>LSM5,+",1
"SNTB2>MPRIP,+",1
"NUCB1>RPS17,+",1
"AURKAIP1>RPS17,+",1
"MMP24OS>AR,+",1
"PTPN14>RUNX1T1,+",1
"SETD5>RUNX1T1,+",1
"PDCD7>SEC61B,+",1
"CXorf36>SEC61B,-",1
"B4GALT1>SEC61B,-",1
"OGT>SEC61B,-",1
"NAP1L4>SEC61B,-",1
"ZBTB38>VPS35,+",1
"DNMT1>KLF4,+",1
"TAF11>WBP2,+",1
"CSDE1>ZBTB38,+",1
"YWHAE>WBP2,+",1
"LPAR6>NDUFC2,+",1
"FYTTD1>NDUFC2,+",1
"RPS17>NDUFC2,+",1
"APPBP2>NDUFC2,+",1
"NEAT1>NDUFC2,+",1
"TAF11>EIF4EBP2,-",1
"CSDE1>EIF4EBP2,+",1
"VPS35>EIF4EBP2,-",1
"YWHAE>PARK7,+",1
"ALDH9A1>HIPK3,+",1
"CSDE1>COPZ1,+",1
"MMP24OS>COPZ1,+",1
"YWHAE>LTA4H,+",1
"RPS17>LTA4H,+",1
"ARHGEF12>LTA4H,+",1
"WBP2>TAF11,+",1
"WBP2>ALDH9A1,+",1
"SNTB2>ALDH9A1,+",1
"CSDE1>ALDH9A1,-",1
"FYTTD1>NUCB1,+",1
"YWHAE>NUCB1,+",1
"MMP24OS>NUCB1,+",1
"CIB1>MVB12A,+",1
"ZFAND5>LRRC8C,+",1
"MEIS2>MPRIP,+",1
"AR>ALG13,+",1
"POLR2I>EIF3A,-",1
"KLF2>EIF1,+",1
"SEPHS2>CXorf36,-",1
"MTCH1>CXorf36,-",1
"HMG20B>NORAD,+",1
"RAP1A>MTCH1,+",1
"NET1>MTCH1,+",1
"CXorf36>TOX4,+",1
"KLF2>TOX4,+",1
"PSMB8-AS1>ALG13,-",1
"MTCH1>ALG13,+",1
"EPRS>ALG13,+",1
"HIPK3>DUT,+",1
"CHCHD2>CYSTM1,+",1
"LTA4H>TXNDC12,+",1
"KLF2>TXNDC12,+",1
"CYBC1>EPRS,+",1
"CHCHD2>EPRS,+",1
"NUCB1>C8orf59,+",1
"PLK2>HMG20B,+",1
"KLF2>FAM171A1,+",1
"CLIC1>FAM171A1,-",1
"JAM2>FAM171A1,+",1
"PLK2>FAM171A1,+",1
"EWSR1>EIF3A,+",1
"FYTTD1>SEPHS2,+",1
"ELK4>SEPHS2,+",1
"HK1>NRDC,+",1
"PRPF4B>MLF2,+",1
"OCIAD1>GNAQ,+",1
"PICALM>GNAQ,+",1
"OCIAD1>BHLHE40,-",1
"CCT7>DGLUCY,+",1
"ZBTB44>DGLUCY,+",1
"RAB5A>ZBTB44,-",1
"MLF2>ZBTB44,+",1
"CCT7>ZBTB44,-",1
"PRPF4B>ZBTB44,-",1
"SELE>ZNF524,+",1
"LTA4H>ETFB,+",1
"BAZ2B>ETFB,+",1
"PICALM>ETFB,+",1
"MPRIP>MEIS2,+",1
"CCT7>MEIS2,+",1
"MVP>PLK2,+",1
"GNAQ>AP2B1,+",1
"CCT7>PTPRG,+",1
"ELK4>EWSR1,+",1
"MTCH1>EWSR1,+",1
"CXorf36>PLK2,+",1
"KLF2>PLK2,+",1
"HK1>PDCD7,+",1
"CXorf36>NUCB1,+",1
"HMG20B>NUCB1,+",1
"ATP6AP2>MAP3K3,+",1
"SNX6>TIAL1,+",1
"PLK2>TRIM8,+",1
"FKBP8>TRIM8,+",1
"TXNIP>TRIM8,+",1
"ZFAND5>WBP2,+",1
"NORAD>WBP2,+",1
"MAP3K3>ZFAND5,+",1
"TIAL1>FRY,+",1
"CCDC50>FRY,-",1
"RUNX1T1>DNAJC19,+",1
"RUNX1T1>TRIM38,+",1
"CIB1>MTSS1,+",1
"MVB12A>CIB1,+",1
"CCDC50>BTN3A3,+",1
"PRDX6>PLK2,+",1
"RUNX1T1>PLK2,-",1
"PLK2>CALM3,+",1
"WBP2>CALM3,+",1
"HIPK3>SDCCAG8,-",1
"CCDC50>SDCCAG8,+",1
"ATP6AP2>SDCCAG8,+",1
"JUN>EEF1A1,+",1
"CIB1>SUN2,+",1
"MAP3K3>TIAL1,-",1
"ZFAND5>MAP3K3,+",1
"ELK4>HK1,-",1
"CALM3>MAP3K3,+",1
"PSMB8-AS1>HK1,+",1
"MTCH1>CYBC1,-",1
"CHCHD2>EIF2S1,+",1
"KLF2>JUN,+",1
"EIF3A>FRY,-",1
"POLR2I>FYTTD1,+",1
"AR>FYTTD1,+",1
"PLK2>HNRNPUL1,+",1
"CHCHD2>HNRNPUL1,+",1
"AR>LTA4H,+",1
"FYTTD1>ATP6AP2,+",1
"ELK4>WBP2,+",1
"HK1>AR,-",1
"FKBP8>VPS35,-",1
"HNRNPUL1>VPS35,+",1
"TXNIP>IL6ST,+",1
"TPP1>IL6ST,+",1
"CCDC50>TPP1,+",1
"MAP3K3>FKBP8,+",1
"TNRC6B>NORAD,+",1
"HIPK3>NORAD,+",1
"TPP1>AP1S2,+",1
"TRIM38>AP1S2,+",1
"ZFP91>CCDC68,+",1
"RPAIN>CWC15,-",1
"CAMSAP2>CWC15,+",1
"CDC42EP3>ARL2BP,+",1
"HMGN1>CAMSAP2,+",1
"DYNLRB1>SMARCA4,+",1
"ATP2B1>SMARCA4,+",1
"PDLIM5>BHLHE40,+",1
"APPBP2>BHLHE40,+",1
"PER3>HNRNPA2B1,+",1
"EIF2S1>CDC42EP3,+",1
"MSN>LAMC1,+",1
"EIF2S1>LAMC1,+",1
"NDUFB4>LAMC1,+",1
"HMGN1>LAMC1,+",1
"FAM171A1>ARL2BP,+",1
"LSM12>UBE2K,-",1
"EIF2S1>ARL2BP,+",1
"ARL2BP>NAXE,+",1
"CDC42EP3>MAZ,+",1
"C9orf78>HES1,+",1
"HMGN1>HES1,+",1
"IFI44>HES1,-",1
"PDLIM5>HERPUD1,+",1
"SMARCC1>PARP9,+",1
"ARL2BP>PARP9,+",1
"NDUFB4>CDC42EP5,+",1
"DYNLRB1>CDC42EP5,+",1
"ARL2BP>GUK1,+",1
"IFI44>GUK1,+",1
"PLK2>CCT2,+",1
"GUK1>CCT2,+",1
"NOB1>UBE2K,+",1
"ATN1>UBE2K,+",1
"MXI1>UBE2K,-",1
"IDH3B>PABPN1,-",1
"YY1>PRKCH,+",1
"ATN1>PRDX6,+",1
"WBP2>PRDX6,+",1
"LSM12>NET1,+",1
"BEX4>EGLN1,-",1
"EMD>EGLN1,+",1
"IDH3B>SYNJ2BP,+",1
"PRKCH>SYNJ2BP,+",1
"IDH3B>MEIS2,+",1
"NOB1>PLK2,+",1
"EMD>HSPG2,+",1
"LSM12>CLU,+",1
"C8orf59>CLU,+",1
"SPTLC2>CLU,+",1
"NDUFA13>MRPL32,+",1
"SPTLC2>AR,+",1
"ATP5MF>ALG13,+",1
"SMARCA4>ALG13,+",1
"PBX1>CCT2,+",1
"MAZ>MSN,+",1
"SMARCC1>MSN,+",1
"DYNLRB1>ATP5MF,+",1
"PPP1R10>SMARCC1,+",1
"THSD7A>SMARCC1,+",1
"CAMSAP2>HMGN1,+",1
"PTTG1IP>HMGN1,+",1
"NDUFB4>HMGN1,+",1
"HNRNPA2B1>FNBP1,+",1
"ARL2BP>NEAT1,+",1
"SMARCC1>NEAT1,+",1
"PDLIM5>PBX1,+",1
"APPBP2>PBX1,+",1
"NDUFB4>PBX1,+",1
"PER3>PBX1,+",1
"FAM171A1>COX7A2,+",1
"HMGN1>RAPGEF4,+",1
"SMARCC1>ATP6AP2,+",1
"CDC42EP5>C9orf78,+",1
"SMARCA4>C9orf78,+",1
"SMARCC1>C9orf78,+",1
"PER3>PLK2,+",1
"SMARCA4>PLK2,+",1
"MRPL32>APPBP2,+",1
"SF3A3>APPBP2,+",1
"ARMCX3>APPBP2,+",1
"SMIM19>APPBP2,-",1
"IFI44>SMARCC1,+",1
"DYNLRB1>NDUFB4,+",1
"PPP1R10>NUDC,+",1
"HES1>IFI44,-",1
"SMARCA4>NUDC,+",1
"SMARCA4>ATP2B1,+",1
"DYNLRB1>ATP2B1,+",1
"ATP2B1>ADAM15,+",1
"DYNLRB1>ADAM15,+",1
"APPBP2>PER3,+",1
"SMARCC1>PER3,+",1
"HNRNPA2B1>PER3,+",1
"ARL2BP>CCT7,+",1
"MSN>HNRNPUL1,+",1
"CAMSAP2>HNRNPUL1,+",1
"C9orf78>MEIS2,+",1
"MSN>MEIS2,+",1
"IFI44>PPP1R10,+",1
"EIF2S1>PPP1R10,+",1
"NDUFB4>PPP1R10,+",1
"FAM171A1>PPP1R10,+",1
"HNRNPA2B1>PPP1R10,+",1
"PPP1R10>BCLAF1,+",1
"ARL2BP>BCLAF1,+",1
"NDUFB4>BCLAF1,+",1
"DYNLRB1>EIF2S1,+",1
"FAM171A1>EIF2S1,-",1
"ELOB>UBE2K,+",1
"NOB1>LSM12,+",1
"KNOP1>UBL5,+",1
"HNRNPUL1>MTSS1,+",1
"FMNL3>DNAJC19,+",1
"ADAR>LSM8,+",1
"PHAX>LSM8,+",1
"FMNL3>LSM8,-",1
"DNAJC19>LSM8,+",1
"SUMF2>ROMO1,+",1
"EIF2S1>ROMO1,+",1
"LSM8>CPLANE1,-",1
"REV1>CPLANE1,+",1
"STUB1>TFDP1,+",1
"PBX1>MTSS1,+",1
"STUB1>ZNF83,-",1
"NDUFA13>RAI14,+",1
"SUMF2>ZNF83,+",1
"AR>ZNF83,-",1
"HNRNPUL1>ZNF83,-",1
"DNAJC19>STUB1,+",1
"HNRNPUL1>EIF2S1,+",1
"STUB1>SERP1,+",1
"HNRNPUL1>SERP1,+",1
"FMNL3>ANKRD17,+",1
"NAPRT>PLK2,+",1
"FMNL3>NUDT14,+",1
"AR>NUDT14,+",1
"FMNL3>ADAR,+",1
"PHAX>SUMF2,+",1
"FMNL3>CSTB,+",1
"EIF2S1>EIF4G1,+",1
"SMIM19>EDN1,-",1
"ARMCX3>AR,-",1
"PHAX>MAGI1,+",1
"DNAJC19>SELE,+",1
"DNAJC19>FMNL3,+",1
"CSTB>TUBB4B,-",1
"STUB1>EP300,+",1
"ANKRD17>EP300,+",1
"EGLN1>REV1,+",1
"RBM7>REV1,-",1
"PHAX>FRY,-",1
"PBX1>USHBP1,+",1
"EP300>BAZ2B,+",1
"ZNF83>RBM7,+",1
"EIF4G1>RBM7,-",1
"FMNL3>CCDC90B,+",1
"DEK>CCDC90B,+",1
"ROMO1>CCDC90B,+",1
"STUB1>GCC2,+",1
"USHBP1>GCC2,-",1
"FMNL3>GCC2,+",1
"SUMF2>EIF4G1,-",1
"GCC2>EIF4G1,+",1
"EP300>NUDT14,+",1
"MAP3K3>PTPRG,-",1
"TFDP1>RBP5,-",1
"C8orf59>ATP6AP2,+",1
"MTSS1>MXI1,+",1
"EMD>ECHS1,+",1
"SNRPD2>ECHS1,+",1
"NET1>TPP1,+",1
"HNRNPUL1>MYCT1,+",1
"SYNJ2BP>MYCT1,+",1
"PRKCH>PDCD10,+",1
"ELOB>UBE2H,+",1
"ASNA1>ALDH9A1,-",1
"PABPN1>ALDH9A1,-",1
"NOB1>ALDH9A1,+",1
"ATN1>AP1S2,+",1
"PRDX6>AP1S2,+",1
"SPTLC2>PTTG1IP,+",1
"ATN1>PTTG1IP,+",1
"ASNA1>BEX4,+",1
"UBE2K>MTSS1,-",1
"PRKCH>PTPRM,+",1
"NOB1>NFATC3,+",1
"SPTLC2>NFATC3,+",1
"ATP6AP2>ASNA1,-",1
"EMD>RAI14,+",1
"PABPN1>RAI14,+",1
"ASNA1>ATP6AP2,-",1
"MRPL32>PHACTR2,+",1
"PHAX>SHANK3,-",1
"IDH3B>PHACTR2,+",1
"EP300>SHANK3,+",1
"DERA>JAM2,+",1
"EP300>JAM2,+",1
"EP300>CDC42EP5,+",1
"EIF4G1>NAPRT,-",1
"SUMF2>NAPRT,+",1
"MAP3K3>DERA,+",1
"GCC2>DERA,-",1
"PHAX>MAP3K3,+",1
"SUMF2>MAP3K3,+",1
"USHBP1>MAP3K3,-",1
"EP300>MAP3K3,+",1
"STUB1>MAP3K3,-",1
"USHBP1>RAI14,+",1
"PRKCH>YY1,+",1
"ATN1>YY1,+",1
"C9orf78>YY1,+",1
"LSM12>NOB1,+",1
"PDCD10>NOB1,+",1
"C9orf78>NOB1,+",1
"NDUFA13>NOB1,+",1
"C9orf78>ITM2A,+",1
"ELOB>PHACTR2,+",1
"TMED9>APPBP2,+",1
"CALM3>UBL5,+",1
"PLCB4>PTMS,+",1
"LSM5>GRHPR,-",1
"HEBP1>PTMS,+",1
"NT5C3A>PTMS,+",1
"GTF2I>PTMS,+",1
"MMP24OS>PTMS,+",1
"NT5C3A>MMP24OS,-",1
"C6orf89>AR,+",1
"DPM2>PCDH17,-",1
"MCFD2>PCDH17,+",1
"GRHPR>PCDH17,+",1
"ZNF22>TMX1,-",1
"ZC3H14>GRHPR,+",1
"PEBP1>UPF2,+",1
"NLRP1>JUNB,+",1
"GRHPR>ZC3H14,+",1
"PPP4R3B>C1orf115,+",1
"EIF2S1>C1orf115,+",1
"TMEM259>ATP6V1G1,+",1
"UPF2>ATP6V1G1,+",1
"ZNF22>ATP6V1G1,+",1
"TIMP2>SMARCC1,+",1
"GRHPR>LSM5,-",1
"TIMP2>DNM1L,+",1
"C1orf115>SNRPE,+",1
"SMARCC1>OGT,+",1
"NT5C3A>HNRNPU,+",1
"NKAP>JUN,+",1
"NDUFS7>JUN,-",1
"EWSR1>JUN,+",1
"MORC3>ELF1,+",1
"CSDE1>ELF1,+",1
"C6orf89>NDUFS7,-",1
"GTF2I>NT5C3A,+",1
"CSDE1>NT5C3A,-",1
"CSDE1>MORC3,+",1
"GTF2I>MORC3,+",1
"NKAP>MORC3,-",1
"TAOK2>CSDE1,+",1
"NLRP1>TAOK2,+",1
"NDUFS7>TAOK2,+",1
"LPAR6>A4GALT,+",1
"NDUFS7>A4GALT,+",1
"AR>C6orf89,+",1
"PHACTR2>C6orf89,-",1
"LPAR6>IRF2BP2,+",1
"ANKRD10>IRF2BP2,+",1
"LMO4>ATP6AP2,-",1
"C6orf89>ATP6AP2,+",1
"NKAP>ATP6AP2,-",1
"NDUFS7>NUCB1,+",1
"MMP24OS>POLR2I,+",1
"EMC4>POLR2I,+",1
"IFI16>OGT,+",1
"TIMP2>OGT,+",1
"SMARCC1>YIPF6,-",1
"EIF2S1>NUDCD1,-",1
"IFI44L>NUDCD1,-",1
"YIPF6>TMF1,+",1
"ZC3H14>TMF1,+",1
"ARF3>TMF1,+",1
"IFI16>TMF1,+",1
"ZNF22>ERP44,+",1
"PEBP1>TIMP2,+",1
"ZNF22>TIMP2,-",1
"DPM2>TMEM167A,+",1
"MCFD2>TMEM167A,+",1
"ATP6V1G1>NDUFS7,+",1
"TIMP2>NDUFS7,+",1
"SMARCC1>MCFD2,+",1
"TMEM167A>PPP4R3B,+",1
"LSM5>REL,+",1
"IFI16>REL,+",1
"DPM2>EIF3D,-",1
"MCFD2>OSBPL1A,-",1
"AR>OSBPL1A,-",1
"SMARCC1>SMIM19,-",1
"TMEM167A>SMIM19,+",1
"TMF1>ZNF22,+",1
"EGLN1>ZNF22,+",1
"ZC3H14>NUDCD1,-",1
"ATP6V1G1>NUDCD1,-",1
"NUDCD1>YIPF6,+",1
"DPM2>EGLN1,-",1
"ZC3H14>YIPF6,+",1
"PEBP1>TAF7,+",1
"ZNF22>TAF7,+",1
"PRDX5>PTMS,+",1
"GRHPR>SPSB3,+",1
"REL>EIF2S1,-",1
"AR>IFI16,+",1
"GRHPR>IFI16,+",1
"TMF1>IFI16,+",1
"TMF1>KAT6B,+",1
"LSM5>KAT6B,+",1
"ARF3>KAT6B,-",1
"SNRPE>DPM2,-",1
"TMF1>TMEM259,-",1
"UPF2>PEBP1,+",1
"SNRPE>PEBP1,+",1
"C1orf115>PEBP1,+",1
"TMEM167A>PEBP1,+",1
"TIMP2>PEBP1,+",1
"TMEM259>IFI44L,+",1
"NUDCD1>NEAT1,+",1
"TMEM167A>EGLN1,+",1
"REL>EGLN1,-",1
"LPAR6>ELF1,+",1
"MED10>JUNB,+",1
"NME3>NDUFC1,+",1
"TMED9>TMX1,+",1
"UBL5>UBE2K,+",1
"PITPNB>UBE2K,-",1
"NME3>DUT,+",1
"EIF3D>C8orf59,-",1
"ABCD4>C8orf59,-",1
"SLC25A3>C8orf59,+",1
"PLK2>ABCG2,+",1
"TMX1>ABCG2,+",1
"PITPNB>CXorf36,-",1
"ABCD4>MRPL32,-",1
"NME3>NRN1,+",1
"UBE2K>JAM2,+",1
"EWSR1>JUNB,+",1
"ZSWIM7>NME3,-",1
"CXorf36>NME3,+",1
"USP8>SF3A3,+",1
"CALM3>SF3A3,+",1
"TIMM13>SF3A3,+",1
"SERTAD2>SF3A3,+",1
"CALM3>EIF2S1,+",1
"UBL5>EIF2S1,+",1
"NDUFC1>NDUFC2,+",1
"PITPNB>C9orf78,+",1
"AR>C9orf78,+",1
"ZSWIM7>UBE2K,+",1
"TIMM13>ARMCX3,+",1
"TMED9>COX7C,+",1
"NDUFC1>COX7C,+",1
"UBL5>NDUFC1,+",1
"SERTAD2>CALM3,-",1
"UBL5>CALM3,+",1
"NCBP3>KNOP1,-",1
"USP8>PITPNB,-",1
"SERTAD2>MRPL51,+",1
"MRPL32>MRPL51,+",1
"AP1S2>USP8,+",1
"AR>SERTAD2,+",1
"ARMCX3>SERTAD2,+",1
"CALM3>SERTAD2,-",1
"SMIM19>NCBP3,+",1
"AP2B1>NCBP3,-",1
"USP8>NCBP3,-",1
"C8orf59>NCBP3,-",1
"CALM3>AP2B1,+",1
"SMIM19>AP2B1,+",1
"CXorf36>EIF3D,+",1
"TMX1>EIF3D,+",1
"AR>ABCD4,-",1
"PITPNB>ABCD4,+",1
"CALM3>SLC25A3,+",1
"UBE2K>COX7C,-",1
"UBE2K>MEIS2,-",1
"ABCD4>VPS35,+",1
"ELF1>NKAP,+",1
"EMC4>HBP1,+",1
"GTF2I>NDUFC2,+",1
"LPAR6>LMO4,-",1
"EWSR1>LMO4,+",1
"HIPK3>LMO4,+",1
"NDUFS7>HEBP1,+",1
"NT5C3A>HEBP1,+",1
"GNAQ>LPAR6,+",1
"NDUFS7>LPAR6,+",1
"PHACTR2>LPAR6,+",1
"PDCD7>SETD5,+",1
"MORC3>TTC14,-",1
"SLC30A1>TTC14,+",1
"NT5C3A>HNRNPA1,+",1
"MMP24OS>HNRNPA1,+",1
"MED10>EMC4,+",1
"EMC4>THSD7A,+",1
"LMO4>CFAP97,-",1
"LPAR6>CFAP97,+",1
"EWSR1>SLC30A1,+",1
"MED10>SLC30A1,+",1
"ELF1>PHACTR2,+",1
"MORC3>PHACTR2,+",1
"ELF1>EWSR1,+",1
"CSDE1>NDUFC2,+",1
"TTC14>HBP1,-",1
"NT5C3A>HIPK3,+",1
"NT5C3A>HBP1,+",1
"CSDE1>HIPK3,+",1
"LMO4>HIPK3,+",1
"POLR2I>SNX6,+",1
"CSDE1>NLRP1,+",1
"SLC30A1>SMIM19,-",1
"NLRP1>SMIM19,+",1
"MORC3>GNAQ,+",1
"SETD5>MED10,+",1
"C6orf89>MED10,+",1
"SNX6>MED10,+",1
"GTF2I>TAF1D,+",1
"EWSR1>TAF1D,+",1
"SNX6>TAF1D,+",1
"SLC30A1>TAF1D,+",1
"ELF1>TAF1D,+",1
"AR>GTF2I,+",1
"SETD5>PDCD7,+",1
"GTF2I>PDCD7,+",1
"ELF1>SDCCAG8,+",1
"TAOK2>SDCCAG8,-",1
"CSDE1>SDCCAG8,+",1
"ANKRD10>TMTC1,+",1
"NDUFS7>TMTC1,+",1
"EMC4>EDN1,+",1
"ITM2A>SCARB2,+",1
"EXOC1>HOXB7,+",1
"ROMO1>CCND3,+",1
"HNRNPM>PNPLA2,+",1
"SMIM19>PNPLA2,-",1
"PET100>PNPLA2,-",1
"DCP2>PNPLA2,+",1
"DNM1L>PNPLA2,+",1
"SF3A3>PNPLA2,+",1
"PET100>SEPT9,+",1
"SCARB2>SEPT9,+",1
"ERGIC3>SEPT9,+",1
"USF2>CCND3,+",1
"SMIM19>CCND3,+",1
"EMC4>MEIS2,+",1
"CYSTM1>MPRIP,-",1
"USF2>MRPL19,+",1
"SF3A3>MRPL19,-",1
"SPSB3>ATP5MF,-",1
"PFDN4>NBR1,+",1
"SMIM19>NBR1,-",1
"DNM1L>NBR1,+",1
"FCHO2>PFDN4,+",1
"MRPL32>NDUFC2,+",1
"SPSB3>NDUFC2,+",1
"PET100>NEMF,-",1
"ATP5MF>USP22,+",1
"EPS15>PDGFB,-",1
"MRPL19>PDGFB,+",1
"UBE2K>PDGFB,+",1
"DCP2>ERGIC3,+",1
"PLK2>MPRIP,+",1
"ARID1A>BHLHE40,+",1
"CCND2>SELE,-",1
"MRPS26>MAGI1,-",1
"TTC14>NDUFC2,-",1
"USP22>NDUFC2,+",1
"ROMO1>SELE,+",1
"ATP5MF>MRPL32,+",1
"FCHO2>MRPL32,+",1
"FAM160B1>HIPK3,+",1
"PHKB>HIPK3,+",1
"NBR1>SERTAD2,+",1
"DNM1L>SERTAD2,+",1
"HNRNPM>SERTAD2,+",1
"PET100>EMC4,+",1
"HNRNPM>EMC4,-",1
"MRPL19>UBE2K,+",1
"GSPT1>UBE2K,-",1
"MRPL19>ACAP2,+",1
"HIPK3>ACAP2,+",1
"SMIM19>ACAP2,-",1
"PET100>ROMO1,+",1
"DNM1L>ERGIC3,-",1
"PET100>USP22,+",1
"UBE2K>PHKB,-",1
"FAM160B1>PHKB,+",1
"JAM2>HOXB7,+",1
"C8orf59>PEBP1,+",1
"PTMS>PEBP1,+",1
"PHACTR2>PPDPF,+",1
"ANKRD10>PPDPF,+",1
"SAMHD1>PPDPF,-",1
"SRPK2>ZNF22,+",1
"USHBP1>ZNF22,+",1
"SRPK2>HMGN1,+",1
"USHBP1>HMGN1,+",1
"C8orf59>MAML2,-",1
"USHBP1>MAML2,+",1
"SRPK2>TAOK2,-",1
"ANKRD10>MPRIP,+",1
"ARL5B>MPRIP,+",1
"KLF4>USHBP1,+",1
"MPRIP>USHBP1,+",1
"HMGN1>USHBP1,+",1
"SP110>USHBP1,+",1
"ZNF22>GSPT1,-",1
"PPDPF>GSPT1,-",1
"SAMHD1>GSPT1,+",1
"HEG1>TMSB10,+",1
"PPDPF>TMSB10,+",1
"PHACTR2>PEBP1,+",1
"SP110>HOXB7,+",1
"HIPK3>PHKB,+",1
"ZNF22>HOXB7,+",1
"EPS15>HNRNPM,-",1
"HIPK3>SCARB2,+",1
"MRPL19>SMIM19,+",1
"SMIM19>RIPOR1,+",1
"SF3A3>RIPOR1,-",1
"PNPLA2>RIPOR1,+",1
"MRPL19>CEACAM1,+",1
"EMC4>SF3A3,+",1
"SMIM19>GSPT1,+",1
"SPSB3>GSPT1,-",1
"ROMO1>HAGH,+",1
"PET100>HAGH,+",1
"RIPOR1>HAGH,+",1
"SPSB3>EPS15,+",1
"MRPL19>GIGYF2,-",1
"HNRNPM>GIGYF2,-",1
"PET100>PICALM,+",1
"EMC4>PTMS,+",1
"ROMO1>SOX17,+",1
"SMIM19>FAM160B1,-",1
"PET100>FAM160B1,-",1
"ATP5MF>G3BP1,+",1
"C8orf59>HOXB7,+",1
"MRPS26>MPRIP,+",1
"PTPN11>MPRIP,+",1
"SP110>SRPK2,+",1
"AR>OPTN,-",1
"GRB2>TMEM259,+",1
"CAMSAP2>LIPA,+",1
"TIMM10>GRB2,+",1
"COPRS>GRB2,-",1
"TMX1>CAMSAP2,-",1
"AR>CAMSAP2,+",1
"MRPS26>CAMSAP2,+",1
"EXOC1>CAMSAP2,-",1
"C9orf78>ARF3,+",1
"CAMSAP2>SMAP1,-",1
"SIN3A>JAM2,+",1
"EXOC1>OPTN,-",1
"MYOF>JAM2,+",1
"EXOC1>TTC14,-",1
"TAF1D>ATP6AP2,+",1
"DNM1L>ATP6AP2,-",1
"LIPA>ATP6AP2,+",1
"COPB2>ATP6AP2,+",1
"RPAIN>SELE,-",1
"TAF1D>SELE,+",1
"CCND2>FAM208B,-",1
"AHI1>FAM208B,-",1
"NTPCR>FAM208B,-",1
"ARID1A>SCARB2,+",1
"PRDX4>RPAIN,+",1
"SIN3A>PLK2,+",1
"C9orf78>EPS15,+",1
"TMX1>EPS15,+",1
"TSC22D1>HOXB7,+",1
"C9orf78>TIMM10,+",1
"EXOC1>TIMM10,-",1
"GRB2>TIMM10,+",1
"COPB2>MRPS26,+",1
"TAF1D>MRPS26,+",1
"SIN3A>DGKZ,+",1
"COPB2>DGKZ,+",1
"TTC1>DGKZ,+",1
"RPAIN>MRPL57,+",1
"SNTB2>MRPL57,-",1
"TMEM259>TAF1D,+",1
"CWC15>HNRNPUL1,-",1
"ZFP91>MIR99AHG,+",1
"HES1>PLSCR1,+",1
"LIPA>PLSCR1,+",1
"C9orf78>NFATC3,+",1
"TAF1D>NFATC3,+",1
"AR>SNTB2,+",1
"COPB2>SNTB2,+",1
"SIN3A>SNTB2,+",1
"ZFP91>C9orf78,+",1
"SIN3A>TMEM14C,+",1
"RNMT>BTG1,+",1
"CCND2>BTG1,+",1
"NME3>RNMT,+",1
"PTPN11>DNAJC19,+",1
"ARID1A>OCIAD1,+",1
"ERAP2>MRPS26,+",1
"ERAP2>LARS,-",1
"MEIS2>LARS,+",1
"CLSTN3>CCND2,+",1
"RIF1>CCND2,+",1
"PTPN11>CCND2,+",1
"BTG1>CCND2,+",1
"PABPN1>CCND2,-",1
"TMX1>CCND2,-",1
"CYSTM1>AP1S2,+",1
"MEIS2>CLEC2B,+",1
"AP1S2>MRPL32,-",1
"STAG1>PLK2,-",1
"FNBP1>CYSTM1,+",1
"RIF1>MYCT1,+",1
"EIF2S1>MYCT1,+",1
"MEIS2>MYOF,+",1
"MPRIP>CCT2,+",1
"AR>CCT2,+",1
"TMX1>CCT2,+",1
"TMX1>PTMS,+",1
"PTMS>TXN2,+",1
"PTMS>OCIAD1,+",1
"AR>PITPNB,-",1
"NTPCR>KLF4,+",1
"MYOF>USP22,-",1
"CYSTM1>KLF4,+",1
"CLSTN3>FNBP1,-",1
"PITPNB>FNBP1,+",1
"PTPN11>FNBP1,+",1
"CYSTM1>FNBP1,+",1
"CCT2>PSMA3,-",1
"EIF2S1>PSMA3,+",1
"STAG1>ARID1A,+",1
"ARF6>CLK1,-",1
"RNMT>STAG1,-",1
"PTPN11>R3HDM2,+",1
"ERAP2>R3HDM2,-",1
"MYOF>R3HDM2,-",1
"TXNRD1>RIF1,+",1
"USP22>NME3,-",1
"CYSTM1>TTC14,-",1
"CLEC2B>CLSTN3,-",1
"PSMA3>CLSTN3,+",1
"ARID1A>CLSTN3,+",1
"PTPN11>CLSTN3,-",1
"NTPCR>CLSTN3,-",1
"FNBP1>CLSTN3,-",1
"TMX1>USP22,+",1
"SAMHD1>MAGI1,+",1
"USHBP1>SRPK2,-",1
"MAZ>GAS6,+",1
"MAZ>DPY30,+",1
"RBM7>NUCKS1,-",1
"ARL6IP5>NUCKS1,+",1
"MAZ>TTC14,+",1
"LEPR>MRPL32,-",1
"IRF2BP2>MRPL32,+",1
"TTC14>ETFB,-",1
"LEPR>PLCB4,+",1
"CCDC68>PLCB4,+",1
"HS3ST1>PLCB4,+",1
"NORAD>PLCB4,+",1
"PLCB4>JUN,+",1
"EMC4>WBP2,+",1
"RPS17>CENPC,-",1
"ARMCX3>WBP2,-",1
"CLTA>WBP2,+",1
"JUN>UBE2L3,+",1
"SDCCAG8>UBE2L3,+",1
"ARL6IP5>UBE2L3,+",1
"RBM7>NUDT14,-",1
"ATP6AP2>FUNDC2,+",1
"ITM2A>FUNDC2,+",1
"ARMCX3>RTL8A,+",1
"EMC4>CSNK2B,+",1
"CLTA>CSNK2B,+",1
"SDCCAG8>NUCKS1,-",1
"MAZ>HS3ST1,-",1
"FGD5-AS1>HS3ST1,+",1
"RELA>HIPK3,+",1
"TOR1AIP1>MRPL32,+",1
"ABCG2>MRPL32,+",1
"INHBB>MRPL32,-",1
"ECH1>JAM2,+",1
"RELA>BEX4,+",1
"FGFR1OP2>BEX4,-",1
"TRIM28>BEX4,-",1
"CENPC>INHBB,+",1
"TFG>CCDC68,-",1
"RPAIN>CCDC68,-",1
"ECH1>CCDC68,-",1
"SYT15>EIF5A,+",1
"TFG>EIF5A,+",1
"TRIM28>TPD52L1,-",1
"NDUFC2>RBX1,+",1
"ARHGEF7>RBX1,+",1
"ECH1>RBX1,+",1
"ARHGEF7>CLK1,+",1
"RNMT>CLK1,+",1
"FAM89B>CLK1,+",1
"TRIM28>CLK1,+",1
"SELE>KLF13,+",1
"EIF5A>HIPK3,+",1
"SPCS3>DEK,+",1
"PLCB4>DEK,+",1
"MRPL32>BCLAF1,+",1
"PLCB4>PTPRK,-",1
"MAZ>PTPRK,+",1
"SPCS3>PTPRK,+",1
"RTL8A>PTPRK,+",1
"AR>ARMCX3,-",1
"ITM2A>ARMCX3,-",1
"TTC14>ARMCX3,+",1
"NORAD>ARMCX3,+",1
"LEPR>SPCS3,+",1
"RTL8A>SDCCAG8,-",1
"PTMS>SDCCAG8,-",1
"AR>SDCCAG8,+",1
"LEPR>NORAD,+",1
"MAZ>NORAD,+",1
"PLCB4>NUCB1,+",1
"MPRIP>YPEL2,+",1
"YPEL2>MEIS2,+",1
"ARL6IP5>IRF2BP2,+",1
"PTPRK>CAVIN1,-",1
"PLCB4>CAVIN1,+",1
"ARL6IP5>CAVIN1,+",1
"TTC14>MPRIP,+",1
"ARL6IP5>MPRIP,+",1
"EMCN>MPRIP,+",1
"LEPR>PTPRK,-",1
"SMIM19>PTPRK,+",1
"SPCS3>BCLAF1,+",1
"ARMCX3>ARL6IP5,+",1
"MRPL32>IDH3B,+",1
"RBM7>ITM2A,-",1
"FUNDC2>ATP6AP2,+",1
"TTC14>ATP6AP2,-",1
"RBM7>ATP6AP2,+",1
"ARMCX3>CLTA,+",1
"RTL8A>CLTA,+",1
"MRPL32>CLTA,+",1
"RBM7>CLTA,+",1
"ITM2A>NBEAL1,+",1
"MAZ>NBEAL1,+",1
"TTC14>BHLHE40,-",1
"FGD5-AS1>BHLHE40,+",1
"AR>CCDC68,+",1
"RBM7>CCDC68,+",1
"PLCB4>CCDC68,+",1
"SMIM19>RBM7,+",1
"MRPL32>RBM7,+",1
"NUCKS1>RBM7,-",1
"IRF2BP2>RBM7,-",1
"TTC14>EMC4,-",1
"TTC14>HNRNPUL1,-",1
"EMC4>ARL6IP5,+",1
"BTN3A3>MRPL32,+",1
"AR>CENPC,-",1
"HMGN1>SRPK2,+",1
"ANKRD10>FYTTD1,+",1
"SIAH1>SAMHD1,-",1
"SAMHD1>MMP24OS,-",1
"SAMHD1>SIAH1,-",1
"MMP24OS>PARP9,+",1
"JAM2>NEAT1,+",1
"SP110>HEBP1,+",1
"FAM171A1>ABCB1,+",1
"ZNF22>ABCB1,+",1
"LAPTM4B>ABCB1,+",1
"HEG1>SELE,-",1
"FAM171A1>NPDC1,+",1
"IRF2BP2>FYTTD1,+",1
"AHCYL1>TFG,+",1
"SP110>FYTTD1,+",1
"HEG1>FYTTD1,+",1
"MPRIP>CXorf36,+",1
"KLF4>CXorf36,+",1
"CCT2>S100A11,+",1
"PPDPF>S100A11,+",1
"CCT2>LAPTM4B,+",1
"KLF4>LAPTM4B,+",1
"ATN1>PTMS,+",1
"ABCG2>POLR2B,+",1
"BEX4>POLR2B,+",1
"PPDPF>SAMHD1,-",1
"ANKRD10>SAMHD1,+",1
"AR>ZNF518A,-",1
"USHBP1>ZNF518A,-",1
"HEG1>SRPK2,+",1
"PHACTR2>SRPK2,+",1
"KLF4>JUN,+",1
"JAM2>SP110,+",1
"ZNF22>SP110,-",1
"ATN1>SP110,+",1
"SAMHD1>SP110,-",1
"SRPK2>SPPL2A,+",1
"HEG1>IRF2BP2,+",1
"FAM171A1>KLF4,+",1
"JAM2>KLF4,+",1
"HEG1>KLF4,+",1
"SIAH1>CCT2,+",1
"SRPK2>CCT2,-",1
"C8orf59>CCT2,+",1
"ATN1>CCT2,-",1
"ANKRD10>ARL5B,+",1
"SAMHD1>ARL5B,-",1
"SRPK2>ARL5B,+",1
"MPRIP>ARL5B,+",1
"SP110>SOX17,+",1
"MPRIP>SOX17,+",1
"JAM2>ZNF518A,+",1
"BTN3A3>FGFR1OP2,-",1
"BEX4>RPS17,+",1
"HIPK3>RPS17,+",1
"ABCG2>HNRNPUL1,+",1
"TFG>RPAIN,+",1
"FNBP1>AP3S1,-",1
"BEX4>AP3S1,+",1
"ARHGEF7>AP3S1,-",1
"ECH1>AP3S1,+",1
"AR>AP3S1,-",1
"GXYLT1>AP3S1,-",1
"KLF13>AP3S1,-",1
"SYT15>FAM89B,+",1
"AHCYL1>FAM89B,+",1
"MRPL32>FAM89B,+",1
"RNMT>FNBP1,+",1
"MRPL32>BHLHE40,+",1
"MIR99AHG>BHLHE40,-",1
"ECH1>BHLHE40,+",1
"TFG>SELE,+",1
"TRIM28>SELE,+",1
"MRPL32>SELE,+",1
"RNMT>ABCG2,+",1
"HNRNPUL1>ABCG2,+",1
"BEX4>TFG,+",1
"RNMT>TFG,+",1
"TMEM50A>TFG,+",1
"AHCYL1>RPAIN,-",1
"MAZ>HNRNPUL1,+",1
"CENPC>RPS17,-",1
"AR>BTN3A3,+",1
"GXYLT1>MAZ,+",1
"HNRNPUL1>MAZ,+",1
"MAZ>SPIN1,-",1
"ABCG2>SPIN1,+",1
"SYT15>SPIN1,+",1
"ECH1>ARHGEF7,+",1
"CENPC>ARHGEF7,+",1
"RELA>IFI44L,+",1
"RPS17>IFI44L,-",1
"GXYLT1>TOR1AIP1,+",1
"ECH1>AHNAK,+",1
"TRIM28>AHNAK,+",1
"INHBB>AHNAK,+",1
"TFG>PTPRG,+",1
"RELA>PTPRG,+",1
"MAZ>PTPRG,+",1
"HIPK3>MIR99AHG,+",1
"FNBP1>ZMIZ1,+",1
"RPAIN>ZMIZ1,+",1
"TOR1AIP1>ZMIZ1,+",1
"ECH1>ZMIZ1,+",1
"SYT15>AHCYL1,+",1
"GXYLT1>ECH1,+",1
"DHX36>TMA7,+",1
"HADHA>NDUFB4,+",1
"HNRNPUL1>MOB1A,+",1
"SDCCAG8>BAZ2A,+",1
"KLF7>PICALM,+",1
"STX4>PICALM,+",1
"ATL3>PICALM,+",1
"UQCRC2>C1orf54,-",1
"ATL3>TPD52L1,+",1
"TXN2>TPD52L1,+",1
"EPRS>SNTB2,+",1
"CEP68>FBXO9,+",1
"EBF1>SOX17,+",1
"TXN2>SOX17,+",1
"TXN2>FOS,+",1
"NLRP1>MRPL57,-",1
"CAPRIN1>AP1S2,+",1
"GON4L>MRPL57,-",1
"STX4>KLF7,+",1
"TTC14>BAZ2B,+",1
"CCT7>BAZ1A,+",1
"PCBP2>BAZ1A,+",1
"KNOP1>ORAI1,+",1
"GON4L>ORAI1,-",1
"UQCRC2>GON4L,-",1
"EBF1>GON4L,+",1
"TXN2>GON4L,+",1
"TXN2>PBX1,+",1
"PICALM>PLK2,+",1
"TTC14>SDCCAG8,+",1
"ORAI1>PCBP2,-",1
"EBF1>DPYSL2,+",1
"KLF7>RSF1,+",1
"BAZ1A>EPRS,+",1
"AR>UQCRC2,-",1
"TXN2>UQCRC2,+",1
"PCBP2>ARF6,-",1
"GON4L>ARF6,-",1
"CCT7>ARF6,-",1
"PIK3R1>ARF6,+",1
"PCBP2>TXN2,+",1
"PBX1>TXN2,+",1
"UQCRC2>COQ10B,+",1
"CEP68>COQ10B,+",1
"KLF7>CCT7,+",1
"BAZ1A>CCT7,+",1
"PCBP2>DLC1,+",1
"PIK3R1>ARFRP1,+",1
"HDAC7>MPRIP,+",1
"BAZ2A>CYB5R1,+",1
"UQCRC2>CYB5R1,-",1
"CCT7>CYB5R1,-",1
"FOS>CSDE1,+",1
"ORAI1>ATL3,+",1
"PICALM>ATL3,+",1
"MPRIP>PBX1,+",1
"BAZ2A>HDAC7,+",1
"GON4L>HDAC7,+",1
"TIMM13>C9orf78,+",1
"SASH1>C9orf78,-",1
"HPF1>C9orf78,+",1
"HNRNPA3>C9orf78,+",1
"BCAP29>C9orf78,+",1
"HPF1>JAM2,+",1
"C1orf122>JAM2,+",1
"PSMD2>JAM2,+",1
"ABCB1>CCDC90B,+",1
"EDN1>CCDC90B,+",1
"JAM2>CCDC90B,+",1
"SASH1>NDUFC2,+",1
"C1orf122>NDUFC2,+",1
"HPF1>NDUFC2,+",1
"SASH1>C1orf122,+",1
"PON2>C1orf122,+",1
"PSMD2>RSL24D1,-",1
"SASH1>RHOJ,+",1
"PLK2>ANKRD17,+",1
"MAZ>PDCD7,+",1
"HEXIM1>PDCD7,+",1
"VPS35>SMC3,+",1
"RHOJ>SMC3,-",1
"ABCB1>PABPN1,+",1
"HLA-A>C9orf78,+",1
"RSL24D1>SASH1,+",1
"PICALM>HDAC7,+",1
"BAZ2A>SASH1,+",1
"CCT7>HNRNPU,+",1
"COQ10B>HNRNPU,+",1
"BAZ2A>CD93,+",1
"ORAI1>KNOP1,+",1
"BAZ2A>DUSP5,+",1
"BAZ1A>DUSP5,+",1
"PIK3R1>CLK1,-",1
"UQCRC2>MEIS2,+",1
"KLF7>MEIS2,+",1
"BAZ1A>IFI16,+",1
"NLRP1>SELE,+",1
"TTC14>EBF1,-",1
"HDAC7>EBF1,+",1
"PBX1>AR,+",1
"NDUFC2>HPF1,+",1
"SCARB2>MRPS26,+",1
"MAP3K2>MRPS26,+",1
"PLK2>MRPS26,+",1
"ABCB1>CTSB,+",1
"SASH1>VPS35,+",1
"HNRNPA3>VPS35,+",1
"MAZ>BLMH,-",1
"VPS35>SASH1,+",1
"NFE2L1>AR,+",1
"MFSD10>MRPS26,+",1
"HLA-A>BCAP29,+",1
"NUDT9>AR,+",1
"CDKN1A>BEX4,+",1
"TMEM259>BEX4,-",1
"EPHX1>BEX4,+",1
"RAI14>NFE2L1,+",1
"TMEM259>NFE2L1,+",1
"PDCD7>NFE2L1,+",1
"NDUFS7>NFE2L1,+",1
"PTPRG>ATP6AP2,+",1
"MZT2B>ATP6AP2,+",1
"MZT2B>ALG13,-",1
"MPDZ>ALG13,+",1
"TPGS1>AR,+",1
"NET1>MYOF,+",1
"BRI3>RIF1,+",1
"NFE2L1>NAP1L4,+",1
"CCND2>NAP1L4,-",1
"NUDT14>UQCRFS1,+",1
"ATP6AP2>UQCRFS1,+",1
"CAPRIN1>BRI3,+",1
"RPS17>GNB1,+",1
"SF3A3>NPDC1,+",1
"MFSD10>NPDC1,+",1
"FKBP8>NUDT14,+",1
"CTCF>NUDT14,+",1
"ADGRL4>BEX4,+",1
"TPGS1>BEX4,+",1
"PDCD7>PLK2,+",1
"MPRIP>PLK2,+",1
"RAI14>MYDGF,+",1
"HDAC7>MAPRE1,+",1
"ITM2A>MAPRE1,+",1
"PTPRG>MAPRE1,+",1
"SAV1>MAPRE1,-",1
"EVA1C>MPRIP,+",1
"NDUFS7>MPRIP,+",1
"TPGS1>HDAC7,+",1
"RAI14>PTPRG,+",1
"BIRC2>PTPRG,-",1
"CDKN1A>BIRC2,+",1
"EPHX1>ADGRL4,+",1
"ADGRL4>CCDC50,+",1
"TIE1>MPDZ,+",1
"MRPL32>MPDZ,+",1
"TPGS1>SELE,+",1
"CDKN1A>SELE,+",1
"MAPRE1>RUNX1T1,+",1
"PTMS>RAI14,+",1
"PRKAR1A>EDN1,+",1
"AR>EDN1,+",1
"MZT2B>VPS51,+",1
"MZT2B>PLK2,-",1
"RPS17>NUDT14,+",1
"NUDT14>RHOB,+",1
"SF3A3>RHOB,+",1
"SUN2>CTCF,-",1
"DYNLRB1>CAVIN3,+",1
"SF3A3>FKBP8,+",1
"HBP1>IRF2BP2,+",1
"AR>IRF2BP2,+",1
"WBP2>CCND2,+",1
"AR>NFE2L1,+",1
"WBP2>NFE2L1,+",1
"SF3A3>DYNLRB1,-",1
"RHOB>DYNLRB1,+",1
"FKBP8>DYNLRB1,+",1
"MFSD10>DOCK4,+",1
"FKBP8>DOCK4,+",1
"SF3A3>DOCK4,+",1
"MRPS26>ATP6AP2,+",1
"HBP1>CALM3,+",1
"SUN2>CALM3,+",1
"BRI3>HPF1,+",1
"MFSD10>MAZ,+",1
"SF3A3>MMP24OS,+",1
"CALM3>RBMS3,+",1
"SF3A3>RBMS3,+",1
"WBP2>RBMS3,+",1
"IRF2BP2>TMEM259,+",1
"RPS17>CAVIN3,+",1
"ATP6AP2>RNMT,+",1
"SUN2>PSMD11,+",1
"IRF2BP2>RNMT,+",1
"NUDT14>PSMD11,+",1
"CCND2>EDN1,-",1
"HPF1>RPS17,+",1
"ATP6AP2>RPS17,-",1
"GNB1>MT-ND4,+",1
"SF3A3>ATN1,+",1
"HPF1>SLIRP,-",1
"BRI3>SLIRP,+",1
"IRF2BP2>SLIRP,+",1
"CCND2>SLIRP,-",1
"HBP1>SLIRP,+",1
"NFE2L1>ANXA2,+",1
"MFSD10>ANXA2,+",1
"GNB1>ANXA2,+",1
"CTCF>FXR1,+",1
"SLIRP>SUN2,+",1
"SF3A3>NET1,+",1
"NFE2L1>NET1,+",1
"TAOK2>TIE1,+",1
"SF3A3>GLG1,+",1
"NFE2L1>GLG1,+",1
"DYNLRB1>GLG1,+",1
"RPS17>RNMT,+",1
"MAP3K2>PABPN1,+",1
"SASH1>BCAP29,+",1
"CDKN1A>CCT7,+",1
"ZEB1>SETD5,+",1
"A4GALT>BLCAP,+",1
"NAP1L1>GANAB,+",1
"ADGRL4>TAF1D,+",1
"PUM1>TAF1D,+",1
"LDB2>TAF1D,+",1
"SMAD4>PSAP,+",1
"MAZ>PSAP,+",1
"TMEM259>EIF3J,+",1
"RPS17>EIF3J,+",1
"RICTOR>NUDT14,+",1
"PUM1>NUDT14,+",1
"SMAD4>HNRNPUL1,+",1
"LDB2>MAZ,+",1
"ALDH9A1>HNRNPUL1,+",1
"SMAD4>AR,+",1
"HNRNPUL1>AR,+",1
"BTN3A3>MMP24OS,+",1
"NDUFS7>ZBTB38,+",1
"MFGE8>NDUFS7,+",1
"CYB5R1>NDUFS7,+",1
"EIF4A3>NDUFS7,+",1
"PLK2>NDUFS7,+",1
"CWF19L2>PSMD12,+",1
"MIR99AHG>ZMYND11,-",1
"SEPHS2>RICTOR,+",1
"SMAD4>TMX1,+",1
"AR>TMX1,+",1
"ZEB1>ADGRL4,+",1
"PTMS>ATP1B3,+",1
"TMX1>TMED9,+",1
"MAZ>KLF4,+",1
"ALDH9A1>KLF4,+",1
"A4GALT>BCLAF1,-",1
"SMAD4>FNBP1,+",1
"PUM1>ITPRIPL2,+",1
"ELF1>ITPRIPL2,+",1
"LGALS9>ZEB1,+",1
"PUM1>TMEM30A,+",1
"HNRNPUL1>GADD45GIP1,+",1
"ALDH9A1>A4GALT,+",1
"PTMS>A4GALT,+",1
"ADGRL4>SPTLC2,+",1
"ELF1>JAM2,+",1
"MAZ>PLK2,+",1
"SMAD4>HES1,+",1
"SEPHS2>ELF1,+",1
"LGALS9>ELF1,+",1
"TMEM259>NET1,+",1
"LDB2>NET1,+",1
"TMEM259>PUM1,+",1
"ATP6AP2>PUM1,+",1
"TMEM50B>ZMYND11,+",1
"THRAP3>FRMD4B,+",1
"CYB5R1>MIR99AHG,+",1
"TPST2>MEIS2,+",1
"EIF4A3>MEIS2,+",1
"AHNAK>MEIS2,+",1
"EVA1C>EIF3A,-",1
"EIF4A3>CYB5R1,+",1
"TPST2>NPC2,+",1
"BTN3A3>NPC2,+",1
"RUNX1T1>ZKSCAN1,+",1
"TPST2>ZKSCAN1,+",1
"BTN3A3>NDUFC2,-",1
"PEBP1>NDUFC2,+",1
"TMEM259>NDUFC2,+",1
"MIR99AHG>CLU,+",1
"BTN3A3>CCDC68,+",1
"PSMD12>CWF19L2,+",1
"MAZ>SNW1,+",1
"ZMYND11>PEBP1,+",1
"JAM2>PEBP1,+",1
"CYB5R1>AHNAK,+",1
"CXorf36>TPST2,+",1
"BTN3A3>RGCC,-",1
"EVA1C>RGCC,-",1
"PSMD12>RAPGEF2,-",1
"THRAP3>RAPGEF2,-",1
"CYB5R1>MEIS2,+",1
"CXorf36>RHOB,-",1
"EVA1C>MIR99AHG,+",1
"PEBP1>RHOB,+",1
"SNW1>PSMD1,-",1
"PSMD1>RB1CC1,-",1
"PSMD12>RB1CC1,+",1
"NDUFS7>RB1CC1,+",1
"CWF19L2>RB1CC1,-",1
"THRAP3>EIF4A3,+",1
"TMEM50B>EIF4A3,+",1
"NDUFS7>EIF4A3,+",1
"MPRIP>TMEM50B,+",1
"THRAP3>TMEM50B,+",1
"PSMD1>DEGS1,+",1
"BTN3A3>DEGS1,+",1
"RAPGEF2>DEGS1,-",1
"EIF4A3>DEGS1,+",1
"PSMD12>CD200,-",1
"ZKSCAN1>CD200,+",1
"PSMD12>SEC11A,+",1
"CYB5R1>SEC11A,-",1
"TMEM259>THRAP3,+",1
"CXorf36>THRAP3,+",1
"PSMD12>ATL3,+",1
"DEGS1>ATL3,+",1
"ZMYND11>ATL3,+",1
"TMEM259>ATP1B3,+",1
"GANAB>MAZ,+",1
"C1orf122>UBE2K,+",1
"PPDPF>PPIA,+",1
"HNRNPA3>CXorf36,+",1
"SASH1>AR,-",1
"LMBR1>SHISA5,+",1
"LMBR1>NAP1L4,+",1
"MSN>LMBR1,+",1
"NAP1L4>CHMP4A,+",1
"MMP24OS>CHMP4A,+",1
"NIFK>GSTO1,+",1
"MMP24OS>GSTO1,+",1
"BCL10>PPIA,+",1
"CHMP4A>PPIA,+",1
"PIK3C2A>SCP2,+",1
"LGALS9>ERAP2,+",1
"LMBR1>NIFK,+",1
"WBP2>NIFK,+",1
"CHMP4A>NIFK,+",1
"ZC3H7A>NIFK,+",1
"CCT7>NIFK,+",1
"LMBR1>ITM2A,+",1
"PIK3C2A>WBP2,+",1
"EPRS>REEP5,+",1
"NFATC3>DYNC1LI2,+",1
"HNRNPUL1>FNBP1,+",1
"LARP7>FNBP1,+",1
"PSMD2>CXorf36,+",1
"MAZ>CXorf36,-",1
"PLK2>MRPL32,+",1
"BCAP29>MRPL32,-",1
"ANKRD17>PLK2,+",1
"SCARB2>NBR1,+",1
"PLK2>NFATC3,-",1
"NBR1>NFATC3,-",1
"ANKRD17>NFATC3,+",1
"PON2>HNRNPA3,-",1
"HNRNPA3>PON2,-",1
"C1orf122>PON2,+",1
"TIMM13>PSMD2,+",1
"MAZ>PSMD2,+",1
"CTSB>PSMD2,+",1
"HEXIM1>PSMD2,-",1
"ABCB1>ARL2BP,+",1
"PON2>ARL2BP,+",1
"CTSB>ARL2BP,+",1
"BCAP29>HLA-A,+",1
"HPF1>FAM43A,-",1
"PLK2>GBP4,+",1
"MRPS26>GBP4,+",1
"ANKRD17>TXNIP,+",1
"HEXIM1>MAZ,-",1
"SASH1>CASP4,+",1
"AR>CASP4,-",1
"PIK3C2A>MSN,+",1
"CCT7>MSN,+",1
"ZC3H7A>GLUD1,-",1
"LARP7>SENP6,+",1
"HIPK3>SENP6,+",1
"TMEM50B>MEIS2,+",1
"NIFK>NSMCE3,-",1
"ARCN1>NSMCE3,+",1
"WBP2>NSMCE3,+",1
"TMEM50B>HNRNPUL1,+",1
"BCL10>HNRNPUL1,+",1
"PIK3C2A>EIF3A,+",1
"PPIA>NDUFC2,+",1
"ARCN1>EIF3J,+",1
"EPRS>MYOF,+",1
"LARP7>MYOF,+",1
"ALDH9A1>ATM,-",1
"RPS17>MMP24OS,+",1
"CHMP4A>MMP24OS,+",1
"ATP1B3>TAOK2,+",1
"HNRNPUL1>VGLL4,+",1
"GFOD2>ATP6AP2,+",1
"RICTOR>ATP6AP2,+",1
"HNRNPUL1>LDB2,+",1
"GANAB>MRPL51,+",1
"MPRIP>SMAD4,-",1
"TMX1>ERAP2,+",1
"NR5A2>SENP6,+",1
"HNRNPUL1>SENP6,+",1
"LMBR1>VPS35,+",1
"WBP2>PIK3C2A,+",1
"NR5A2>VPS35,-",1
"ARCN1>NFATC3,-",1
"TMEM50B>NFATC3,+",1
"ZC3H7A>ACACB,+",1
"NAP1L4>CDC42EP5,-",1
"PIK3C2A>CDC42EP5,-",1
"HIKESHI>RPS17,+",1
"TMEM50B>RPS17,+",1
"REEP5>RPS17,+",1
"LMBR1>PPDPF,+",1
"HIKESHI>ARCN1,+",1
"MSN>ARCN1,+",1
"NFATC3>NLRP1,+",1
"LMBR1>NR5A2,+",1
"EPRS>NR5A2,+",1
"HIKESHI>ALDH9A1,+",1
"LARP7>HIKESHI,-",1
"NFATC3>SH2D3C,+",1
"HIKESHI>CCT7,+",1
"LMBR1>UBR4,+",1
"MMP24OS>UBR4,-",1
"NIFK>PIK3C2A,+",1
"BCL10>PIK3C2A,+",1
"MZT2B>CCT7,+",1
"ADGRL4>EPHX1,+",1
"CXorf36>RAPGEF2,+",1
"PPHLN1>PHPT1,+",1
"RNMT>CDC42EP5,+",1
"ANKRD10>HADHA,+",1
"ITM2A>HADHA,+",1
"PDCD7>HADHA,+",1
"MMP24OS>ADAMTS1,+",1
"ANKRD10>COA3,+",1
"MFSD10>COA3,-",1
"ANKRD10>PBX1,+",1
"PSMD11>CCT2,+",1
"MMP24OS>CCT2,+",1
"MMP24OS>C9orf78,+",1
"RNMT>MAP3K8,+",1
"TECR>TUBB4B,+",1
"MSRB2>GXYLT1,+",1
"CALM3>WDFY1,+",1
"ANKRD10>ACTR3,+",1
"SMARCE1>ACTR3,-",1
"NDUFC2>ACTR3,-",1
"ITM2A>RTRAF,+",1
"PBX1>RTRAF,+",1
"MSRB2>MFSD10,+",1
"CSDE1>MFSD10,+",1
"COA3>AURKAIP1,+",1
"AURKAIP1>CXorf36,+",1
"MSRB2>CDC42EP5,+",1
"COA3>MMP24OS,+",1
"ANP32B>ATP6AP2,-",1
"MSRB2>PPHLN1,+",1
"HNRNPUL1>SMC4,-",1
"ARFRP1>PDCD7,+",1
"HNRNPUL1>PDCD7,+",1
"SNF8>MZT2B,+",1
"HNRNPA1>BHLHE40,+",1
"MRPL22>CASP4,+",1
"NF1>CALM3,+",1
"TECR>CALM3,-",1
"ARFGAP3>MRPL22,-",1
"ENTPD1>MRPL22,+",1
"TECR>DDX46,+",1
"AR>DDX46,+",1
"SPSB3>EPC1,+",1
"MGAT4A>EPC1,+",1
"CAV2>EPC1,+",1
"PPHLN1>SLC30A1,+",1
"NTPCR>SLC30A1,+",1
"MMP24OS>ANP32B,+",1
"SNRPC>ANP32B,+",1
"NUCKS1>ANP32B,+",1
"SMARCE1>ANP32B,+",1
"SMARCE1>PPHLN1,-",1
"MMP24OS>PPHLN1,+",1
"NDUFC2>RPN2,+",1
"PPHLN1>JAM2,+",1
"GXYLT1>EDN1,+",1
"TCEAL8>ROMO1,+",1
"JAM2>SMDT1,+",1
"MMP24OS>SMDT1,+",1
"TCEAL8>IKBKB,+",1
"NEMF>IKBKB,+",1
"NCBP3>CRIM1,-",1
"C6orf89>CRIM1,+",1
"SDCCAG8>CRIM1,-",1
"GON4L>DUT,+",1
"PLK2>HDAC7,+",1
"NIPSNAP2>HDAC7,-",1
"C6orf89>AHNAK,+",1
"JAM2>AHNAK,+",1
"IKBKB>CFI,+",1
"NLRP1>CFI,+",1
"CTBS>ALG13,+",1
"TCEAL8>ALG13,+",1
"ICA1>ALG13,+",1
"C6orf89>PDCD7,-",1
"DUT>NLRP1,+",1
"SDCCAG8>UQCR10,-",1
"PLRG1>PEA15,+",1
"ITSN2>PLRG1,+",1
"PEA15>PLRG1,+",1
"PEA15>ROMO1,+",1
"C6orf89>ROMO1,-",1
"GXYLT1>ITM2A,+",1
"NIPSNAP2>EPS15,-",1
"SLC30A1>ITM2A,+",1
"CDC42EP5>RNMT,+",1
"SELE>RNMT,+",1
"JAM2>RNMT,+",1
"RPN2>RNMT,+",1
"RPN2>PTPRG,+",1
"COA3>CLK1,-",1
"PPHLN1>MRPL32,+",1
"SNRPC>MRPL32,+",1
"ITM2A>MRPL32,+",1
"COA3>MRPL32,+",1
"RPN2>PLK2,+",1
"AR>EIF3D,+",1
"PPHLN1>EIF3D,+",1
"PDCD7>EIF3D,+",1
"COA3>EIF3D,+",1
"PLRG1>ITSN2,+",1
"IKBKB>ITSN2,-",1
"ATP6AP2>HSPA1A,+",1
"MMP24OS>HSPA1A,+",1
"ROMO1>HSPA1A,+",1
"NIPSNAP2>NCBP3,+",1
"SDCCAG8>NCBP3,+",1
"MPRIP>TUBB4B,-",1
"CCDC68>PTPRG,-",1
"CCND2>SDCCAG8,-",1
"PPDPF>RFC1,+",1
"JAM2>EDF1,+",1
"CLTA>HNRNPA1,+",1
"RAB6A>SPCS3,+",1
"SAMHD1>SPCS3,-",1
"ZFC3H1>SPCS3,+",1
"CNOT8>CLTA,+",1
"NDUFB4>CLTA,+",1
"CLTA>CNOT8,+",1
"PTMS>PPDPF,+",1
"S100A6>PTMS,+",1
"TMSB4X>PTMS,+",1
"RAB6A>RFC1,+",1
"AGPAT2>TECR,+",1
"RAB6A>A4GALT,-",1
"CNOT8>NME1,-",1
"SAMHD1>NME1,+",1
"PTMS>NME1,-",1
"HIPK3>SKAP2,+",1
"BAZ2B>SKAP2,+",1
"RAB6A>SKAP2,+",1
"TES>NDUFB4,+",1
"TMSB4X>NDUFB4,+",1
"S100A6>CXorf36,-",1
"PPDPF>CXorf36,+",1
"TMSB4X>BHLHE40,+",1
"CLTA>BHLHE40,+",1
"HIPK3>NEAT1,+",1
"PTMS>C9orf78,+",1
"RAB6A>BAZ2B,+",1
"SDHC>BAZ2B,+",1
"TNPO1>ANKRD17,-",1
"CNOT8>KLF4,+",1
"PPDPF>KLF4,+",1
"PTMS>KLF4,+",1
"HIPK3>FOXP1,+",1
"PBX1>HIPK3,+",1
"TES>ADAR,+",1
"RAB6A>ADAR,-",1
"BAZ2B>ADAR,+",1
"MRPL32>RALGDS,+",1
"PBX1>RALGDS,-",1
"TNPO1>SAMHD1,+",1
"S100A6>TMSB4X,+",1
"A4GALT>RAB6A,-",1
"RAB6A>NET1,+",1
"IRF2BP2>SERP1,+",1
"TMSB4X>SERP1,+",1
"MRPS36>IL1R1,-",1
"PTMS>IL1R1,+",1
"ANKRD17>C9orf78,+",1
"MRPS36>C9orf78,+",1
"SCARB2>PLA2G16,+",1
"MRPS36>ATP6AP2,+",1
"ANKRD17>TES,+",1
"NF1>ARFGAP3,+",1
"GOLPH3>MDH1,+",1
"EPS15>CLIP1,-",1
"DNM1L>CLIP1,-",1
"HNRNPH2>GOLPH3,+",1
"MPRIP>GOLPH3,-",1
"SPSB3>AGPAT2,+",1
"ARFRP1>HK1,+",1
"GOLPH3>HK1,+",1
"TECR>HK1,+",1
"ERICH1>EDN1,-",1
"PDCD7>NF1,+",1
"TUBB4B>NF1,-",1
"NDUFS7>ENTPD1,+",1
"NET1>ENTPD1,+",1
"EDN1>NDUFA1,-",1
"TECR>HNRNPA1,+",1
"SYT15>HNRNPA1,+",1
"SPSB3>MPRIP,-",1
"HNRNPH2>MPRIP,-",1
"MGAT4A>MPRIP,+",1
"GOLPH3>MPRIP,-",1
"NDUFS7>CAV2,+",1
"TECR>CAV2,+",1
"SMDT1>ARFGAP3,+",1
"MPRIP>ARFGAP3,+",1
"RAB6A>TNPO1,-",1
"SPSB3>ARFGAP3,-",1
"SAMHD1>TNPO1,+",1
"PBX1>JAM2,+",1
"SP110>JAM2,-",1
"TMSB4X>JAM2,+",1
"BHLHE40>JAM2,+",1
"ANKRD17>AR,+",1
"MGAT4A>ZFC3H1,+",1
"DNM1L>ZFC3H1,+",1
"DNM1L>HNRNPUL1,+",1
"ERICH1>HNRNPUL1,-",1
"NET1>VKORC1,-",1
"TECR>DNM1L,+",1
"SMDT1>DNM1L,+",1
"MGAT4A>DNM1L,-",1
"NF1>SPCS3,+",1
"CAV2>ERICH1,+",1
"ERICH1>SPSB3,+",1
"EPRS>HSPG2,+",1
"PDCD7>CHMP5,+",1
"CAV2>CHMP5,+",1
"DNM1L>ZNF91,-",1
"HNRNPUL1>HNRNPH2,+",1
"TECR>HNRNPH2,+",1
"C6orf89>SDCCAG8,+",1
"DUT>SDCCAG8,+",1
"EIF2S1>TIE1,+",1
"S100A11>SUN2,+",1
"LSM8>KAT6A,-",1
"STX12>NUDT3,-",1
"ARF3>NUDT3,-",1
"PRDX6>NUDT3,+",1
"MAZ>NUDT3,+",1
"SHISA5>SRSF1,-",1
"KAT6A>NEAT1,+",1
"JUN>NEAT1,+",1
"KAT6A>LSM8,-",1
"ATF6>LSM8,+",1
"SRSF1>SUN2,+",1
"JUN>SUN2,+",1
"MRPL32>PTPRG,-",1
"ARF3>SUN2,-",1
"ENTPD1>S100A11,+",1
"MRPL32>PDGFB,+",1
"CSDE1>PDGFB,+",1
"ENTPD1>PDGFB,-",1
"PDGFB>ATF6,+",1
"SRSF1>ATF6,+",1
"S100A11>RNASE1,+",1
"SLC30A1>ARF3,+",1
"CSDE1>ARF3,+",1
"PLK2>ARF3,+",1
"CSDE1>SOX17,+",1
"STX12>SOX17,+",1
"KAT6A>SOX17,-",1
"S100A11>MRPL32,+",1
"U2SURP>PSMD7,+",1
"THSD7A>CYTH2,-",1
"SUN2>CYTH2,-",1
"STX12>ZFC3H1,+",1
"PLK2>ZFC3H1,+",1
"ATF6>U2SURP,+",1
"PSMD7>TMX1,-",1
"CYTH2>TMX1,-",1
"SHISA5>INHBB,-",1
"S100A11>CSDE1,+",1
"PDGFB>CSDE1,+",1
"KAT6A>MYOF,+",1
"LSM8>MYOF,+",1
"U2SURP>MYOF,+",1
"STX12>GNB2,+",1
"S100A11>GNB2,+",1
"CSDE1>CCT7,+",1
"ENTPD1>ARHGEF3,+",1
"MAZ>YPEL2,+",1
"SRSF1>JAM2,-",1
"LSM8>SLC30A1,+",1
"SMDT1>CMIP,+",1
"PRDX6>CMIP,+",1
"MYOF>ARF3,-",1
"CYTH2>ARF3,+",1
"ENTPD1>SMDT1,-",1
"NFE2L1>TMEM259,+",1
"BIRC2>CDKN1A,+",1
"MPRIP>CDKN1A,+",1
"MPDZ>CDKN1A,+",1
"MPRIP>EVA1C,+",1
"EVA1C>CALM3,+",1
"NUDT9>CALM3,+",1
"PTPRG>CALM3,+",1
"NDUFS7>NUDT9,+",1
"PRKAR1A>KNOP1,+",1
"NUDT9>KNOP1,-",1
"CDKN1A>KNOP1,-",1
"RAI14>KNOP1,+",1
"EVA1C>ITM2A,+",1
"SAV1>PLPBP,-",1
"PRKAR1A>PLPBP,+",1
"MPDZ>PLPBP,+",1
"PDCD7>SAV1,+",1
"MZT2B>SAV1,+",1
"CDKN1A>SMIM19,+",1
"NDUFS7>SMIM19,-",1
"AR>STXBP3,-",1
"PTMS>STXBP3,+",1
"ADGRL4>MRPL32,+",1
"NUDT9>BHLHE40,+",1
"MPDZ>TMEM259,-",1
"ATF6>SMDT1,-",1
"MRPL32>TPGS1,+",1
"MYOF>MRPL19,+",1
"KAT6A>MRPL19,-",1
"CMIP>STX12,-",1
"S100A11>STX12,+",1
"TMX1>AGPAT2,+",1
"KAT6A>AGPAT2,+",1
"LSM8>AGPAT2,+",1
"CSDE1>ARCN1,-",1
"STX12>EDN1,+",1
"PSMD7>EDN1,-",1
"SHISA5>THSD7A,+",1
"SMDT1>THSD7A,+",1
"MYOF>BAZ2B,+",1
"PLK2>MAZ,+",1
"ARF3>MAZ,-",1
"PRDX6>MAZ,+",1
"KAT6A>MAZ,-",1
"EVA1C>PSMD12,+",1
"NUDT9>PSMD12,+",1
"CALM3>PSMD12,+",1
"ADGRL4>PSMD12,+",1
"ADGRL4>MEF2C,+",1
"BIRC2>NDUFS7,+",1
"KAT6A>PSMD7,-",1
"CRIM1>MEIS2,+",1
"HSPA1A>NDUFC2,+",1
"ASH1L>WWC2,+",1
"PSMB8-AS1>MRPL32,-",1
"IKBKB>AR,-",1
"KRIT1>ANKRD10,+",1
"DOC2B>ANKRD10,+",1
"KRIT1>GFOD2,+",1
"ASH1L>GFOD2,-",1
"APOL6>GFOD2,+",1
"CRIM1>GFOD2,+",1
"TNRC6B>NKTR,+",1
"ADAR>THUMPD1,+",1
"PTPRG>HEBP1,+",1
"HEBP1>WWC2,+",1
"ASH1L>EPS15,+",1
"PTPRG>CALCRL,+",1
"APOL6>CALCRL,+",1
"GSPT1>CALCRL,+",1
"THUMPD1>CALCRL,+",1
"PRDX6>DDX6,+",1
"HLA-DRA>HLA-DQA1,+",1
"CLU>PTPRG,-",1
"HEBP1>FOSL2,+",1
"TNRC6B>FOSL2,+",1
"BAZ2A>HIPK2,+",1
"HIPK2>ZBTB38,+",1
"PLK2>CCND2,-",1
"CDC42SE1>CCND2,+",1
"GON4L>CCND2,-",1
"PLRG1>CCND2,-",1
"SDCCAG8>BAG3,-",1
"CDC42SE1>BAG3,+",1
"CCND2>NIPSNAP2,+",1
"NEMF>NIPSNAP2,-",1
"UQCR10>PSMB8-AS1,+",1
"PSMB8-AS1>C6orf89,-",1
"ICA1>MMP24OS,+",1
"HSPA1A>MMP24OS,+",1
"ROMO1>MMP24OS,+",1
"PLRG1>TCEAL8,-",1
"CDC42SE1>TCEAL8,+",1
"HDAC7>TCEAL8,+",1
"PLK2>NEMF,+",1
"NIPSNAP2>CTBS,-",1
"DUT>GON4L,+",1
"NIPSNAP2>NDUFAF3,-",1
"PEA15>KIF1B,-",1
"CDC42SE1>CDC123,-",1
"ICA1>CDC123,+",1
"TCEAL8>CDC123,+",1
"MMP24OS>CDC123,+",1
"C6orf89>HNRNPU,+",1
"PLK2>HNRNPU,+",1
"CLU>DOC2B,+",1
"PTPRG>DOC2B,+",1
"PTPRG>EMCN,+",1
"DOC2B>ASH1L,+",1
"GFOD2>ASH1L,-",1
"NKTR>ASH1L,+",1
"MMP24OS>CRIM1,+",1
"HLA-DRA>CLU,+",1
"THUMPD1>NAP1L4,+",1
"KRIT1>NAP1L4,+",1
"REX1BD>NAP1L4,-",1
"ASH1L>MMP24OS,-",1
"CRIM1>MMP24OS,+",1
"TNRC6B>ADAR,+",1
"MMP24OS>ADAR,-",1
"COX7C>ADAR,+",1
"ASH1L>ATP6AP2,+",1
"HEBP1>ATP6AP2,+",1
"AHI1>KRIT1,-",1
"PTPRG>NUDT3,+",1
"CALCRL>NUDT3,+",1
"DOC2B>BHLHE40,+",1
"TRIM13>BHLHE40,+",1
"THUMPD1>CCDC50,+",1
"TNRC6B>CCDC50,+",1
"ADAR>MAPK1,+",1
"CCDC50>AHNAK,+",1
"HEBP1>ASH1L,+",1
"NKTR>TNRC6B,+",1
"BAZ2A>ENTPD1,+",1
"EMCN>MAZ,+",1
"ADAR>SNX6,+",1
"CALCRL>SNX6,+",1
"TNRC6B>SNX6,+",1
"ILF3>APOL6,+",1
"CRIM1>APOL6,+",1
"CLU>APOL6,+",1
"CALCRL>APOL6,+",1
"PTPRG>PRDX6,-",1
"GFOD2>PRDX6,+",1
"HLA-DRA>REX1BD,+",1
"HLA-DQA1>HLA-DRA,+",1
"CLU>HLA-DRA,+",1
"PTPRG>H6PD,-",1
"GSPT1>H6PD,+",1
"HIPK2>H6PD,+",1
"CRIM1>PHKB,+",1
"BAZ2A>PHKB,-",1
"BAZ2A>CALM3,+",1
"CRIM1>CALM3,+",1
"ASH1L>CALM3,+",1
"HEBP1>CALM3,+",1
"CALM3>MAZ,+",1
"APOL6>MAZ,+",1
"RGCC>RAPGEF2,+",1
"DEGS1>EVA1C,+",1
"C9orf78>MOB1A,+",1
"AR>NDUFAF3,+",1
"PUM1>ERAP2,+",1
"TNFRSF1A>SHANK3,+",1
"TNFRSF1A>MAPK3,+",1
"EPM2AIP1>MAPK3,+",1
"MOB2>MAPK3,+",1
"PDLIM5>MAPK3,+",1
"AHI1>MAPK3,-",1
"MAPK3>AHI1,-",1
"PTMS>AHI1,-",1
"PDLIM5>AHI1,+",1
"PUM1>AR,+",1
"STRAP>NDUFAF3,+",1
"TNFRSF1A>MKLN1,+",1
"BTF3L4>RNASE1,+",1
"ETFB>DNM1L,+",1
"CD74>STK25,+",1
"WAC>LUC7L2,-",1
"NDUFAF3>LUC7L2,+",1
"MAZ>MFNG,+",1
"CMTM6>NUCB1,+",1
"SERTAD2>MRPS21,+",1
"DNM1L>VGLL4,+",1
"ARHGEF1>VGLL4,-",1
"NUCB1>VGLL4,+",1
"FNBP1>ERAP2,+",1
"PTMS>RAPGEF4,-",1
"PTMS>FAM160B1,+",1
"TNFRSF1A>FAM160B1,-",1
"TNFRSF1A>ELF1,-",1
"HDGF>RHEB,+",1
"ELF1>RHEB,+",1
"PTMS>RHEB,+",1
"FNBP1>EWSR1,+",1
"PTPRG>BCL10,+",1
"CAPRIN1>ARCN1,+",1
"CAPRIN1>MPRIP,+",1
"RHEB>HNRNPUL1,+",1
"UGCG>HNRNPUL1,+",1
"HNRNPUL1>KAT6B,+",1
"SELE>BAZ2A,+",1
"ECE1>SF3A3,+",1
"DR1>B4GALT1,+",1
"AR>TNFRSF1A,-",1
"RHEB>TNFRSF1A,+",1
"MPRIP>TNFRSF1A,+",1
"PTPRG>RNMT,+",1
"AHI1>VTI1B,-",1
"UGCG>VTI1B,+",1
"FNBP1>ATP6AP2,+",1
"ARCN1>KNOP1,+",1
"PTPRG>FAM160B1,+",1
"JAM2>VGLL4,+",1
"LUC7L2>VGLL4,+",1
"DNM1L>ETFB,+",1
"NUCB1>MAZ,+",1
"RAB21>MPRIP,+",1
"SDHC>MPRIP,+",1
"ARHGEF1>MPRIP,-",1
"SDHC>MRPL19,-",1
"ARHGEF1>MRPL19,-",1
"LUC7L2>SDCCAG8,+",1
"RAB21>ARHGEF1,+",1
"BTF3L4>ARHGEF1,+",1
"STRAP>AR,-",1
"HNRNPA1>AR,+",1
"THAP12>EIF4E,+",1
"RPAIN>PLK2,-",1
"ASH1L>EPM2AIP1,+",1
"THAP12>ABHD14B,+",1
"ARCN1>ABHD14B,-",1
"PUM3>ABHD14B,+",1
"EPM2AIP1>CAMSAP2,+",1
"N4BP2L2>CAMSAP2,+",1
"PSMB8-AS1>SCARB2,-",1
"PLK2>SCARB2,+",1
"ABCG2>PKP4,+",1
"ABHD14B>A4GALT,+",1
"CLEC2B>A4GALT,+",1
"HNRNPA1>MSN,+",1
"FNBP1>MIR99AHG,+",1
"BTF3L4>ETFB,+",1
"MRPS26>SERTAD2,-",1
"NDUFAF3>ETFB,+",1
"ARHGEF1>BAZ2A,+",1
"JAM2>VPS35,+",1
"MFNG>SPCS3,+",1
"FNBP1>SPCS3,+",1
"JAM2>SPCS3,+",1
"FNBP1>RAB21,+",1
"CD74>MARCKSL1,+",1
"HNRNPA1>MARCKSL1,+",1
"DNM1L>PLK2,+",1
"STK25>KLF13,+",1
"STRAP>FRY,-",1
"MFNG>WAC,+",1
"BTF3L4>FOSL2,+",1
"MRPS26>FOSL2,+",1
"HNRNPA1>CD74,+",1
"STRAP>ALG13,-",1
"DNM1L>SPEN,+",1
"SDHC>SPEN,-",1
"FNBP1>SPEN,+",1
"CD74>STRAP,-",1
"MIR99AHG>CMTM6,+",1
"NUCB1>CMTM6,+",1
"SF3A3>MKLN1,+",1
"MAPK3>EXOC7,-",1
"CLK1>CLEC2B,+",1
"NDUFS7>SEMA3F,+",1
"MPRIP>H2AFV,+",1
"MMRN2>H2AFV,+",1
"LPAR6>IFI44L,+",1
"SEPT10>IFI44L,+",1
"UBE2K>NR3C1,+",1
"ATXN7L3B>NLRP1,+",1
"HOXD9>PRDX5,-",1
"NET1>PRDX5,-",1
"GSPT1>PRDX5,-",1
"HNRNPM>PRDX5,+",1
"HOXD9>ATXN7L3B,+",1
"SEMA3F>NFATC3,-",1
"EPM2AIP1>UGCG,+",1
"UBE2K>NFATC3,+",1
"PGP>UBE2K,+",1
"PLK2>UBE2K,-",1
"ARF5>PSMD12,+",1
"PITPNB>HDAC2,-",1
"ARCN1>MRPL32,-",1
"PGP>MRPL32,-",1
"RPRD2>ZFP36L2,+",1
"CCDC50>ZFP36L2,+",1
"RPRD2>MAPRE1,+",1
"RBP5>MAPRE1,+",1
"PRDX1>RPRD2,+",1
"MAGOH>RPRD2,+",1
"GSPT1>LPAR6,+",1
"ADGRL4>BIRC2,+",1
"ZBTB38>WDFY1,+",1
"WDFY1>RAI14,-",1
"C9orf78>RAI14,+",1
"KRIT1>C8orf59,+",1
"NME4>ARCN1,-",1
"PRPF38B>ARCN1,+",1
"RBM6>ARCN1,+",1
"MRPL32>CLK1,+",1
"CNOT8>CLK1,+",1
"CTSA>CLK1,-",1
"DNAJB9>CLK1,-",1
"DNAJB9>AR,-",1
"ARCN1>HNRNPA2B1,+",1
"RPRD2>ADGRL4,+",1
"CCDC50>ADGRL4,+",1
"ARCN1>NET1,+",1
"ATXN7L3B>RBP5,+",1
"SMIM19>REX1BD,+",1
"MRPL32>MAGOH,-",1
"NDUFS7>MAGOH,+",1
"LPAR6>HOXD9,+",1
"RPRD2>BIRC2,+",1
"SEPT10>BIRC2,+",1
"RPRD2>NDUFS7,+",1
"MAGOH>NDUFS7,+",1
"LPAR6>NDUFS7,-",1
"HOXD9>PITPNB,-",1
"EXOC7>FNBP1,+",1
"PTMS>FNBP1,+",1
"PUM1>FNBP1,+",1
"RHEB>FNBP1,-",1
"AHI1>PDLIM5,+",1
"KNOP1>PHKB,+",1
"CAPRIN1>PHKB,+",1
"UGCG>CAPRIN1,+",1
"B4GALT1>CAPRIN1,+",1
"MAZ>CAPRIN1,+",1
"EPM2AIP1>ECE1,-",1
"MOB2>PTPRG,+",1
"ECE1>HDGF,-",1
"RHEB>HDGF,+",1
"MAZ>MEIS2,+",1
"TNFRSF1A>MEIS2,-",1
"DR1>GCC2,+",1
"UGCG>GCC2,+",1
"PTMS>FAM171A1,+",1
"B4GALT1>ANKRD10,-",1
"MAPK3>NFE2L1,+",1
"AHI1>NFE2L1,-",1
"CAPRIN1>UGCG,+",1
"SELE>PAN3,+",1
"NET1>ARF5,+",1
"CCDC50>PLK2,+",1
"PGP>TTC14,+",1
"HNRNPM>TIMMDC1,+",1
"PDCD7>PRDX1,+",1
"UBE2K>PRDX1,-",1
"RPRD2>PRDX1,+",1
"PITPNB>PRDX1,+",1
"NET1>GSPT1,+",1
"LPAR6>GSPT1,+",1
"LPAR6>CCDC50,+",1
"PDCD7>ARCN1,-",1
"KNOP1>CCDC12,-",1
"MMRN2>SEPT10,+",1
"ARCN1>PDCD7,-",1
"PGP>PDCD7,-",1
"MAGOH>HNRNPM,+",1
"ATXN7L3B>MYO9A,+",1
"POGZ>MYO9A,-",1
"PGP>MYO9A,+",1
"ATXN7L3B>TSPYL2,+",1
"NDUFS7>NRARP,+",1
"POGZ>NRARP,+",1
"ARF5>NRARP,+",1
"ARF5>MPRIP,+",1
"SMIM19>MPRIP,-",1
"TES>CLEC2B,+",1
"PDCD10>EPHX1,+",1
"RBM6>WDFY1,+",1
"CCT7>FNBP1,+",1
"AP2B1>KRR1,+",1
"CCT7>NBEAL1,+",1
"CCT7>ENSA,+",1
"DDX3X>ENSA,+",1
"PTMS>ENSA,+",1
"NBEAL1>ENSA,+",1
"SLC30A1>HADHA,+",1
"FBXO9>PLK2,+",1
"AP2B1>PLK2,+",1
"ENSA>PLK2,+",1
"NFATC3>FNBP1,+",1
"MPRIP>JUN,+",1
"CLEC2B>SOCS3,+",1
"SRPK2>INTS6,+",1
"SLC25A36>JAM2,+",1
"DDX3X>SLC30A1,+",1
"ERP29>SLC30A1,+",1
"IFI44>VPS35,+",1
"NFATC3>SNTB2,+",1
"DDX3X>SNTB2,+",1
"EPHX1>SNTB2,+",1
"BHLHE40>EPHX1,-",1
"BHLHE40>ANKIB1,+",1
"DDX3X>ANKIB1,+",1
"SLC30A1>KRR1,+",1
"AP2B1>ERP29,+",1
"CCT7>ERP29,+",1
"SLC30A1>ERP29,+",1
"ARFRP1>CCDC50,-",1
"LTA4H>TNRC6B,+",1
"ROMO1>TNRC6B,-",1
"ARFRP1>TNRC6B,-",1
"CAPRIN1>OGT,+",1
"USP15>OGT,+",1
"NBEAL1>OGT,+",1
"DNAJC8>OGT,-",1
"DNAJC8>AR,-",1
"NAP1L4>AR,+",1
"ERP29>ZNF503,+",1
"CCT7>YWHAG,+",1
"FBXO9>GTF2I,+",1
"SPCS3>GTF2I,+",1
"DUSP5>GTF2I,+",1
"DDX3X>NUCB1,+",1
"SLC30A1>NUCB1,+",1
"AR>PRDX2,+",1
"PTMS>MPRIP,+",1
"ERP29>G3BP1,+",1
"NFATC3>G3BP1,+",1
"DUSP5>G3BP1,-",1
"ERP29>CCT7,+",1
"EPHX1>CHCHD2,+",1
"CCT7>CHCHD2,+",1
"ERP29>CHCHD2,+",1
"HNRNPU>G3BP1,+",1
"S100A11>CLIC1,+",1
"MOB1A>SMC4,+",1
"MRPS26>SMC4,+",1
"C9orf78>SMC4,+",1
"ADAR>SMC4,+",1
"ATP2B1>CSNK2B,+",1
"C9orf78>RPS6KA3,+",1
"HNRNPU>RPS6KA3,+",1
"ELK4>RPS6KA3,+",1
"MRPS26>NBEAL1,+",1
"NBEAL1>JAM2,+",1
"CCT7>JAM2,+",1
"PTMS>PRDX6,+",1
"KLF4>PRDX6,+",1
"PHB>ARFRP1,-",1
"ATP6AP2>ARFRP1,-",1
"JAM2>ADAR,-",1
"MYOF>ADAR,+",1
"MYOF>PHB,+",1
"C9orf78>PLK2,+",1
"CLIC1>RAB5C,+",1
"PHB>NAP1L4,-",1
"C9orf78>CFL1,+",1
"C9orf78>CLIC1,+",1
"AP2B1>SRPK2,-",1
"BHLHE40>NET1,+",1
"DDX3X>EDN1,-",1
"FBXO9>NET1,+",1
"INTS6>NET1,+",1
"ERP29>IFI44,+",1
"NEAT1>IFI44,+",1
"NUDCD1>FBXO9,-",1
"AP2B1>FBXO9,+",1
"NUDCD1>AP2B1,-",1
"INTS6>TRA2B,+",1
"DDX3X>TRA2B,+",1
"MPRIP>MRPL32,-",1
"CCT7>MRPL32,+",1
"FNBP1>SLC25A36,+",1
"MPRIP>ZMIZ1,+",1
"ERP29>ZMIZ1,+",1
"IFI44>ZMIZ1,+",1
"SNTB2>NFATC3,+",1
"FBXO9>PDCD7,+",1
"NUCB1>PDCD7,+",1
"SRPK2>PDCD7,+",1
"SLC30A1>GLUD1,+",1
"GTF2I>CXorf36,-",1
"PTMS>EDN1,+",1
"ERP29>EDN1,+",1
"NAP1L4>HNRNPA1,+",1
"CAPRIN1>PLK2,+",1
"ARCN1>WARS,+",1
"USF2>PUM3,-",1
"MMP24OS>COPS8,+",1
"ASH1L>MPRIP,+",1
"MMP24OS>MPRIP,+",1
"NAPRT>MPRIP,-",1
"ABHD14B>EDN1,+",1
"MMP24OS>EDN1,+",1
"TES>MMP24OS,+",1
"EPM2AIP1>MMP24OS,+",1
"SCARB2>PUM3,+",1
"RPAIN>PUM3,+",1
"TES>PUM3,+",1
"ASH1L>APPBP2,-",1
"ERGIC3>OPTN,+",1
"PKP4>APPBP2,+",1
"AR>APPBP2,+",1
"ARCN1>ABCG2,+",1
"USF2>ABCG2,-",1
"APPBP2>ASH1L,-",1
"CLEC2B>ETFB,+",1
"EPM2AIP1>ETFB,+",1
"PSMB8-AS1>KLF7,+",1
"MMP24OS>KLF7,+",1
"RAB5A>LIX1L,+",1
"PDCD10>LIX1L,+",1
"A4GALT>COPS8,+",1
"PKP4>COPS8,-",1
"EPM2AIP1>TES,+",1
"KLF7>TES,+",1
"LSM6>WARS,+",1
"GLUD1>WARS,+",1
"A4GALT>EPS15,-",1
"LSM6>EPS15,+",1
"GLUD1>ANKRD17,-",1
"PUM3>BHLHE40,+",1
"SCARB2>BHLHE40,+",1
"CLEC2B>BHLHE40,+",1
"A4GALT>ZNF22,+",1
"PKP4>CXorf36,+",1
"NAPRT>CXorf36,+",1
"PSMB8-AS1>CXorf36,-",1
"LSM6>SHISA5,+",1
"BHLHE40>SHISA5,+",1
"THAP12>USF2,-",1
"MMP24OS>USF2,-",1
"GLUD1>TSC22D1,+",1
"ARCN1>ATP6AP2,-",1
"PUM3>ATP6AP2,+",1
"ASH1L>RAB5A,+",1
"RPAIN>LSM6,-",1
"ABHD14B>LSM6,+",1
"MMP24OS>TES,+",1
"PDCD10>CYB5R1,+",1
"RPAIN>CLK1,-",1
"CLEC2B>CLK1,+",1
"ATN1>G3BP1,+",1
"LDHA>G3BP1,+",1
"EIF2S1>RARA,+",1
"NEMF>SELENOH,+",1
"ATN1>SELENOH,+",1
"MEIS2>TPD52L1,+",1
"ARFRP1>MRPL19,+",1
"CAPRIN1>MIEN1,+",1
"LTA4H>CCT7,+",1
"SNTB2>DNAJC8,+",1
"OPTN>DNAJC8,+",1
"GNAQ>DNAJC8,+",1
"EGLN1>ROMO1,+",1
"MIEN1>CAPRIN1,+",1
"COX6B1>EGLN1,+",1
"ATN1>EGLN1,+",1
"SNTB2>CAMSAP2,+",1
"ATN1>CLEC2B,+",1
"ETS1>ATN1,+",1
"SNTB2>GNAQ,+",1
"OGT>NBEAL1,+",1
"ERGIC3>NBEAL1,-",1
"LTA4H>PKP4,+",1
"DNAJC8>OPTN,+",1
"MEIS2>G3BP1,+",1
"MIEN1>C1orf21,+",1
"N4BP2L2>MRPL32,-",1
"SERBP1>C1orf21,+",1
"EPM2AIP1>MRPL32,+",1
"ETFB>NAPRT,-",1
"GLUD1>NAPRT,+",1
"EPM2AIP1>NAPRT,+",1
"LTA4H>CELF1,+",1
"CAMSAP2>CELF1,+",1
"NBEAL1>ERGIC3,-",1
"SNTB2>HIPK3,+",1
"ARFRP1>LTA4H,+",1
"USP15>SERBP1,+",1
"SNTB2>SERBP1,+",1
"LDHA>SERBP1,+",1
"EGLN1>SIN3A,+",1
"COX6B1>SIN3A,+",1
"EIF2S1>SNTB2,-",1
"LDHA>SNTB2,+",1
"CAMSAP2>SNTB2,+",1
"TPD52L1>SNTB2,+",1
"LTA4H>NUDT3,+",1
"TXNRD1>EIF2S1,-",1
"CAMSAP2>EIF2S1,+",1
"ATN1>EIF2S1,+",1
"MIEN1>TXNRD1,-",1
"NET1>WDFY1,-",1
"NME4>WDFY1,+",1
"MAZ>CYBA,+",1
"PRELID1>MRPL32,-",1
"PRELID1>LTC4S,-",1
"RUNDC3B>LTC4S,+",1
"PNRC2>LTC4S,+",1
"ABCB1>PRPF38A,+",1
"JUNB>PRPF38A,+",1
"SPART>PRPF38A,-",1
"USP22>MED29,-",1
"RBBP6>MED29,+",1
"SCARB2>MED29,+",1
"RUNDC3B>PLSCR1,+",1
"AKR1C3>PLSCR1,+",1
"KDM2A>JAM2,+",1
"ASH1L>EGLN1,+",1
"KRIT1>JAM2,+",1
"ASH1L>JAM2,+",1
"MED29>PLK2,+",1
"SPART>PLK2,+",1
"PNRC2>JUN,+",1
"FOSB>JUN,+",1
"PNRC2>CXorf36,+",1
"RUNDC3B>AR,+",1
"DEK>SNTB2,+",1
"AR>SF1,-",1
"RTL8A>ARHGEF12,+",1
"FOSB>LTC4S,+",1
"PRPF38A>ABCB1,+",1
"CSRNP1>GOSR1,+",1
"PLSCR1>AKR1C3,+",1
"PNRC2>EGLN1,+",1
"RUNDC3B>PRDX6,-",1
"PKM>INTS6,+",1
"CSRNP1>INTS6,+",1
"NLRP1>RUNDC3B,+",1
"HNRNPA1>RUNDC3B,+",1
"PRDX6>TMEM255B,+",1
"ASH1L>TMEM255B,+",1
"RBBP6>ECHS1,+",1
"MED29>FAM50A,+",1
"EIF3G>FAM50A,-",1
"HNRNPA1>FAM50A,+",1
"LTC4S>USP22,-",1
"SPART>USP22,+",1
"PRPF38A>PKM,+",1
"JUNB>PKM,+",1
"AR>SPART,-",1
"ASH1L>JUNB,+",1
"CSRNP1>JUNB,+",1
"EIF3G>JUNB,+",1
"RUNDC3B>BHLHE40,+",1
"CSRNP1>BHLHE40,+",1
"KDM2A>AKR1C3,-",1
"ATL3>ARHGEF12,+",1
"RPAIN>USP14,-",1
"ARHGEF12>PLSCR1,+",1
"PREX2>ATF3,+",1
"ZNF462>ATP6AP2,-",1
"BEX4>ATP6AP2,+",1
"PDCD7>JUNB,+",1
"PREX2>JUNB,-",1
"PREX2>LPAR6,+",1
"AP2B1>LPAR6,+",1
"JUN>RTL8A,+",1
"RAB21>RTL8A,+",1
"PDCD7>HNRNPUL1,+",1
"GATA2>HNRNPUL1,+",1
"RAB21>HNRNPUL1,+",1
"LSM8>NUDT14,+",1
"PREX2>NUDT14,+",1
"PREX2>SELE,-",1
"PREX2>RAB21,+",1
"MRPL32>AP2B1,-",1
"RAB21>AP2B1,+",1
"ATP5MG>AP2B1,+",1
"DOCK4>AP2B1,+",1
"YLPM1>PDCD7,+",1
"DEK>PDCD7,+",1
"GSPT1>PDCD7,+",1
"RPAIN>PDCD7,-",1
"AP2B1>ATF3,+",1
"RAB21>ATF3,+",1
"GSPT1>LSM8,+",1
"PKM>GATA2,+",1
"AP2B1>LSM8,+",1
"PDCD7>LSM8,+",1
"PDCD7>YLPM1,+",1
"SF1>YLPM1,-",1
"AP2B1>ATP5MG,+",1
"RPAIN>ATP5MG,+",1
"PREX2>DEK,+",1
"AP2B1>DEK,+",1
"RAB21>DEK,+",1
"POLR2K>SCARB2,+",1
"GSPT1>BEX4,+",1
"JUN>APPBP2,+",1
"AP2B1>APPBP2,+",1
"RAB21>APPBP2,-",1
"RAB21>POLR2K,+",1
"LSM8>POLR2K,+",1
"CYSTM1>EDN1,-",1
"PCBP1>ZNF462,+",1
"DEK>ZNF462,+",1
"ATL3>ZNF462,+",1
"POLR2K>GSPT1,+",1
"LSM8>GATA2,+",1
"PREX2>GATA2,+",1
"BHLHE40>EGLN1,-",1
"PLSCR1>NFATC3,+",1
"NUDT14>PREX2,+",1
"ATL3>SNCG,-",1
"LARS>LIMS1,+",1
"DAZAP2>LIMS1,+",1
"UBE2K>LARS,+",1
"IFI16>MAST4,+",1
"NET1>MAST4,-",1
"RAB11A>ATP5MC2,+",1
"ARF3>ATP5MC2,+",1
"DAZAP2>BRI3,+",1
"LARS>BRI3,-",1
"BRI3>ARF3,+",1
"ATL3>LUC7L2,+",1
"ATL3>HSP90AA1,+",1
"KDM2A>LTN1,+",1
"STMN1>MRPL32,+",1
"LSM12>MRPL32,+",1
"LARS>MRPL32,-",1
"SKAP2>MRPL32,+",1
"OPTN>MRPL32,-",1
"MAST4>NUCB1,+",1
"MPRIP>NUCB1,-",1
"AR>NUCB1,+",1
"OPTN>NUCB1,-",1
"ATL3>NUCB1,+",1
"TIAL1>JUN,+",1
"MAST4>CYB5R1,+",1
"BRI3>C1orf115,+",1
"MFSD10>C1orf115,-",1
"LUC7L2>C1orf115,+",1
"ZBTB38>CYBA,+",1
"JAM2>CYBA,-",1
"ZMYND11>PABPN1,+",1
"BTN3A3>PHACTR2,+",1
"RHOB>PHACTR2,+",1
"EIF4A3>SPCS3,+",1
"ZMYND11>SPCS3,+",1
"DEGS1>CDC42SE1,-",1
"EIF4A3>CDC42SE1,-",1
"RGCC>CDC42SE1,+",1
"PEBP1>TMEM259,+",1
"JAM2>TMEM259,+",1
"PSMD12>JAM2,+",1
"MFGE8>JAM2,+",1
"MFSD10>SKAP2,+",1
"VPS35>IFI16,+",1
"TIAL1>IFI16,+",1
"LARS>IFI16,+",1
"LARS>TIAL1,-",1
"MAST4>ALDH9A1,+",1
"STMN1>CNIH4,-",1
"ALDH9A1>CNIH4,+",1
"VPS35>CNIH4,-",1
"TIAL1>SH3BP5,+",1
"MFSD10>SH3BP5,+",1
"ALDH9A1>SH3BP5,+",1
"AR>PSMA2,-",1
"UBE2K>SDCCAG8,+",1
"VPS35>SDCCAG8,+",1
"ARF3>MPRIP,+",1
"MFSD10>PDCD7,+",1
"MAST4>PLK2,-",1
"CDC42SE1>CXorf36,-",1
"TXNDC17>AR,-",1
"LSM6>AR,+",1
"RHOC>RUNX1T1,+",1
"PRPF38A>RUNX1T1,+",1
"EIF3G>RUNX1T1,+",1
"EIF3G>KRIT1,+",1
"NLRP1>CSRNP1,+",1
"PNRC2>CSRNP1,+",1
"ASH1L>NEAT1,+",1
"KDM2A>ASH1L,+",1
"PNRC2>CCDC68,+",1
"PKM>RHOC,+",1
"RBBP6>TOB1,+",1
"CSRNP1>TOB1,+",1
"JUNB>TOB1,+",1
"PRPF38A>TXNIP,+",1
"RUNDC3B>TXNIP,+",1
"ALDH9A1>PSMA2,-",1
"MFSD10>PSMA2,+",1
"ATL3>RAB11A,+",1
"ATL3>LSM6,+",1
"IFI16>MTSS1,+",1
"ATP6AP2>MTSS1,+",1
"DAZAP2>NET1,+",1
"SELE>NET1,+",1
"UBE2K>NET1,-",1
"STMN1>ARF6,-",1
"TIAL1>ARF6,+",1
"DAZAP2>ARF6,+",1
"C1orf115>CDC42SE1,-",1
"CDC42SE1>TXNDC17,+",1
"C1orf115>MFSD10,-",1
"AR>MFSD10,+",1
"SKAP2>LSM12,+",1
"DAZAP2>LSM12,+",1
"UBE2K>LSM12,-",1
"ALDH9A1>LSM12,+",1
"LUC7L2>OPTN,-",1
"MAST4>OPTN,+",1
"HSP90AA1>UBE2K,-",1
"IFI16>UBE2K,+",1
"ATL3>NBEAL1,-",1
"CDC42SE1>NBEAL1,+",1
"MAST4>NBEAL1,+",1
"MRPL32>PREX2,+",1
"GATA2>PREX2,+",1
"PEPD>PTBP3,-",1
"SMDT1>PDCD7,+",1
"ALG13>TSC22D1,+",1
"PHKB>TSC22D1,+",1
"SNRPE>SDAD1,+",1
"CFDP1>SDAD1,+",1
"MAPK1IP1L>HERPUD1,+",1
"ZC3H18>YPEL2,-",1
"USHBP1>YPEL2,+",1
"TNRC6B>YPEL2,+",1
"MEIS2>PDCD7,+",1
"SNRPE>PDCD7,+",1
"MAPK1IP1L>PDCD7,+",1
"NRP1>EDN1,-",1
"ZC3H18>NFE2L1,+",1
"HS3ST1>EDN1,+",1
"JAM2>ATP6AP2,+",1
"CCDC68>HNRNPUL1,+",1
"KRIT1>WBP2,-",1
"JAM2>C9orf78,+",1
"DNAJB9>C9orf78,+",1
"AURKAIP1>C9orf78,+",1
"MRPL32>HK1,+",1
"DNAJB9>HK1,+",1
"NR2F6>DNAJB9,+",1
"C9orf78>DNAJB9,+",1
"MAPK1IP1L>TSC22D1,+",1
"MRPS26>ABCB1,+",1
"NFE2L1>TPM4,+",1
"PHKB>ALG13,+",1
"JAM2>NFE2L1,+",1
"ALG13>NFE2L1,+",1
"PSMA3>ATP2B1,-",1
"NFE2L1>UBE2D2,+",1
"MAPK1IP1L>UBE2D2,+",1
"RPAIN>SNRPE,+",1
"MRPS26>SNRPE,+",1
"USHBP1>MAP3K11,+",1
"CCDC68>MAP3K11,+",1
"JAM2>USHBP1,+",1
"ZC3H18>USHBP1,+",1
"PHKB>SMDT1,-",1
"RPAIN>TNRC6B,-",1
"SYNJ2BP>KLF7,+",1
"ZC3H18>KLF7,-",1
"MEIS2>KLF7,+",1
"TSC22D1>KLF7,-",1
"PDCD7>KLF7,+",1
"MRPS26>CFDP1,+",1
"SDAD1>CFDP1,+",1
"PHKB>CFDP1,+",1
"RPAIN>EPHX1,-",1
"NRP1>EPHX1,+",1
"PRPF38B>DNAJB9,+",1
"JAM2>SLC25A3,+",1
"NME4>SLC25A3,+",1
"KRIT1>C1orf43,-",1
"RAB5A>IRF2,+",1
"RAB5A>NME4,+",1
"PLA2G16>SMIM26,+",1
"UQCR11>NR2F6,-",1
"UQCR11>PLK2,+",1
"NR2F6>PLA2G16,-",1
"CTSA>PLA2G16,+",1
"NME4>RBM6,-",1
"SNCG>RBM6,+",1
"WDFY1>RBM6,+",1
"UQCR11>RBM6,+",1
"IRF2>NET1,-",1
"DNAJB9>RPL17,+",1
"NME4>RPL17,+",1
"CYTOR>ZBTB38,+",1
"IRF2>RAB5A,+",1
"PRPF38B>RAB5A,+",1
"LSM12>AURKAIP1,+",1
"C9orf78>AURKAIP1,+",1
"ZBTB38>AURKAIP1,+",1
"CTSA>PTBP3,+",1
"GLG1>PTBP3,+",1
"NRIP1>PTBP3,+",1
"NET1>IRF2,-",1
"NET1>C1orf43,+",1
"KRIT1>LSM12,+",1
"UQCR11>MPRIP,+",1
"AURKAIP1>LSM12,+",1
"NME4>TPD52L1,+",1
"CNOT8>ITM2A,+",1
"WBP2>ITM2A,+",1
"LSM12>NRIP1,-",1
"C9orf78>MRPL32,+",1
"C9orf78>JAM2,+",1
"PRPF38B>JAM2,-",1
"CTSA>BTN3A3,+",1
"NR2F6>UQCR11,-",1
"PRPF38B>UQCR11,+",1
"PLA2G16>SNCG,+",1
"RBM6>SNCG,+",1
"C9orf78>PRPF38B,-",1
"LSM12>PRPF38B,+",1
"UQCR11>PRPF38B,+",1
"DNAJB9>PRPF38B,+",1
"ZBTB38>PRPF38B,+",1
"MRPL32>CYTOR,+",1
"PLA2G16>CYTOR,-",1
"GLG1>CYTOR,+",1
"ZBTB38>CYTOR,+",1
"RBM6>MPRIP,+",1
"NRP1>NFE2L1,+",1
"SMDT1>CXorf36,+",1
"ARHGEF12>PREX2,+",1
"SMARCA5>MPRIP,+",1
"SMARCA5>DCTN6,-",1
"HIPK3>SOCS3,+",1
"RUNDC3B>JUN,+",1
"DIAPH1>ANKRD40,-",1
"RUNDC3B>ANKRD40,-",1
"PABPN1>ANKRD40,+",1
"CXorf36>ANKRD40,-",1
"JUN>ANKRD40,+",1
"DIAPH1>SNX6,-",1
"LASP1>GCC2,-",1
"ACTR3>MPRIP,+",1
"MFNG>RUNDC3B,-",1
"NRP1>CXorf36,+",1
"ACTR3>RUNDC3B,+",1
"NEAT1>NUDT3,+",1
"SNX6>NUDT3,+",1
"ACTR3>NDUFC2,+",1
"HIPK3>NDUFC2,+",1
"TCEAL8>NDUFC2,+",1
"TCEAL8>DNAJB1,-",1
"GCC2>LPAR6,+",1
"MFNG>LPAR6,-",1
"MRPS26>LPAR6,+",1
"JUN>LPAR6,+",1
"MPRIP>DCTN6,-",1
"MFNG>EIF2S1,-",1
"JUN>SMARCA5,+",1
"SOCS3>EMC4,+",1
"JUN>RHOB,+",1
"ZNF462>ATL3,+",1
"POLR2K>ATL3,+",1
"RAB21>RPAIN,-",1
"ATP5MG>RPAIN,+",1
"ATL3>RPAIN,-",1
"APPBP2>NUCB1,+",1
"RTL8A>NUCB1,+",1
"TMX1>NUCB1,+",1
"DOCK4>JAM2,+",1
"USP16>CAPZB,-",1
"CYSTM1>CAPZB,+",1
"ZNF462>MRPL32,+",1
"PREX2>MRPL32,+",1
"DOCK4>MRPL32,+",1
"ZNF462>HIPK3,+",1
"HNRNPUL1>HIPK3,+",1
"ATP6AP2>CYSTM1,+",1
"POLR2K>CYSTM1,+",1
"HIPK3>AR,+",1
"GATA2>AR,+",1
"NRBP1>EMC4,+",1
"STAG1>EMC4,-",1
"SMARCA5>NUDCD1,-",1
"MFNG>NUDCD1,+",1
"NEAT1>CCDC186,+",1
"ACTR3>CAV2,+",1
"ANKRD40>DIAPH1,-",1
"DIAPH1>SYF2,+",1
"NDUFC2>TMX1,+",1
"EIF2S1>PTMS,+",1
"PLK2>STMN1,-",1
"SELE>STMN1,-",1
"NEAT1>AR,+",1
"NRP1>LSM7,+",1
"SMDT1>LSM7,-",1
"UBE2D2>RPAIN,-",1
"UBE2D2>PREX2,+",1
"KLF7>NR4A1,+",1
"USHBP1>NR4A1,+",1
"MOCS2>PHKB,-",1
"MRPS26>NRP1,+",1
"TNRC6B>NRP1,+",1
"JUN>CCDC68,+",1
"MRPS26>HS3ST1,-",1
"ZC3H18>HS3ST1,+",1
"MEIS2>HS3ST1,+",1
"PDCD7>USP8,+",1
"MAP3K11>JUN,+",1
"PSMA3>SYNJ2BP,-",1
"RUNDC3B>CCDC50,+",1
"MEIS2>CAV2,-",1
"RUNDC3B>CCDC186,-",1
"ANKRD40>CAV2,+",1
"MFNG>G3BP1,+",1
"SLC30A1>MRPS26,+",1
"AR>NRBP1,-",1
"TCEAL8>NRBP1,+",1
"ANKRD40>ARCN1,-",1
"LASP1>ARCN1,-",1
"NUDT3>ARCN1,-",1
"PABPN1>ARCN1,-",1
"EIF2S1>ARCN1,+",1
"SYF2>MEIS2,-",1
"MRPS26>MEIS2,+",1
"RUNDC3B>SLC30A1,+",1
"EMC4>SLC30A1,+",1
"SMARCA5>SLC30A1,-",1
"LPAR6>SLC30A1,+",1
"AR>MFNG,-",1
"SNX6>MFNG,+",1
"CAV2>ACTR3,+",1
"SSNA1>CXorf36,+",1
"BHLHE40>SSNA1,-",1
"NRBP1>SSNA1,-",1
"JUN>SSNA1,-",1
"ACTR3>SSNA1,+",1
"SPPL2A>KLF7,-",1
