ERG,count
"B2M>HLA-C,+",11
"HLA-C>B2M,+",9
"MT-ATP6>MT-ND3,+",7
"HLA-C>HLA-B,+",7
"MT-ND3>MT-ATP6,+",6
"HLA-B>HLA-C,+",5
"MT-CO2>MT-ATP6,+",5
"MT-CO2>MT-CO3,+",5
"HLA-A>HLA-B,+",4
"MT-CO2>MT-ND3,+",4
"RPLP1>RPL10A,+",4
"B2M>HLA-A,+",3
"UBE2E3>SLC38A2,+",3
"RPS12>RPS28,+",3
"MT-ATP6>MT-ND4,+",3
"PSMD8>PSMB5,+",3
"HLA-A>HLA-C,+",3
"RAB13>NASP,+",3
"TPR>NASP,+",3
"HLA-B>HLA-A,+",3
"MALAT1>CD46,+",3
"MT-ND4>MT-ATP6,+",3
"RPS26>RPL10A,+",3
"MT-ATP6>MT-CO3,+",3
"MT-CO3>MT-ATP6,+",3
"HLA-B>B2M,+",3
"TRIP11>YES1,+",3
"MT-CO3>MT-CO2,+",3
"SPARCL1>GIMAP7,+",3
"UBE2E3>MGP,-",3
"RPS28>TMEM14C,+",3
"RPS28>UQCRB,+",3
"ATP6V0E1>PSMB5,+",3
"TSPAN7>GIMAP7,+",3
"CCND3>KANSL1,+",3
"RPL6>EEF2,+",3
"ATP6V0E1>ZNF22,+",3
"HLA-C>HLA-A,+",3
"RPS21>CD151,+",2
"RPL15>EEF2,+",2
"RPS28>GAPDH,+",2
"RPS8>RPLP1,+",2
"MT-CO2>TLE1,+",2
"MT-CO2>KANSL1,+",2
"RPS28>RPSA,+",2
"ANAPC11>TMEM14C,+",2
"DDX5>NDUFA8,+",2
"EHD4>PRPSAP1,+",2
"MT-CYB>MT-ATP6,+",2
"RPL15>RPL6,+",2
"PAM>FAM171A1,+",2
"EEF2>PCMTD1,+",2
"NACA>DUSP1,+",2
"EEF2>EIF4B,+",2
"EEF2>KANSL1,+",2
"PQLC1>GIMAP7,+",2
"RPS28>TUBA1B,+",2
"B2M>HLA-B,+",2
"RPL10A>UQCRB,+",2
"MALAT1>CALD1,+",2
"CDC37>TIAM1,+",2
"TRIP11>ITGB1,+",2
"PSMD8>YES1,+",2
"PSMB5>POLR2C,+",2
"RPS28>RPS16,+",2
"ATP6V0E1>DDX5,+",2
"ATP6V0E1>RBMX,+",2
"WAC>PRRC2C,+",2
"EEF2>RNF115,+",2
"KANSL1>DYNC1H1,+",2
"ERG>KAT6B,+",2
"RPL34>EIF4B,+",2
"RPS28>EIF3F,+",2
"EEF1A1>RPS26,+",2
"FNBP1L>NASP,+",2
"MT-ND3>MT-CO3,+",2
"NFIA>SDCBP,+",2
"RPS15A>RPL41,+",2
"TACC1>ERGIC2,+",2
"MT-CYB>MT-CO3,+",2
"PSMD8>CHMP2A,+",2
"ATP6V0E1>TPR,+",2
"ITGB1>TACC1,+",2
"RPL34>NACA,+",2
"SZRD1>CDC37,+",2
"NACA>EEF1A1,+",2
"RPS5>RPL11,+",2
"RPS24>RPS28,+",2
"RPS12>RPSA,+",2
"KANSL1>MFGE8,+",2
"RPL15>RPS28,+",2
"WTAP>ERG,+",2
"SNRPC>ERG,+",2
"RPS28>RPL27,+",2
"NASP>MYL12A,+",2
"PCMTD1>KANSL1,+",2
"PSMD8>MYL12B,+",2
"YWHAB>PSMB5,+",2
"WAC>ERG,+",2
"RPLP1>RPLP0,+",2
"PAFAH1B2>PRRC2C,+",2
"RPS12>RPS21,+",2
"MT-CO1>MT-CO3,+",2
"RPL27>UQCRB,+",2
"HIGD2A>VAPA,+",2
"MYL12B>IFITM2,+",2
"RPL41>EEF2,+",2
"MT-ND3>MT-CO2,+",2
"PEA15>HMGN2,+",2
"HIGD2A>TMEM141,+",2
"GHITM>ERG,+",2
"B2M>RPS28,+",2
"CDC37>FNBP1L,+",2
"RPS21>RPL27,+",2
"RPS12>NACA,+",2
"RPL27>POLR2C,+",2
"DDX5>YWHAB,+",2
"KANSL1>RBMX,+",2
"NACA>EIF3L,+",2
"RPS12>RPS5,+",2
"RPL30>EEF1A1,+",2
"TMEM141>PLEKHA3,+",2
"DYNC1H1>SELENOM,+",2
"UBA52>RPS28,+",2
"RPL7A>RPS28,+",2
"ABCD4>COX7B,+",2
"RPL27>DUSP1,+",2
"RPL27>PCMTD1,+",2
"ZNF326>PCMTD1,+",2
"TCF25>PCMTD1,+",2
"RPS28>RPLP1,+",2
"EIF4B>PSMB5,+",2
"RPS24>RPL27,+",2
"MT-ND1>MT-ND3,+",2
"CD151>SUN2,+",2
"MALAT1>CDC37,+",2
"PSMB5>MGP,+",2
"UBE2E3>FAM171A1,+",2
"RPS28>PSMD8,+",2
"HIGD2A>CCDC6,+",2
"KANSL1>UBE2Z,+",2
"CDC37>IFITM2,+",2
"PRPSAP1>ERG,+",2
"SNHG7>MFGE8,+",2
"ANKRD12>WTAP,+",2
"COPS2>PDLIM5,+",2
"EEF2>COX7B,+",2
"TRIP11>EIF4B,+",2
"UBE2E3>RPS6KA2,+",2
"RPLP1>RPS28,+",2
"RPS12>RPL27,+",2
"RPS28>RPS24,+",2
"MED13>NASP,+",2
"RPL10A>RPS21,+",2
"CD151>MGP,+",2
"TACC1>PCMTD1,+",2
"CACYBP>ERG,+",2
"EEF2>MKLN1,+",2
"KANSL1>COPS2,+",2
"DCHS1>ERG,+",2
"RPS28>SERBP1,+",2
"PEA15>PSMD8,+",2
"ATP6V0E1>ITGB1BP1,+",2
"GPR146>GIMAP7,+",2
"MT-ATP6>MT-ND1,+",2
"MED13>GIMAP7,+",2
"TMEM109>TTC1,+",2
"RPL10A>RPS28,+",2
"RPL41>RPLP1,+",2
"UBA52>RPL27,+",2
"HLA-A>B2M,+",2
"DAZAP1>ERG,+",2
"SUN2>ERG,+",2
"EIF4B>TCF25,+",2
"CDC37>SARS,+",2
"WAC>ATRAID,+",2
"PNRC2>TRIM56,+",2
"ZNF22>PROCR,+",2
"PDLIM5>LEPR,+",2
"NACA>RPS28,+",1
"YWHAB>CCT7,+",1
"KANSL1>UBE2M,+",1
"PSMC5>TMEM141,+",1
"CCND3>CCT7,-",1
"GFOD2>CCT7,+",1
"CIAO1>CCT7,+",1
"MFGE8>UBE2M,+",1
"TXNDC17>ERG,+",1
"SLC38A2>RPL27,+",1
"TMED10>CENPC,+",1
"ARPC1A>FAM171A1,+",1
"ATP6V0E1>NUDCD1,+",1
"AGFG1>ERG,+",1
"SLC38A2>FAM171A1,+",1
"TMED10>TRIP11,+",1
"GPATCH8>CENPC,+",1
"NACA>RPL6,+",1
"ERG>HECTD1,+",1
"EIF4B>MTPN,+",1
"KANSL1>ENO1,+",1
"ENO1>CTNNB1,+",1
"AP2B1>HECTD1,+",1
"MTPN>CTNNB1,+",1
"UPF3A>HECTD1,+",1
"NFIA>CTNNB1,+",1
"NACA>BTF3,+",1
"DDX5>BTF3,+",1
"CELF1>BTF3,+",1
"USP53>LSM8,+",1
"PLRG1>BTF3,+",1
"SLC38A2>ARPC1A,+",1
"MTPN>PSMC5,+",1
"ATP6V0E1>JMJD1C,+",1
"LAMTOR4>CIAO1,-",1
"EEF2>JMJD1C,+",1
"GHITM>CIAO1,+",1
"CNOT7>MTPN,-",1
"UQCRB>CASC4,+",1
"VEZF1>MTPN,+",1
"GPATCH8>FAM171A1,+",1
"RICTOR>ENO1,-",1
"VEZF1>CTNNB1,+",1
"HECTD1>CASC4,+",1
"CD151>CASC4,+",1
"TMEM141>ACVRL1,+",1
"PHC3>UBE2M,-",1
"CDC42BPA>MKLN1,+",1
"TXNDC17>PHC3,-",1
"EGFL7>DHRS3,+",1
"STOML2>NR5A2,+",1
"ACVRL1>GON4L,+",1
"AGFG1>IPO11,+",1
"PSMD8>IPO11,-",1
"ACVRL1>PCMTD1,+",1
"SZRD1>SCARF1,-",1
"KMT2A>SCARF1,+",1
"STOML2>PCMTD1,+",1
"STOML2>HLA-C,+",1
"CDC42BPA>PYURF,+",1
"EGFL7>SCARF1,+",1
"SCARF1>AHNAK,+",1
"UBE2M>USP8,+",1
"SCARF1>MFGE8,+",1
"YWHAB>TMEM141,+",1
"STOML2>MKLN1,+",1
"GON4L>USP8,+",1
"IPO11>USP8,+",1
"SCARF1>USP8,+",1
"IPO11>PSMD8,-",1
"ALDH2>PSMD8,+",1
"NR5A2>RAD21,+",1
"PHC3>RAD21,+",1
"STOML2>AGFG1,+",1
"KAT6B>LONP2,+",1
"ACVRL1>TMEM141,+",1
"SZRD1>LONP2,+",1
"PYURF>ACVRL1,+",1
"STOML2>PHC3,+",1
"PSMD8>GON4L,+",1
"FCHSD2>TIMP2,+",1
"PHC3>TIMP2,+",1
"CD151>ANKRD12,+",1
"AGFG1>MFGE8,+",1
"RPS21>ANKRD12,+",1
"UPF3A>ERG,+",1
"ALDH2>CALD1,+",1
"SCARF1>DNASE2,+",1
"TAX1BP1>DNASE2,+",1
"USP8>FCHSD2,+",1
"PHC3>CDC42BPA,+",1
"PYURF>TTC14,-",1
"LONP2>FAM171A1,+",1
"KAT6B>CTNND1,+",1
"TXNDC17>SZRD1,+",1
"PHC3>STOML2,+",1
"AGFG1>STOML2,+",1
"CTNND1>NASP,+",1
"ARRDC3>TTC14,+",1
"USP8>IFITM2,+",1
"NR5A2>EGFL7,+",1
"FCHSD2>IFITM2,+",1
"PHC3>IFITM2,+",1
"IPO11>KMT2A,+",1
"TXNDC17>KMT2A,+",1
"TM2D1>KMT2A,+",1
"SCARF1>EGFL7,+",1
"PHC3>KMT2A,+",1
"STOML2>KMT5A,+",1
"PYURF>TM2D1,+",1
"USP8>TM2D1,+",1
"VEZF1>TMEM141,+",1
"SLC38A2>LAMTOR4,+",1
"PLRG1>TGFB1I1,-",1
"PRKAR2A>KLHL5,+",1
"OCIAD1>HLA-B,+",1
"PRKAR2A>HLA-B,+",1
"TMX3>OCIAD1,+",1
"TMX3>GIMAP7,+",1
"OCIAD1>GIMAP7,+",1
"LTN1>PTPRK,+",1
"PSMB5>CD46,+",1
"MKL2>ZNF503,+",1
"ZNF326>ZNF503,+",1
"ECHS1>ZNF503,-",1
"KLHL5>TRIM38,+",1
"LTN1>TRIM38,+",1
"MMP24OS>ZNF326,-",1
"PRKAR2A>ZNF326,+",1
"MAP1LC3A>MYO6,+",1
"LTN1>TIAM1,+",1
"CD46>LTN1,+",1
"POLR2J>LTN1,+",1
"PHC3>HSBP1,+",1
"ECHS1>HSBP1,+",1
"MMP24OS>JCAD,+",1
"ZNF326>PRKAR2A,+",1
"ADGRL4>SPARCL1,+",1
"ACTR10>HMGN2,+",1
"MKL2>SPARCL1,+",1
"MRPS5>COPS2,+",1
"ZNF22>COPS2,+",1
"HMGN2>COPS2,+",1
"ACTR10>SFSWAP,+",1
"HMGN2>SFSWAP,+",1
"PURB>SFSWAP,+",1
"FCHSD2>SFSWAP,-",1
"SEC31A>SFSWAP,+",1
"ITSN2>PLRG1,+",1
"TMX4>PLRG1,+",1
"HLA-B>PLRG1,+",1
"SEC31A>NDUFB3,+",1
"HMGN2>DYNC1H1,+",1
"SFSWAP>SNRPD2,+",1
"MRPS5>SNRPD2,+",1
"ZNF22>SNRPD2,+",1
"GPATCH8>SON,+",1
"FAM171A1>PRKAR2A,+",1
"MRPS5>EIF4B,+",1
"HLA-B>EIF4B,+",1
"CD46>CLEC14A,+",1
"CD46>JCAD,+",1
"ZFP36L1>JCAD,+",1
"RND3>CLPTM1,+",1
"MYO6>TM2D1,-",1
"NFE2L1>NEDD8,+",1
"RAB7A>NEDD8,+",1
"OCIAD1>NEDD8,+",1
"TMEM141>NEDD8,+",1
"PTPRK>MKL2,+",1
"TMEM141>MKL2,+",1
"ZNF503>MKL2,+",1
"SPARCL1>MKL2,+",1
"PRKAR2A>UBE2E3,+",1
"GIMAP7>MFGE8,+",1
"ZNF503>MFGE8,+",1
"ZNF503>MAP1LC3A,+",1
"ECHS1>SUPT4H1,+",1
"MKL2>SUPT4H1,+",1
"LTN1>TBL1XR1,-",1
"MMP24OS>TBL1XR1,+",1
"SPARCL1>HLA-C,+",1
"CFAP20>ERG,+",1
"EIF4G2>HNRNPR,+",1
"S100A13>C1orf122,+",1
"SNAPIN>C1orf122,+",1
"ZNF326>ZFP36L1,+",1
"GIMAP7>PHC3,+",1
"ZFP36L1>RAB7A,-",1
"KLHL5>EIF4H,+",1
"ZNF503>TM2D1,+",1
"RAB7A>TACC1,+",1
"ZFP36L1>TACC1,+",1
"RAB7A>CFAP20,+",1
"MMP24OS>EIF4H,+",1
"POLR2J>EIF4H,+",1
"ECHS1>EIF4H,+",1
"ZNF326>EIF4H,+",1
"TM2D1>EIF4H,+",1
"OCIAD1>SF3B6,+",1
"TMEM141>RAB7A,+",1
"PRKAR2A>SF3B6,+",1
"PSMB5>TMX3,+",1
"PSMB5>MMP24OS,+",1
"PHC3>PEA15,+",1
"NFE2L1>PSMB5,+",1
"TMEM141>PSMB5,+",1
"KLHL5>PSMB5,+",1
"MMP24OS>PSMB5,+",1
"ZFP36L1>ADGRL4,+",1
"ZNF22>HMGN2,+",1
"COPS2>HMGN2,+",1
"VEZF1>TGFB1I1,+",1
"BCL3>YWHAB,+",1
"SLC38A2>NUDCD1,+",1
"CCND3>LAMTOR4,+",1
"ENO1>LAMTOR4,+",1
"YWHAB>ARGLU1,+",1
"TMEM141>ARGLU1,-",1
"MFGE8>CCND3,-",1
"RPS6KA3>CCND3,+",1
"YWHAB>CCND3,+",1
"ENO1>CCND3,+",1
"YWHAB>DDX5,+",1
"YWHAB>BCL3,+",1
"RPS6KA3>ST13,+",1
"HLA-C>ST13,+",1
"GFOD2>ST13,+",1
"CIAO1>KMT2A,+",1
"VEZF1>KMT2A,+",1
"KANSL1>KMT2A,+",1
"CCND3>MFGE8,-",1
"YWHAB>MFGE8,+",1
"KANSL1>DOCK1,+",1
"LAMTOR4>DOCK1,+",1
"CIAO1>LAMTOR4,-",1
"MTPN>PTMS,+",1
"RPL7A>RPL27,+",1
"TGFB1I1>PLRG1,-",1
"NFIA>ZNF326,+",1
"RICTOR>ZNF326,+",1
"LAMTOR4>RICTOR,+",1
"CELF1>RICTOR,+",1
"YWHAB>HS3ST1,+",1
"YWHAB>TACC1,+",1
"RPS6KA3>TACC1,+",1
"LAMTOR4>RPS6KA3,-",1
"ST13>RPS6KA3,+",1
"VEZF1>PCMTD1,-",1
"PTMS>PCMTD1,-",1
"LAMTOR4>PCMTD1,+",1
"YWHAB>NFIA,+",1
"MTPN>NFIA,+",1
"MTPN>VEZF1,+",1
"CNOT7>SPCS3,+",1
"RPS6KA3>SPCS3,-",1
"DDX5>SPCS3,+",1
"RPS6KA3>EIF4B,+",1
"PSMC5>EIF4B,+",1
"MTPN>CNOT7,-",1
"GFOD2>PSMB5,+",1
"LAMTOR4>PSMB5,+",1
"CELF1>MRPS34,+",1
"PLRG1>MRPS34,+",1
"SFSWAP>TMX4,+",1
"CNIH1>TMX4,+",1
"ZNF22>H2AFY,+",1
"TMX4>H2AFY,+",1
"CNIH1>EIF3M,+",1
"COPS2>EIF3M,+",1
"MRPL28>EIF3M,+",1
"FAM171A1>EIF3M,-",1
"HMGN2>ZNF22,+",1
"CMPK1>PPIG,+",1
"GPATCH8>PPIG,+",1
"HMGN2>PPIG,+",1
"NDUFB3>PPIG,+",1
"COPS2>MRPS5,+",1
"CNBP>ZBTB4,+",1
"GPATCH8>MRPL28,+",1
"COPS2>SUN2,+",1
"ACTR10>HLA-C,+",1
"FCHSD2>ITSN2,+",1
"ATRAID>ITSN2,+",1
"CMPK1>ITSN2,+",1
"HMGN2>CHMP4A,+",1
"H2AFY>CHMP4A,+",1
"ACTR10>CHMP4A,+",1
"ITSN2>SF3B6,+",1
"MTPN>MRPS34,+",1
"VEZF1>MRPS34,+",1
"ST13>SLC38A2,+",1
"FNBP1L>SEC31A,+",1
"COPS2>SEC31A,+",1
"CNBP>RPL7A,+",1
"EDF1>ACTR10,+",1
"TMX4>CNIH1,+",1
"SUMO2>CNIH1,+",1
"CMPK1>SF3B6,+",1
"HLA-B>SUMO2,+",1
"SFSWAP>FAM171A1,+",1
"PURB>FAM171A1,-",1
"FCHSD2>HSPA1B,+",1
"HMGN2>HSPA1B,+",1
"TACC1>S100A6,+",1
"COPS2>CMPK1,+",1
"NDUFB3>GPATCH8,+",1
"COPS2>PAFAH1B1,+",1
"ZNF22>SUMO2,+",1
"GPATCH8>NUDCD1,+",1
"BNIP3L>ERG,+",1
"HECTD1>UPF3A,+",1
"ARPC3>SUCLG1,+",1
"NIPBL>PPP2R2A,+",1
"ARPC3>EEF2,+",1
"MT-CYB>MT-ND1,+",1
"ARL2>SARS,+",1
"ARPC3>SARS,+",1
"ARPC3>ARL2,+",1
"NASP>ARL2,+",1
"NASP>SYNE2,-",1
"NIPBL>SYNE2,+",1
"MALAT1>SYNE2,+",1
"DNTTIP2>NIPBL,+",1
"KDM2A>NIPBL,+",1
"DNTTIP2>RBMX,+",1
"GHITM>KANSL1,+",1
"ARL2>KANSL1,+",1
"MALAT1>KANSL1,+",1
"KDM2A>FNBP1L,+",1
"CHD1>FNBP1L,+",1
"ARPC3>LSM14A,+",1
"GHITM>LSM14A,+",1
"ARL2>PAK2,+",1
"ANAPC11>KMT2A,+",1
"KANSL1>MT-CO2,+",1
"ARL2>BTN3A2,+",1
"ARL2>GHITM,+",1
"RPL37>PPIG,+",1
"RPL37>RPS21,+",1
"ABCD4>C19orf70,+",1
"HSBP1>ERG,+",1
"TTC1>ERG,+",1
"ANAPC11>GIMAP7,+",1
"NIPBL>KDM2A,+",1
"ANAPC11>NASP,+",1
"ARPC3>DNTTIP2,-",1
"FNBP1L>CDC37,+",1
"FNBP1L>GNB1,+",1
"SARS>CDC37,+",1
"PAK2>CTNND1,+",1
"NASP>IFITM2,+",1
"ARPC3>RPS16,+",1
"SARS>RPS16,+",1
"CDC37>CD151,+",1
"PCM1>CD151,+",1
"CDC37>GNB1,+",1
"WTAP>GNB1,+",1
"SARS>SUCLG1,+",1
"B2M>ATP6V1G1,+",1
"EIF4H>ZC3H13,+",1
"FNBP1L>MT-ND4,+",1
"NEDD8>UQCRB,+",1
"HIKESHI>HNRNPD,+",1
"NEDD8>CHMP4A,+",1
"ADH5>CHMP4A,+",1
"CSDE1>CHMP4A,+",1
"TMEM123>ENSA,+",1
"SRRM1>ENSA,+",1
"SNF8>HOXD8,-",1
"TTC1>HOXD8,+",1
"ADH5>HOXD8,+",1
"SRRM1>SURF4,+",1
"ARL2>SURF4,+",1
"SRRM1>CSDE1,+",1
"VPS36>SNF8,+",1
"SURF4>HIKESHI,+",1
"SURF4>FAM171A1,+",1
"VPS36>FAM171A1,-",1
"ISCU>ADH5,+",1
"SURF4>ADH5,+",1
"GAPDH>ADH5,+",1
"RPL22L1>ADH5,+",1
"ADH5>C6orf89,+",1
"MTRNR2L12>NFE2L1,+",1
"HNRNPD>NFE2L1,+",1
"CSDE1>UPF3A,+",1
"WTAP>WWP1,+",1
"MT-CYB>MT-ND3,+",1
"CHD1>MT-ND3,+",1
"GHITM>HNRNPU,+",1
"LSM14A>HNRNPU,+",1
"GNB1>WTAP,+",1
"DNTTIP2>WTAP,+",1
"CHD1>WTAP,+",1
"CHMP4A>UPF3A,-",1
"TMEM123>SPCS3,+",1
"VPS36>NFE2L1,-",1
"MTRNR2L12>SPCS3,+",1
"CSDE1>SRRM1,+",1
"ZNF22>SERBP1,+",1
"GAPDH>RPS28,+",1
"NEDD8>FLNA,+",1
"RPS28>NEDD8,+",1
"GAPDH>SUMO2,+",1
"C6orf89>ISCU,+",1
"TMEM123>ISCU,-",1
"NDUFC2>ZC3H13,+",1
"COX7B>ZC3H13,+",1
"SRRM1>ARHGDIA,+",1
"NUDCD1>MGP,-",1
"PSMB5>ITGB1BP1,+",1
"LAMTOR1>PQLC1,+",1
"CD74>PQLC1,+",1
"EEF1A1>PKM,+",1
"RPLP1>PKM,+",1
"RPL10A>RPL30,+",1
"RPL34>EEF1A1,+",1
"PSMB5>TPR,+",1
"EEF1A1>ABHD14B,+",1
"PTEN>NUDCD1,+",1
"SNHG7>SMG1,+",1
"RPL30>RPL10A,+",1
"ABHD14B>ENO1,+",1
"SMG1>ENO1,+",1
"PSMB5>EBF1,+",1
"SNHG7>EBF1,+",1
"ABHD14B>NAPA,+",1
"JUN>NAPA,+",1
"EEF1A1>JUN,+",1
"CELF1>JUN,+",1
"LRPAP1>FAM171A1,+",1
"EEF1A1>SUMO2,+",1
"TMEM14C>SUMO2,+",1
"PSMB5>SUMO2,+",1
"ERG>EIF4H,+",1
"CDC37>LRPAP1,+",1
"NDUFB9>ECSCR,+",1
"TMEM14C>ECSCR,+",1
"SETD5>MRPL32,+",1
"RPL10A>LEPR,+",1
"LEPR>C19orf70,+",1
"ECSCR>TMEM14C,+",1
"PSMB5>ZNF791,+",1
"CD74>ZNF791,+",1
"NUDCD1>EIF4H,+",1
"EEF1A1>RPLP0,+",1
"LRPAP1>EIF4H,+",1
"RPL34>HSP90AB1,+",1
"NUDCD1>PTEN,+",1
"RPL10A>RPLP1,+",1
"RPLP1>RPL41,+",1
"LEPR>SETD5,+",1
"CELF1>NDUFB9,+",1
"EEF1A1>RPS13,+",1
"SMG1>SNHG7,+",1
"SUMO2>FAM171A1,+",1
"EEF1A1>EEF2,+",1
"PRDX1>ZC3H13,+",1
"NDUFB9>CELF1,+",1
"CDC5L>RPL27,+",1
"MT-ATP6>RAB4A,+",1
"PCMTD1>RAB4A,+",1
"APOL3>RAB4A,+",1
"COX7B>SERBP1,+",1
"MT-ATP6>VPS37B,+",1
"ANAPC11>VPS37B,+",1
"RPL37>RPLP1,+",1
"NASP>C6orf89,+",1
"APOL3>C6orf89,+",1
"COX7B>APOL3,+",1
"CDC5L>APOL3,+",1
"RPS27A>RPL37,+",1
"EEF2>TRIM44,+",1
"NDUFC2>CD74,+",1
"RPL37>CD74,+",1
"ABCD4>TTC1,+",1
"PRDX1>TTC1,+",1
"RPL37>RPS12,+",1
"NASP>EEF2,+",1
"KLC1>EEF2,+",1
"MT-ATP6>RPL27,+",1
"C19orf70>ABCD4,+",1
"PRRC2C>ABCD4,-",1
"CYHR1>EIF4H,+",1
"ANAPC11>PCMTD1,+",1
"PRRC2C>PCMTD1,+",1
"HSBP1>COX7B,+",1
"RPS27A>ANKRD10,+",1
"C19orf70>ANKRD10,+",1
"EIF4H>ANKRD10,+",1
"NASP>CDC5L,+",1
"APOL3>CDC5L,+",1
"CDC5L>EIF4H,-",1
"RPL37>RPS28,+",1
"MT-ATP6>ABCD4,+",1
"ABCD4>ARRDC3,+",1
"EEF2>FCHSD2,+",1
"RPLP1>RPSA,+",1
"COX7B>RPSA,+",1
"GALNT1>PRDX1,+",1
"EEF2>PRDX1,+",1
"RPLP1>RPS19,+",1
"EEF2>RPS19,+",1
"MT-ATP6>CYHR1,+",1
"PSMD8>TTC1,+",1
"VEZF1>TMEM123,+",1
"TMED10>UPF3A,+",1
"C1orf115>GLRX5,+",1
"MGP>CFAP20,+",1
"KAT6B>CFAP20,+",1
"TNIP1>CFAP20,+",1
"MYO6>CFAP20,+",1
"HLA-C>ATP6V0E1,+",1
"TNIP1>NFIA,-",1
"CDK9>NFIA,+",1
"HLA-C>NFIA,+",1
"KAT6B>RPS6KA2,-",1
"ZNF791>RPS6KA2,+",1
"ARL2>RPS6KA2,+",1
"POLR2B>MED13,+",1
"CLEC1A>ZNF326,+",1
"MGP>ZNF326,+",1
"BTBD7>ZNF326,+",1
"C1orf115>ZNF326,+",1
"CLEC1A>LRRC8A,+",1
"STOM>LRRC8A,+",1
"LRRC8A>C1orf115,+",1
"GLRX5>C1orf115,+",1
"POLR2B>TNIP1,+",1
"ERH>PEA15,+",1
"REPIN1>CLEC1A,+",1
"NFIA>DPYSL3,+",1
"POLR2B>NUDCD1,+",1
"C1orf115>KAT6B,+",1
"STOM>JTB,+",1
"ARL2>JTB,+",1
"CDK9>ERH,+",1
"EEF2>ERH,+",1
"GLRX5>EEF2,+",1
"ZNF791>CDC37,+",1
"STOM>CDC37,+",1
"EEF2>TACC1,+",1
"MYO6>NUDCD1,+",1
"TXNDC17>DPYSL3,-",1
"EEF2>SERBP1,+",1
"POLR2B>ADGRL4,+",1
"MED13>ZNF22,+",1
"STRAP>BANF1,+",1
"C1orf115>MGP,+",1
"ZNF326>MGP,+",1
"GLRX5>C19orf70,+",1
"CLEC1A>DPYSL3,+",1
"EEF2>DPYSL3,-",1
"NFIA>TNIP1,-",1
"STOM>GLRX5,+",1
"LRRC8A>SMARCC1,+",1
"C1orf115>TRIP11,+",1
"MT-ND4>FKBP1A,+",1
"ATP6V0E1>FKBP1A,+",1
"CALD1>NRN1,+",1
"FAM200B>NRN1,+",1
"SLC38A2>NRN1,+",1
"ATP6V0E1>CD74,+",1
"USP53>LEPR,+",1
"DPYSL3>NEK7,+",1
"UPF3A>NEK7,+",1
"MT-ND1>MT-ATP6,+",1
"RPS21>RPL13A,+",1
"UPF3A>CALD1,+",1
"NRN1>DPYSL3,+",1
"HECTD1>DPYSL3,+",1
"RICTOR>DPYSL3,+",1
"HECTD1>FAM200B,+",1
"RPS21>SEC31A,+",1
"AK3>AP2B1,+",1
"SLC38A2>RPS20,+",1
"CASC4>CD151,+",1
"LSM8>CAVIN2,+",1
"NRN1>VPS53,+",1
"MBNL1>VPS53,+",1
"ANKRD12>RICTOR,+",1
"ZNF326>UQCRB,+",1
"RPS6KA2>TRIP11,+",1
"STRAP>TRIP11,+",1
"ADGRL4>TRIP11,+",1
"ZNF22>REPIN1,+",1
"CLEC1A>REPIN1,+",1
"POLR2B>NDUFB7,+",1
"ZNF326>EGFL7,+",1
"CLEC1A>EGFL7,+",1
"RPS6KA2>HOXD8,+",1
"GLRX5>UQCRB,+",1
"USP53>RICTOR,+",1
"TNIP1>ERG,+",1
"UPF3A>SBF2,+",1
"TMED10>ATP6V0E1,+",1
"MAP3K3>ATP6V0E1,+",1
"HECTD1>ATP6V0E1,+",1
"SLC38A2>UQCRB,+",1
"UPF3A>GPATCH8,+",1
"MT-ND1>GPATCH8,+",1
"DPYSL3>RICTOR,+",1
"GLRX5>KAT6B,-",1
"CLEC1A>SMARCC1,+",1
"PSMD8>ELF2,+",1
"RBMX>HDGF,+",1
"SMG1>SUPT4H1,+",1
"PLCB4>SUPT4H1,+",1
"COX4I1>CTSZ,+",1
"DPYSL3>CTSZ,+",1
"TPR>CTSZ,+",1
"SLC40A1>CTSZ,+",1
"USP53>CTSZ,+",1
"TGFB1I1>HNRNPR,+",1
"HNRNPUL1>RILPL2,+",1
"STRAP>TGFB1I1,+",1
"ATP6V1G1>TGFB1I1,+",1
"HNRNPUL1>HMGN1,+",1
"SLC40A1>HMGN1,-",1
"RBMX>EBAG9,+",1
"TMEM245>EBAG9,+",1
"TPR>HNRNPUL1,+",1
"TGFB1I1>YPEL5,-",1
"SLC40A1>YPEL5,-",1
"NUMA1>YPEL5,+",1
"MT-CO3>YPEL5,+",1
"MGP>YPEL5,-",1
"COX4I1>RBMX,+",1
"SNRNP200>ATP6V1G1,+",1
"COX4I1>ATP6V1G1,+",1
"STRAP>DLGAP4,+",1
"SRRM1>EEF2,+",1
"RPL22L1>NDUFB7,+",1
"TMEM123>AK2,+",1
"ADH5>COX5B,+",1
"TMEM123>ERG,+",1
"MXRA7>JTB,+",1
"POLR2C>JTB,+",1
"NDUFC2>STRAP,+",1
"YPEL5>DLGAP4,-",1
"HMGN3>DLGAP4,+",1
"SNRNP200>SNRNP70,+",1
"STRAP>TCF4,+",1
"DPYSL3>TCF4,+",1
"MT-CO3>TCF4,+",1
"RBMX>MT-CO3,+",1
"SNRNP200>MT-CO3,+",1
"HNRNPUL1>MT-CO3,+",1
"CALD1>MT-CO3,+",1
"MXRA7>COX4I1,+",1
"ATP6V1G1>COX4I1,+",1
"DLGAP4>HDGF,+",1
"HMGN3>HDGF,+",1
"PROCR>SMARCC1,+",1
"MKLN1>NUMA1,+",1
"STRAP>NDUFC2,+",1
"RBMX>C19orf70,+",1
"NDUFC2>C19orf70,+",1
"TPR>PLPP5,+",1
"HDGF>JUN,+",1
"PLCB4>JUN,+",1
"STRAP>C6orf89,-",1
"TPR>C6orf89,-",1
"TMEM245>C6orf89,+",1
"MGP>C6orf89,+",1
"SNRNP200>EIF4H,+",1
"MXRA7>SSR2,+",1
"TMEM245>SSR2,+",1
"POLR2C>MGP,+",1
"NUMA1>MGP,-",1
"KAT6B>ITGA1,+",1
"MED13>ITGA1,+",1
"CLEC1A>ITGA1,+",1
"ERG>MYO6,+",1
"RPS6KA2>ARL2,+",1
"GLRX5>ARL2,+",1
"ATP6V1G1>TPR,+",1
"CALD1>PLCB4,+",1
"SLC40A1>PLCB4,+",1
"TGFB1I1>SLC40A1,-",1
"MKLN1>DPYSL3,-",1
"MXRA7>DPYSL3,+",1
"EBAG9>TMEM245,+",1
"POLR2C>TMEM245,+",1
"RBMX>TMEM245,-",1
"C19orf70>ARL2,+",1
"MT-CO3>ARL2,+",1
"POLR2C>CYB5B,-",1
"ATP6V1G1>CYB5B,+",1
"CTSZ>SLC40A1,+",1
"HDGF>PLCB4,+",1
"MT-CO3>CALD1,+",1
"DPYSL3>NASP,+",1
"ADGRL4>SNRNP200,+",1
"POLR2C>SNRNP200,-",1
"NUMA1>SNRNP200,+",1
"HNRNPUL1>POLR2C,+",1
"CTSZ>POLR2C,+",1
"TMEM245>POLR2C,+",1
"RBMX>POLR2C,+",1
"RPL36>RPL28,+",1
"RPLP1>ARHGEF15,+",1
"HIGD2A>APOL6,+",1
"MAP4>UBE2M,+",1
"ITGB1BP1>WDR45B,+",1
"UHMK1>WDR45B,+",1
"INSR>WDR45B,+",1
"PDCD7>WDR45B,+",1
"RPS15A>INSR,+",1
"WDR45B>GSTO1,+",1
"EEF2>GSTO1,+",1
"ATF6>GSTO1,+",1
"SCARF1>NFE2L2,+",1
"SPCS3>NFE2L2,+",1
"RPS15A>NFE2L2,+",1
"LAMTOR4>ATP5MG,+",1
"UHMK1>BIRC6,+",1
"MGP>BIRC6,+",1
"PSMA7>BIRC6,+",1
"UHMK1>C19orf70,+",1
"ENG>C19orf70,+",1
"PDCD7>C19orf70,+",1
"ATF6>C1orf122,+",1
"STUB1>KHSRP,+",1
"EIF4H>KHSRP,+",1
"RPS15A>HIGD2A,+",1
"ATF6>HIGD2A,+",1
"SF3B6>RTCB,+",1
"CD151>CHURC1,+",1
"CREBZF>NFIC,+",1
"CHURC1>CD151,+",1
"UBALD2>EEF2,+",1
"ZNF148>CD46,+",1
"CD151>ZFHX3,+",1
"CHURC1>UBALD2,+",1
"CREBZF>UBALD2,+",1
"CTNNA1>UBALD2,+",1
"CDC37>ARPC1B,+",1
"UBALD2>NFE2L1,+",1
"UBALD2>ERG,+",1
"WTAP>NFE2L1,+",1
"KRTCAP2>EIF3I,+",1
"TMEM14C>EIF3I,+",1
"CDC37>EIF3I,+",1
"SCARB2>SF3B6,+",1
"CD151>RTCB,+",1
"CD151>SZRD1,+",1
"RPRD2>FGD5,+",1
"ZFHX3>FGD5,+",1
"SLC38A2>KHSRP,+",1
"HK1>KHSRP,+",1
"RPS15A>SON,+",1
"EEF2>CDH5,+",1
"SON>PDCD7,+",1
"LAMTOR2>PDCD7,+",1
"ENG>NASP,+",1
"SCARF1>GPR146,+",1
"ATP5MG>LAMTOR4,+",1
"SF3B6>TPR,+",1
"UHMK1>PSMD8,+",1
"NFE2L2>PSMD8,+",1
"ATP5MG>PSMD8,+",1
"WDR45B>SF3B6,+",1
"MGP>PSMA7,+",1
"UHMK1>ERG,+",1
"EIF3K>MYL12A,+",1
"RPS15A>MYL12A,+",1
"RPS28>SMAD1,+",1
"RPS26>RPL38,+",1
"RPS15A>RPL38,+",1
"MYO6>HM13,+",1
"PRPSAP1>HM13,+",1
"RPS15A>RPL27,+",1
"SPCS3>PDCD7,+",1
"RPS29>EEF2,+",1
"EEF2>SON,+",1
"RPS15A>CCDC85B,+",1
"PDCD7>SON,+",1
"RPS29>RPS15A,+",1
"ENG>SCAND1,+",1
"PDCD7>SCAND1,+",1
"LAMTOR4>SCAND1,+",1
"PSMA7>SCAND1,+",1
"RPS29>RPL27,+",1
"NFE2L2>ATF6,+",1
"TSC22D3>EIF4H,+",1
"ATP5MG>CCDC85B,+",1
"SF3B6>ENG,+",1
"ATF6>SCARF1,+",1
"ENG>PKP4,+",1
"ATP5MG>SLC38A2,+",1
"INSR>NFIB,+",1
"BIRC6>NFIB,+",1
"CDH5>NFIB,+",1
"SPCS3>MGP,+",1
"HIGD2A>MGP,+",1
"PSMA7>MGP,+",1
"KRTCAP2>UBE2M,+",1
"UBALD2>IL33,+",1
"PRPSAP1>GIMAP7,+",1
"ZFHX3>SUN2,+",1
"TMEM141>SYNE2,+",1
"MTPN>SYNE2,+",1
"RNF167>RPRD2,+",1
"PRDX1>RPRD2,+",1
"REPIN1>ATP6V1G1,-",1
"GHITM>HIGD2A,-",1
"NFIA>HIGD2A,+",1
"TMEM14C>HIGD2A,+",1
"RPRD2>TRIM44,+",1
"RPL27>SLC25A5,+",1
"NFIA>TMEM141,+",1
"POLR2C>FAM171A1,+",1
"NFIA>FAM171A1,+",1
"C1orf122>NFIA,+",1
"POLR2C>ARGLU1,+",1
"KHSRP>ARGLU1,+",1
"REPIN1>KANSL1,+",1
"RPRD2>KANSL1,+",1
"RPL10A>C6orf48,+",1
"SLC25A5>PCMTD2,-",1
"TIAM1>PCMTD2,+",1
"C6orf48>PCMTD1,+",1
"KIAA1551>PCMTD1,+",1
"PRDX1>CAVIN2,+",1
"EIF3F>RPLP1,+",1
"CIRBP>UBE2Z,+",1
"PNRC2>PSMB5,+",1
"RNF7>POLR2C,+",1
"CIRBP>POLR2C,+",1
"ATP5MD>POLR2C,+",1
"ZNF131>MXRA7,+",1
"CIRBP>MXRA7,+",1
"IFITM3>MXRA7,+",1
"ANAPC11>HLA-C,+",1
"RPLP1>EIF3F,+",1
"RPRD2>CAVIN2,+",1
"POLR2C>PSMD8,+",1
"NFIA>PSMD8,+",1
"PRDX1>KHSRP,+",1
"NFIA>KHSRP,+",1
"POLR2C>OCIAD1,+",1
"RNF167>OCIAD1,+",1
"NFIA>PRDX1,+",1
"EIF3F>PRDX1,+",1
"TMEM14C>C1orf122,+",1
"C6orf48>PCMTD2,+",1
"KIAA1551>PCMTD2,+",1
"RPL10A>PCMTD2,+",1
"IL33>BNIP3L,+",1
"RTCB>RALBP1,+",1
"TMBIM1>RALBP1,+",1
"UBALD2>RALBP1,+",1
"RPRD2>PCMTD2,+",1
"ZNF22>PCMTD2,-",1
"NFIC>PCMTD2,+",1
"NDUFB7>RPA2,+",1
"CD151>RPA2,+",1
"SZRD1>BNIP3L,+",1
"CDC37>VPS37B,+",1
"SUN2>KRTCAP2,+",1
"KRTCAP2>TPR,+",1
"NDUFB7>KIF5B,+",1
"ZFHX3>KIF5B,+",1
"NDUFB7>CDC37,+",1
"NFIC>ANKRD12,+",1
"CHURC1>ANKRD12,+",1
"CHURC1>TIAM1,+",1
"ZNF22>TIAM1,+",1
"ANKRD12>SUN2,-",1
"IL33>RALBP1,+",1
"WTAP>KRTCAP2,+",1
"NFIA>GHITM,+",1
"CREBZF>EIF4B,+",1
"GHITM>BAG5,+",1
"NFIA>MTPN,+",1
"UBE2E3>MTPN,+",1
"C1orf122>MTPN,+",1
"HIGD2A>LONP2,+",1
"PLRG1>CD151,-",1
"C1orf122>CD151,+",1
"TIAM1>TMEM14C,+",1
"KHSRP>ERG,+",1
"RPRD2>EIF4B,+",1
"CREBZF>LIMS2,-",1
"ANKRD12>EIF4B,+",1
"COPS6>TRIP11,-",1
"UBALD2>TRIP11,+",1
"CD151>ATP6V0E1,+",1
"UBALD2>CTNNA1,+",1
"CDC37>CTNNA1,+",1
"RPRD2>MCRIP1,+",1
"CDC37>MAP4,+",1
"SCARB2>LIMS2,-",1
"HLA-A>SPARCL1,+",1
"PAPOLA>NOL7,+",1
"TMEM14C>TRIM47,+",1
"NEDD8>COX7B,+",1
"VEZF1>DCHS1,+",1
"FAM171A1>DCHS1,+",1
"UGCG>PTPRK,+",1
"MAPK1>PTPRK,+",1
"HSBP1>DDX23,+",1
"MAPK1>DDX23,+",1
"COPS8>PSMA5,+",1
"RNF5>DYNC1H1,+",1
"BIRC2>DYNC1H1,+",1
"MAPK1>EEF2,+",1
"SPCS3>ARRDC3,+",1
"PTPRK>MAPK1,+",1
"SLC38A2>COPS8,+",1
"DCHS1>COPS8,+",1
"TTC3>WTAP,+",1
"POLR2C>KANSL1,+",1
"VEZF1>KANSL1,+",1
"FAM171A1>FAM177A1,+",1
"SPCS3>FAM177A1,+",1
"TTC3>FNBP1L,+",1
"FAM171A1>YES1,+",1
"SPCS3>UGCG,+",1
"BRAF>MALAT1,+",1
"SPCS3>MALAT1,+",1
"ANKRD12>RNF5,+",1
"TMEM141>SF3B6,+",1
"RPL10A>UQCRH,+",1
"DCHS1>MED13L,+",1
"BRD7>MED13L,+",1
"RNF5>SPCS3,+",1
"VEZF1>SPCS3,+",1
"MAPK1>SERBP1,+",1
"RNF5>SERBP1,+",1
"IFNGR1>SERBP1,-",1
"COPS8>TBL1XR1,+",1
"RNF5>ANKRD12,+",1
"FNBP1L>SLC38A2,+",1
"TBL1XR1>KMT2A,+",1
"PSMA5>KMT2A,+",1
"SPCS3>IL33,+",1
"RNF167>BRD7,+",1
"FNBP1L>BRD7,-",1
"RNF5>BRD7,+",1
"SPCS3>PKN2,+",1
"FAM171A1>ANKRD12,+",1
"RNF5>HSBP1,+",1
"IL33>HSBP1,+",1
"ARRDC3>FGD5,+",1
"DDX46>DAZAP1,+",1
"JAK1>RPS28,+",1
"SLC25A36>FAM171A1,+",1
"DDX46>FAM171A1,+",1
"NME4>CDC37,+",1
"RAB13>ECSCR,+",1
"CNBP>ECSCR,+",1
"SLC25A36>DAZAP1,+",1
"FAM171A1>DAZAP1,+",1
"HMGN2>DAZAP1,+",1
"JAK1>SLC25A36,+",1
"ZFHX3>SYPL1,+",1
"CNBP>SLC25A36,+",1
"UBE2E3>SLC25A36,+",1
"CALM2>SLC25A36,+",1
"DHX9>SLC38A2,+",1
"TXNDC12>SLC38A2,+",1
"JAK1>DDX46,+",1
"UFC1>DDX46,+",1
"UFC1>MAML2,+",1
"SLC38A2>TSC22D3,+",1
"CNBP>SYPL1,+",1
"UFC1>PCMTD2,+",1
"COPS8>FGD5,+",1
"CNBP>DPYSL3,+",1
"BRAF>UBE2E3,+",1
"RNF5>PCMTD1,+",1
"BIRC2>ERG,+",1
"ATRAID>PIK3C2A,+",1
"RAB13>ZFHX3,+",1
"DPYSL3>ZFHX3,+",1
"JAK1>ZFHX3,+",1
"RAB13>HMGN2,+",1
"SYPL1>HMGN2,+",1
"JAK1>YWHAB,+",1
"ZFHX3>PCMTD2,+",1
"ZFHX3>CD151,+",1
"PRPSAP1>UBE2E3,+",1
"ARPC1A>HOXD8,+",1
"UBE2E3>EHD4,+",1
"JAK1>EHD4,+",1
"CISD1>EHD4,+",1
"DPYSL3>CNBP,+",1
"CNBP>PCMTD2,+",1
"SLC38A2>PCMTD2,+",1
"FNBP1L>SF3B6,+",1
"NDUFA8>PSMA3,+",1
"PRPSAP1>NOL7,-",1
"ARL2>UBE2G2,+",1
"RPL41>RPS26,+",1
"MYO6>TSR2,+",1
"HM13>TSR2,+",1
"JTB>TSR2,+",1
"HM13>EIF3K,+",1
"UBE2Z>MPDZ,-",1
"HM13>MPDZ,-",1
"SPARCL1>MPDZ,+",1
"PRPSAP1>MPDZ,+",1
"EIF3K>MYO6,+",1
"RPS15A>SERBP1,+",1
"RPS24>SERBP1,+",1
"HM13>PRPSAP1,+",1
"SPARCL1>TSPAN7,+",1
"JTB>TIAM1,+",1
"RPL41>TIAM1,+",1
"UFD1>RBMX,+",1
"SMAD1>RBMX,+",1
"ACP1>S100A13,+",1
"DAZAP1>S100A13,+",1
"RPL41>HLA-C,+",1
"UFD1>FAAP20,+",1
"ACP1>UBE2Z,+",1
"DAZAP1>SYPL1,+",1
"MCRIP1>JTB,+",1
"KLHL5>ITGB1BP1,+",1
"FAAP20>ITGB1BP1,+",1
"UBE2Z>POLR2C,+",1
"MYL12A>FKBP1A,+",1
"RPS28>FKBP1A,+",1
"EIF3K>ECHS1,+",1
"MYO6>PAPOLA,+",1
"FAAP20>MGP,+",1
"MYO6>MCRIP1,+",1
"MYO6>JTB,+",1
"SMAD1>SYPL1,+",1
"EIF3K>JTB,+",1
"ITGB1BP1>KLHL5,+",1
"MCRIP1>ARPC1A,+",1
"RPS28>ARPC1A,+",1
"RPS28>HLA-B,+",1
"RPS24>RPS15A,+",1
"RPS15A>PURA,+",1
"RPL27>SYPL1,+",1
"HLA-A>SYPL1,+",1
"RPL41>DAZAP1,+",1
"SYPL1>ERG,+",1
"SPCS3>LPP,+",1
"TTC1>TMEM141,+",1
"USP14>CCDC47,+",1
"RPL3>CCDC47,+",1
"RPL3>PFDN5,+",1
"RPL10A>BCL3,+",1
"UBC>BCL3,+",1
"ARL2>TRAPPC2L,+",1
"FNBP1L>SPCS3,+",1
"TMEM141>CMPK1,+",1
"MAP3K3>CMPK1,+",1
"NEDD8>ARL2,+",1
"RPS15A>RPS6,+",1
"MAP3K3>ARL2,+",1
"NAPA>NDUFA8,+",1
"HSP90AB1>NDUFA8,+",1
"CAPZA2>NAPA,+",1
"ARL2>MAP3K3,+",1
"TTC1>CFAP36,+",1
"TMEM141>UBE2G2,+",1
"MAP3K3>UBE2G2,+",1
"CMPK1>UBE2G2,+",1
"RPS15A>RPS21,+",1
"SF3B6>FNBP1L,+",1
"TMEM141>LPP,+",1
"TTC1>ANP32B,+",1
"USP14>LPP,+",1
"PFDN5>RPL3,+",1
"MAP3K3>TTC1,+",1
"NEDD8>ATP5F1E,+",1
"MAP3K3>ATP5F1E,+",1
"RPS15A>RPL21,+",1
"ATP5F1E>USP14,+",1
"NEDD8>USP14,+",1
"PSMD8>ANP32B,+",1
"RPS15A>ANP32B,+",1
"TMEM141>FNBP1L,-",1
"NEDD8>ANP32B,+",1
"MYL12B>ATP5PO,+",1
"NDUFA8>ATP5PO,+",1
"TMEM141>ARF1,+",1
"USP14>ARF1,+",1
"UBC>RPS15A,+",1
"RPS21>RPS15A,+",1
"ARL2>PSMD7,+",1
"ATP5F1E>PSMD7,+",1
"PRPSAP1>UBE2Z,+",1
"PSMD8>TRIM47,+",1
"B2M>RPL6,+",1
"RPL27>CLEC14A,+",1
"PLRG1>COX5A,+",1
"SLC25A36>COX5A,+",1
"SCAND1>COX5A,+",1
"TCF25>CDC37,+",1
"SERBP1>CDC37,+",1
"CDC37>PLD3,+",1
"TPR>PLD3,+",1
"PSMA7>FAM129B,+",1
"ENO1>FAM129B,+",1
"DDX24>MBNL1,+",1
"PLVAP>NASP,+",1
"ASH1L>APP,+",1
"ASH1L>AHNAK,+",1
"PLVAP>MXD4,+",1
"RBMX>MXD4,+",1
"YES1>MXD4,+",1
"TCF25>NONO,+",1
"SLC25A36>PRPSAP1,+",1
"ENO1>PSMA7,+",1
"MXD4>PLVAP,+",1
"CTSC>PLVAP,+",1
"TCF25>XRCC6,+",1
"PLD3>XRCC6,-",1
"ASH1L>RLIM,+",1
"PSMD8>PCMTD1,+",1
"ENG>PSMC1,+",1
"UBA52>PSMC1,+",1
"ARRDC3>PSMD8,+",1
"RPLP1>DDX5,+",1
"MYH9>DDX5,+",1
"MT-CO3>MT-CO1,+",1
"MT-CO3>SON,+",1
"PDCD2>EBAG9,+",1
"PDCD2>PCMTD1,+",1
"PLEKHA3>PCMTD1,+",1
"SCAND1>RLIM,-",1
"CCDC85B>PSMB5,+",1
"COPS6>KANSL1,+",1
"BORCS7>ERG,+",1
"PLD3>RBM26,+",1
"CAMLG>RBM26,-",1
"LRRC8C>HDAC7,+",1
"ASH1L>CTSC,+",1
"UBE2Z>CTSC,+",1
"RPS28>PICALM,-",1
"MXD4>JCAD,+",1
"CYB5R1>PLRG1,+",1
"RPS24>PLRG1,+",1
"HLA-C>CENPC,+",1
"SSR2>STOML2,+",1
"ATP6V0E1>SDHD,+",1
"RPS20>RPS26,+",1
"RPS20>RPL10A,+",1
"DNM3>CHURC1,+",1
"FAM89A>CHURC1,+",1
"ELF2>CHURC1,+",1
"STOML2>SSR2,+",1
"RPS26>CENPC,+",1
"GALNT1>PLPP5,+",1
"CTSC>TRIM44,+",1
"DNM3>PLPP5,+",1
"ALDH9A1>PLPP5,+",1
"TXNDC12>PLPP5,+",1
"DNM3>ALDH9A1,+",1
"CALD1>ALDH9A1,+",1
"ATP6V0E1>EIF3M,+",1
"RPS20>EIF3M,+",1
"ALDH9A1>EIF3M,+",1
"RPL10A>EIF3M,+",1
"DNM3>STOML2,+",1
"PLD3>KMT2E,+",1
"CTSC>UBE2Z,+",1
"HDAC7>LRRC8C,+",1
"PDLIM5>UBE2Z,+",1
"RPS24>MT-CO2,+",1
"CYB5R1>DPYSL3,+",1
"DDX24>DPYSL3,+",1
"MXD4>YES1,+",1
"NONO>YES1,+",1
"PLD3>YES1,+",1
"SLC25A36>LRRC8C,+",1
"PDLIM5>LRRC8C,+",1
"TRIP11>TCF25,+",1
"ENO1>CYB5R1,+",1
"SCAND1>TCF25,+",1
"FAM129B>SCAND1,+",1
"COX5A>SCAND1,+",1
"RLIM>KANSL1,+",1
"TRIM44>DDX24,+",1
"RPS24>UBR5,+",1
"PLRG1>RBMX,+",1
"YES1>RBMX,+",1
"PSMA7>GIMAP7,+",1
"PSMD8>PSMC1,+",1
"UBA52>CLEC14A,+",1
"STOML2>HLA-DQA2,-",1
"SLC38A2>NDUFS8,+",1
"SARS>S100A13,+",1
"RPS16>RPS5,+",1
"RPL36>RPS26,+",1
"HOXD8>SRP9,+",1
"ITFG1>UBE2G2,+",1
"CDC37>UBE2G2,+",1
"RPL6>UBE2G2,+",1
"GPR146>UQCRH,+",1
"RPS28>UQCRH,+",1
"S100A13>CCT7,+",1
"CCT7>EIF4G2,+",1
"APOL6>WDR45B,+",1
"CPQ>MFGE8,+",1
"GPR146>ATXN2,-",1
"CCT7>ATXN2,+",1
"CDC37>MGP,+",1
"SRP9>PSMA7,+",1
"B2M>PSMA7,+",1
"CDC37>NDFIP1,+",1
"BAZ2B>NDFIP1,+",1
"MYL12B>LSM2,+",1
"GPR146>CPQ,+",1
"ATXN2>CPQ,+",1
"BAZ2B>PCMTD1,+",1
"S100A13>UBA6,+",1
"HOXD8>CNOT7,+",1
"APOL6>HIGD2A,+",1
"ATXN2>HIGD2A,+",1
"RPS26>HIGD2A,+",1
"APOL6>PRDX1,+",1
"CPQ>PRDX1,+",1
"LSM2>BRI3,+",1
"RPS16>BAZ2B,+",1
"GPR146>HSF1,+",1
"APOL6>UBA6,-",1
"RPS26>WTAP,+",1
"ATXN2>UBA6,+",1
"CDC37>GPR146,+",1
"CPQ>GPR146,+",1
"LSM2>GPR146,+",1
"S100A13>RPL27,+",1
"RPL6>MRPL22,+",1
"ITFG1>SNAPIN,-",1
"C1orf122>SNAPIN,+",1
"ATXN2>SNAPIN,+",1
"GPR146>LSM2,+",1
"RPL36>EEF2,+",1
"B2M>ATP6V0E1,+",1
"PLEKHA3>PDCD2,+",1
"MRPL20>PRDX1,+",1
"RPLP1>SRSF9,+",1
"STK25>SLC38A2,+",1
"UBA52>MYH9,+",1
"COPS6>MYH9,+",1
"ENG>MYH9,+",1
"PRRC2C>MYH9,+",1
"PLEKHA3>MYH9,+",1
"MRPL20>PDCD2,+",1
"MRPL20>UQCRB,+",1
"BORCS7>PDIA6,+",1
"COPS6>TMEM141,+",1
"SEC31A>TMEM141,+",1
"BORCS7>TMEM141,+",1
"PRDX1>TMEM141,+",1
"COPS6>ENG,+",1
"MYL12B>ENG,+",1
"PSMD8>ENG,+",1
"PRRC2C>NDUFS8,+",1
"RPLP1>NDUFS8,+",1
"STK25>PDIA6,+",1
"SRSF9>PDIA6,+",1
"RBMX>ERG,+",1
"UBA52>RPLP1,+",1
"PLPP5>ALDH2,+",1
"PRDX1>ARHGEF15,+",1
"RPLP1>ITGB1,+",1
"RPLP1>UBA52,+",1
"RPL27>MED13,+",1
"NDUFS8>PRRC2C,+",1
"MT-CO3>PRRC2C,+",1
"PLEKHA3>SEC31A,+",1
"PSMD8>RAC1,+",1
"ENG>TNFRSF1A,+",1
"ENG>COPS6,+",1
"RPLP1>TNFRSF1A,+",1
"PRRC2C>TNFRSF1A,+",1
"ITGB1>TNFRSF1A,+",1
"UBA52>DPYSL3,-",1
"PDCD2>PLEKHA3,+",1
"CCDC85B>PLEKHA3,+",1
"NDUFS8>PLEKHA3,+",1
"MT-CO1>COPS6,+",1
"PLEKHA3>COPS6,+",1
"PSMA3>EIF3M,+",1
"RPL10A>HLA-DQA2,+",1
"HOXD8>TRIM47,+",1
"RSRP1>RPL31,+",1
"NUDCD1>TNFRSF1B,+",1
"RPS24>RPS27L,+",1
"ATP5MD>MYL12B,+",1
"ATRAID>LGALS3,+",1
"ARGLU1>LGALS3,+",1
"DDB1>LGALS3,+",1
"RPS28>LGALS3,+",1
"RPS28>TSC22D2,+",1
"RPS27L>ARPC1A,+",1
"DDB1>ADD1,+",1
"FN1>ADD1,+",1
"MBD2>FN1,-",1
"RPS24>FN1,+",1
"TMEM14C>EIF4H,+",1
"ADD1>LEPR,+",1
"SERBP1>LEPR,+",1
"EIF4B>RAC1,+",1
"DDB1>NFIC,+",1
"NUDCD1>FCHSD2,+",1
"LEPR>FCHSD2,+",1
"RAC1>FCHSD2,+",1
"ERG>NUDCD1,+",1
"C1GALT1C1>NUDCD1,-",1
"MBD2>RPL27,+",1
"EEF2>DDB1,+",1
"TPR>RAPGEF3,+",1
"ADGRL4>PROCR,+",1
"RSRP1>KHSRP,+",1
"HIGD2A>KHSRP,+",1
"SUMO2>ANXA2,+",1
"RPS24>RPL7A,+",1
"ATP5MD>SERBP1,+",1
"ADD1>DDB1,+",1
"CASC4>DDB1,+",1
"RPS24>ATRAID,+",1
"ATRAID>SDCBP,+",1
"SIVA1>CASC4,+",1
"TMEM14C>CASC4,+",1
"FN1>ARGLU1,+",1
"DDB1>MBD2,+",1
"MBD2>BRD7,+",1
"MTPN>BRD7,+",1
"RPS24>RPL7,+",1
"RPS28>HOXD8,+",1
"TMEM14C>HOXD8,+",1
"ERG>SIVA1,+",1
"TNFRSF1B>C1GALT1C1,+",1
"DDB1>C1GALT1C1,+",1
"PRPSAP1>MED13,+",1
"PSMD8>ARPC3,+",1
"SUCLG1>PNRC2,-",1
"RAB13>PNRC2,+",1
"TRIM47>NDUFB7,+",1
"PNRC2>SUCLG1,-",1
"KANSL1>SUCLG1,+",1
"PNRC2>KANSL1,+",1
"MXRA7>ZNF131,+",1
"BTF3>ZNF131,+",1
"MED13>CAVIN2,+",1
"TMEM14C>CD151,+",1
"BTF3>UBA52,+",1
"BTF3>PCBP1,+",1
"PRPSAP1>TMEM14C,+",1
"MT-ATP6>NASP,+",1
"MT-CO2>TMEM141,+",1
"TRIM47>TMEM141,+",1
"UBA52>PSMD8,+",1
"TMEM141>BORCS7,+",1
"ATP5MD>BORCS7,+",1
"ANAPC11>CD151,+",1
"POLR2C>RNF7,+",1
"DDB1>CAVIN1,+",1
"SUCLG1>ADGRL4,+",1
"CASC4>RICTOR,+",1
"MBD2>CALD1,+",1
"BTF3>ANAPC11,+",1
"PRPSAP1>RAB13,+",1
"NASP>RAB13,+",1
"PSMB5>RAB13,+",1
"UBA52>BTF3,+",1
"TMEM14C>TCF4,+",1
"MED13>TCF4,+",1
"PRPSAP1>HOXD8,+",1
"PSMD8>RNF7,+",1
"TRIM47>HOXD8,+",1
"UBA52>ARL6IP4,+",1
"RAB13>CCT7,+",1
"UBA52>CCT7,+",1
"KANSL1>CCT7,+",1
"MT-CO2>CCT7,+",1
"RAB13>HMGB1,+",1
"IFITM3>HMGB1,+",1
"ADGRL4>EDF1,+",1
"CFAP20>RPL31,+",1
"EIF1B>TACC1,+",1
"ATP6V0E1>ELF2,+",1
"ENSA>PDLIM5,+",1
"STOML2>ITGB1BP1,+",1
"RPL10A>SERPING1,+",1
"PSMA3>SERPING1,+",1
"GALNT1>CALD1,+",1
"DNM3>CCDC25,+",1
"STOML2>TMEM14C,+",1
"ELF2>TMEM14C,+",1
"PLPP5>ANAPC11,-",1
"ITGB1BP1>TRIM38,+",1
"RPS26>NDUFA2,+",1
"ANAPC11>WDR45B,+",1
"CCDC25>WDR45B,+",1
"GALNT1>KANSL1,+",1
"RPL10A>KANSL1,+",1
"SDHD>TIAM1,+",1
"EIF3M>FAM89A,+",1
"VAPA>FAM177A1,+",1
"RNF187>FAM177A1,-",1
"ACVRL1>TPR,+",1
"TMEM141>RSRP1,+",1
"EIF1B>RSRP1,+",1
"ATP6V1G1>ITGB1BP1,+",1
"DNM3>ITGB1BP1,-",1
"STOML2>NUB1,+",1
"ELF2>PDLIM5,+",1
"ERG>ELF2,+",1
"PSMA3>ELF2,+",1
"CALD1>ATP6V0E1,+",1
"ADSS>ATP6V0E1,-",1
"DNM3>ATP6V0E1,+",1
"SDHD>ATP6V0E1,+",1
"CALD1>PDLIM5,+",1
"TXNDC12>PDLIM5,+",1
"SDHD>PDLIM5,+",1
"TXNDC12>DNM3,+",1
"RPL10A>RPS20,+",1
"SERPING1>MYL12A,+",1
"SDHD>CLEC1A,+",1
"ATP6V1G1>SON,+",1
"GALNT1>ADGRL4,+",1
"STOML2>ADGRL4,+",1
"ELF2>CD74,+",1
"RPL10A>CD74,+",1
"TMEM14C>RSRC2,+",1
"CALD1>GALNT1,+",1
"YES1>RSRP1,+",1
"KHSRP>RSRP1,+",1
"POLR2J>RSRP1,+",1
"KHSRP>HIGD2A,+",1
"CFAP20>EIF4H,+",1
"TMEM141>MATN2,+",1
"POLR2J>MATN2,+",1
"TACC1>MATN2,+",1
"RNF187>MATN2,-",1
"RNF187>GGNBP2,+",1
"TPR>GGNBP2,+",1
"VAPA>HIGD2A,+",1
"TRIP10>HIGD2A,+",1
"TMEM14B>PDAP1,+",1
"PDAP1>TMEM14B,+",1
"PROCR>SUN2,+",1
"POLR2J>SUN2,+",1
"ARRDC3>SUN2,+",1
"PROCR>ENG,+",1
"CRK>POLR2J,-",1
"EIF1B>POLR2J,+",1
"UBE2M>ZNF22,+",1
"YES1>ZNF22,+",1
"EIF1B>PDLIM5,+",1
"MATN2>LYPLA1,+",1
"ENG>TMEM14B,-",1
"RSRP1>FGFR1,+",1
"FIS1>EIF1B,+",1
"TRIP10>HSPA1B,+",1
"YES1>ADGRL4,+",1
"YES1>FIS1,+",1
"FIS1>RNF187,+",1
"KHSRP>RNF187,+",1
"TRIP10>UQCRB,+",1
"B2M>UQCRB,+",1
"ENG>UQCRB,+",1
"MATN2>CTNND1,+",1
"POLR2J>EIF1B,+",1
"RAPGEF3>TMEM14B,-",1
"YES1>CRK,+",1
"POLR2J>CRK,-",1
"PROCR>CFAP20,+",1
"ZNF22>UBE2M,+",1
"VAPA>NUMA1,+",1
"PDAP1>YES1,+",1
"KHSRP>ENSA,+",1
"HSPA1B>ENSA,+",1
"TRIP10>ENSA,+",1
"GIPC2>ERG,+",1
"YWHAB>DCHS1,+",1
"GON4L>NASP,+",1
"CASD1>CD151,+",1
"RPL39>PRPSAP1,+",1
"RPL37>CMPK1,+",1
"RPS28>RPS5,+",1
"CD46>ARL2,+",1
"PHACTR4>SLK,+",1
"NFIC>SLK,+",1
"RPL39>RPS21,+",1
"RPS28>MALAT1,+",1
"ERGIC2>DYNC1H1,-",1
"HNRNPA3>DYNC1H1,+",1
"ITGB1BP1>KANSL1,+",1
"WDR45B>KANSL1,+",1
"ATP5MC3>HOXD8,+",1
"LSM14A>OS9,+",1
"TCF25>TRIM44,+",1
"NASP>TRIM44,+",1
"C19orf70>MAP4,+",1
"CLEC14A>MAP4,+",1
"NASP>LRRC8A,+",1
"NASP>PCGF2,-",1
"TCF25>PCGF2,-",1
"PHACTR4>PRPSAP1,+",1
"ATP6V0E1>PRPSAP1,+",1
"CMPK1>PRPSAP1,+",1
"RPL39>RPL13,+",1
"MFGE8>EIF4B,+",1
"RPS28>EEF1A1,+",1
"RPS19>WDR45B,+",1
"ITGB1BP1>BAZ2B,+",1
"KANSL1>BAZ2B,+",1
"CD46>NFIC,+",1
"RPL39>NFIC,+",1
"ZNF518A>NFIC,+",1
"NACA>NFIC,+",1
"RPL34>RPL13,+",1
"NFIC>ZNF518A,+",1
"MAP3K11>UBE2L6,+",1
"RPL11>RPL39,+",1
"ATP6V0E1>ERGIC2,+",1
"HNRNPA3>ERGIC2,+",1
"CD46>ERGIC2,+",1
"RPL37>NACA,+",1
"WDR45B>HSBP1,+",1
"ITGB1BP1>HSBP1,+",1
"NACA>RPLP1,+",1
"APOL3>CLEC14A,+",1
"NASP>CD151,+",1
"RPL39>RPL41,+",1
"GPR146>CD151,+",1
"TCF25>ARL6IP5,+",1
"TM2D1>RPS26,+",1
"PABPN1>ANKRD29,+",1
"MAP4>ANKRD29,-",1
"RPL10A>C19orf70,+",1
"TRIM44>C19orf70,+",1
"PABPN1>TCF25,+",1
"NASP>TCF25,+",1
"RPS24>ATP5MC3,+",1
"CASD1>MED13,+",1
"TM2D1>MED13,+",1
"MAP4>MED13,+",1
"ARL6IP5>CASD1,+",1
"TM2D1>PABPN1,+",1
"TCF25>PABPN1,+",1
"CASD1>PABPN1,+",1
"CASD1>NASP,+",1
"OS9>NASP,+",1
"ATP5MC3>NASP,+",1
"TCF25>NASP,+",1
"C19orf70>RPL6,+",1
"GIMAP7>ARL6IP5,+",1
"RPS24>RPS16,+",1
"MAP4>KANSL1,+",1
"ARL6IP5>APOL3,+",1
"TM2D1>HERC4,+",1
"C19orf70>HERC4,+",1
"LRRC8A>HERC4,+",1
"RPL4>HERC4,+",1
"ARL6IP5>TMEM109,+",1
"CCND3>SLC25A6,+",1
"RPS26>APOL3,+",1
"GIMAP7>APOL3,+",1
"NASP>APOL3,+",1
"OS9>APOL3,-",1
"KANSL1>TM2D1,+",1
"TCF25>SOCS2,+",1
"KANSL1>SOCS2,+",1
"RPL4>SOCS2,+",1
"HERC4>ZNF518A,+",1
"GIMAP7>ZNF518A,+",1
"CD151>ZNF518A,-",1
"NASP>PSMD8,+",1
"LSM14A>PSMD8,+",1
"CLEC14A>LPCAT2,+",1
"RPL39>RPSA,+",1
"RPL13>RPL41,+",1
"NASP>GPR146,+",1
"CCND3>MAML2,-",1
"WWP1>KPNA3,+",1
"COMMD4>CYHR1,+",1
"PTPRK>WWP1,+",1
"KANSL1>WWP1,+",1
"RALGDS>WWP1,+",1
"SPCS3>NASP,+",1
"BCL3>EIF3F,+",1
"RALGDS>EIF3F,+",1
"SIVA1>RALGDS,+",1
"PRRC2C>PLEKHA3,+",1
"JDP2>SYPL1,+",1
"WWP1>SYPL1,-",1
"LONP2>SYPL1,+",1
"COMMD4>SYPL1,+",1
"WAC>SYPL1,+",1
"MAML2>MCF2L,+",1
"LRP5>HADHA,+",1
"COMMD4>SHE,+",1
"GIMAP7>SIVA1,+",1
"COMMD4>CCND3,-",1
"COMMD4>DDX5,+",1
"ZNF791>KPNA3,+",1
"CCND3>LRP5,+",1
"SIVA1>RALGAPA2,+",1
"TRIP11>COMMD4,+",1
"TRIP11>ZMYM4,+",1
"WAC>ZMYM4,+",1
"SHE>IFITM3,+",1
"PTPRK>JDP2,+",1
"TRIP11>JDP2,+",1
"DENR>WAC,+",1
"CARD8>RYK,+",1
"SHE>COMMD4,+",1
"JDP2>COMMD4,+",1
"RALGDS>COMMD4,+",1
"DENR>KANSL1,+",1
"SPCS3>COMMD4,+",1
"PSMD7>PTPRK,+",1
"COMMD4>PTPRK,+",1
"JDP2>PTPRK,+",1
"LRP5>HS3ST1,+",1
"LRP5>LONP2,+",1
"COMMD4>KANSL1,-",1
"TRIP11>KANSL1,+",1
"MAML2>KANSL1,+",1
"WWP1>DDX5,+",1
"PTPRK>MAML2,+",1
"RPS19>RPL37,+",1
"KANSL1>MAML2,+",1
"PHACTR4>CD46,+",1
"TACC1>CD46,+",1
"NFIC>CD46,+",1
"CD46>MFGE8,+",1
"ITGB1BP1>MFGE8,+",1
"WDR45B>MFGE8,+",1
"RPL13>ATP6V0E1,+",1
"TACC1>UBB,+",1
"ATP6V0E1>PHACTR4,+",1
"ERGIC2>PHACTR4,+",1
"CD46>PHACTR4,+",1
"RPL37>RPS19,+",1
"RPS28>RPS26,+",1
"RPL11>RPS26,+",1
"RPL39>RPL11,+",1
"RPL13>RPL11,+",1
"ZNF518A>MAP3K11,+",1
"CMPK1>MAP3K11,+",1
"RPS19>MAP3K11,+",1
"RPL13>RPL30,+",1
"RPL13>RPL37,+",1
"ARL2>CD46,+",1
"HNRNPA3>CD46,+",1
"RPL39>RPL34,+",1
"SPCS3>ZNF791,+",1
"WAC>MAML2,+",1
"MCF2L>TRIP11,+",1
"KPNA3>ZNF706,+",1
"SPCS3>MED13L,+",1
"KANSL1>LUZP1,+",1
"SHE>LUZP1,+",1
"JDP2>RBMX,+",1
"CARD8>RBMX,+",1
"LRP5>ATRAID,+",1
"MCF2L>TCF12,+",1
"RPL13>RPL34,+",1
"KANSL1>TCF12,+",1
"SHE>TCF12,+",1
"JDP2>TCF12,-",1
"TCF12>ERG,+",1
"RPL39>PSMA7,+",1
"TACC1>PSMA7,+",1
"CMPK1>ITGB1BP1,+",1
"CD46>ITGB1BP1,+",1
"KANSL1>ITGB1BP1,+",1
"RPS28>RPL6,+",1
"GIMAP7>VCP,+",1
"PCMTD1>NASP,+",1
"SPCS3>SUMO2,+",1
"DYNC1H1>CALD1,+",1
"SPCS3>CALD1,+",1
"TTC37>CALD1,+",1
"BAG5>MGP,+",1
"ANAPC11>FLNB,+",1
"B2M>SLC38A2,+",1
"BAG5>CAVIN1,+",1
"FAM171A1>GHITM,+",1
"PSMB8>GHITM,+",1
"BAG5>GHITM,+",1
"DYNC1H1>GHITM,+",1
"FAM171A1>TMEM14C,+",1
"BAD>TMEM14C,+",1
"IL33>TMEM14C,+",1
"SUMO2>TMEM14C,+",1
"SPCS3>TMEM14C,-",1
"IL33>ANAPC11,+",1
"DYNC1H1>CFLAR,+",1
"FAM171A1>RPS28,+",1
"TRIP11>RPS28,-",1
"SUMO2>UQCRB,+",1
"C19orf70>CALD1,-",1
"TTC37>HSP90AB1,-",1
"SERBP1>HSP90AB1,+",1
"TRIP11>EGFL7,+",1
"BAG5>ANKRD12,+",1
"SPCS3>ANKRD12,-",1
"BAD>BAG5,-",1
"PSMB8>BAG5,+",1
"SDCBP>BAG5,+",1
"COPS2>SDCBP,+",1
"ANKRD12>NFIC,+",1
"TTC37>SPCS3,+",1
"SERBP1>EGFL7,+",1
"TRIP11>DCHS1,+",1
"BAG5>HSP90AB1,+",1
"ANAPC11>DCHS1,-",1
"SPCS3>DCHS1,+",1
"RPS28>CAVIN2,+",1
"ANKRD12>IL33,+",1
"BAD>PNKD,+",1
"PSMB8>PRKACA,+",1
"C19orf70>PRKACA,+",1
"IL33>PRKACA,+",1
"FAM171A1>HSP90AB1,+",1
"C19orf70>SUMO2,+",1
"ZNF22>BAD,+",1
"PQLC1>ERG,+",1
"SERBP1>BAD,+",1
"ATP6V1G1>NME1,+",1
"RNF167>FMR1,+",1
"CHMP2A>FMR1,+",1
"KANSL1>RNF187,+",1
"PCMTD1>NUB1,+",1
"FMR1>KAT6B,+",1
"RNF167>KAT6B,+",1
"CHMP2A>KAT6B,-",1
"PCMTD1>GIMAP8,-",1
"RSBN1L>GIMAP8,+",1
"CHMP2A>MTPN,+",1
"ATP6V1G1>MTPN,+",1
"SECISBP2L>RSBN1L,+",1
"MTPN>NDUFA5,+",1
"KHSRP>ARL6IP5,-",1
"PAM>ARL6IP5,+",1
"NUB1>ARL6IP5,+",1
"WAC>ARL6IP5,+",1
"FMR1>CHMP2A,+",1
"PSMD8>PTK2,-",1
"RNF167>PTK2,+",1
"BCL3>ILF3,+",1
"B2M>COPS2,+",1
"PRKACA>COPS2,+",1
"TTC37>EEF2,+",1
"ANAPC11>BAD,+",1
"C19orf70>BAD,+",1
"MKLN1>LUZP1,+",1
"FAM171A1>MYH9,+",1
"PSMB8>MYH9,+",1
"SPCS3>MYH9,+",1
"C8orf33>MYH9,+",1
"IL33>MYH9,+",1
"TPR>FAM171A1,-",1
"C19orf70>ZNF22,-",1
"BAG5>ATP6V0E1,+",1
"SUMO2>ZNF22,+",1
"TTC37>ZNF22,+",1
"FAM171A1>CD151,+",1
"PRKACA>CD151,+",1
"SDCBP>CD151,+",1
"MKLN1>CD151,+",1
"FAM171A1>TPR,-",1
"ANAPC11>TPR,+",1
"TAX1BP1>TPR,+",1
"BAG5>COA4,+",1
"UQCRB>ARRDC3,+",1
"MAP4>VCP,+",1
"PQLC1>CLEC1A,-",1
"HOXD8>PPP4R1,+",1
"GIMAP7>TCF25,+",1
"CCT7>TCF25,+",1
"PQLC1>SOCS2,+",1
"RALGAPA2>UQCRB,+",1
"PQLC1>SF3B6,+",1
"NOP58>SF3B6,+",1
"NUDT14>SF3B6,+",1
"CCT7>SF3B6,+",1
"ARRDC3>SF3B6,+",1
"ATP6V0E1>SFSWAP,+",1
"YES1>CYBC1,+",1
"MKLN1>YES1,+",1
"SFSWAP>CNPY2,-",1
"FNBP1L>CNPY2,+",1
"PSMC4>CNPY2,+",1
"MKLN1>DNMT1,+",1
"CCT7>SLC25A6,+",1
"PPP4R1>TACC1,-",1
"MKLN1>TACC1,+",1
"RALGAPA2>FAM177A1,+",1
"CMPK1>PPP4R1,+",1
"NAA20>PPP4R1,-",1
"DNMT1>PPP4R1,+",1
"CCND3>UQCRB,+",1
"CCND3>VCP,-",1
"PABPN1>GIMAP7,-",1
"OS9>GIMAP7,+",1
"C19orf70>IPO11,+",1
"SLC25A6>IPO11,-",1
"TRIM44>EIF4B,+",1
"NASP>CCND3,+",1
"PABPN1>TTC1,+",1
"PSMD8>UQCRB,+",1
"NASP>ERG,+",1
"HNRNPR>ITGB1,+",1
"RALGAPA2>RAB10,-",1
"LONP2>RAB10,-",1
"CNPY2>RAB10,+",1
"ARRDC3>RAB10,+",1
"NUDT14>GIMAP7,+",1
"TCF25>ITSN2,+",1
"LONP2>ITSN2,+",1
"TACC1>ITSN2,+",1
"LONP2>ATP6V0E1,+",1
"LONP2>CLEC1A,-",1
"RALGAPA2>CLEC1A,+",1
"TACC1>CALD1,+",1
"CCT7>NOP58,+",1
"DCHS1>NUDT14,+",1
"RALGAPA2>NUDT14,+",1
"SEC31A>NUDT14,+",1
"UVRAG>NUDT14,-",1
"GIMAP7>NUDT14,+",1
"ATP6V0E1>EIF3F,+",1
"LONP2>SEC31A,+",1
"PQLC1>UVRAG,-",1
"CNPY2>UVRAG,-",1
"NUDT14>CMPK1,+",1
"PPP4R1>CMPK1,+",1
"EIF3F>HADHA,+",1
"FNBP1L>HADHA,+",1
"NUDT14>SLC38A2,+",1
"PSMC4>NASP,+",1
"CCT7>KANSL1,+",1
"KIAA1109>NAA20,-",1
"UVRAG>NAA20,+",1
"TACC1>NAA20,+",1
"ITSN2>NAA20,-",1
"HNRNPR>NAA20,-",1
"MKLN1>GPR146,+",1
"UVRAG>RALGAPA2,-",1
"TACC1>HNRNPR,+",1
"TTC1>TRIM56,-",1
"NAA20>KIAA1109,-",1
"PQLC1>KIAA1109,+",1
"NUDT14>KIAA1109,+",1
"RALGAPA2>PSMC4,+",1
"SFSWAP>PSMC4,+",1
"MKLN1>PSMC4,+",1
"PSMC4>TRIP11,+",1
"RALGAPA2>TRIM56,+",1
"CCT7>TRIM56,+",1
"TCF25>TTC1,+",1
"ITSN2>HNRNPR,+",1
"PSMC4>TTC1,+",1
"EIF3F>TTC1,+",1
"ARRDC3>HOXD8,+",1
"KIAA1109>EIF4B,+",1
"PQLC1>EIF4B,+",1
"LONP2>EIF4B,+",1
"NAA20>CCT7,+",1
"NOP58>CCT7,+",1
"ARRDC3>CCT7,+",1
"JDP2>ZMYM4,+",1
"CD59>ITGB1,+",1
"FNBP1L>PCMTD1,+",1
"CIAO1>KANSL1,+",1
"YES1>MAP3K11,+",1
"ITGB1BP1>MAP3K11,+",1
"PSMD8>MAP3K11,+",1
"COX7B>MAP3K11,+",1
"ZNF22>APOL3,+",1
"APOL3>ZNF22,+",1
"PSMB5>ZNF22,+",1
"MDFIC>MXRA7,+",1
"HOXD8>MXRA7,+",1
"MAP3K11>MXRA7,+",1
"PDLIM5>TPR,+",1
"CIAO1>ITGB1BP1,+",1
"COX7B>ITGB1BP1,+",1
"HOXD8>RNF115,-",1
"PDLIM5>RNF115,+",1
"RHOA>RNF115,+",1
"PDLIM5>ARF1,+",1
"GHITM>YES1,+",1
"COX7B>YES1,+",1
"RPS16>RPL7A,+",1
"RTN3>USP48,+",1
"TPR>TACC1,+",1
"COX7B>TACC1,+",1
"RNF115>PDLIM5,+",1
"PSMC4>SNRPD2,+",1
"RNF115>PABPC1,+",1
"ITGB1BP1>PABPC1,+",1
"CIAO1>COX7B,+",1
"APOL3>PSMB5,+",1
"ITGB1BP1>RTN3,+",1
"PSMC4>RTN3,+",1
"SLC38A2>ROMO1,+",1
"RNF115>ROMO1,+",1
"TUBA1B>ROMO1,+",1
"APOL3>GHITM,+",1
"MAP3K11>PDLIM5,+",1
"CIAO1>GHITM,+",1
"RNF115>GHITM,+",1
"COX7B>GHITM,+",1
"NDUFB5>RPS16,+",1
"RNF115>GON4L,+",1
"MAP3K11>GON4L,+",1
"CLPTM1>MDFIC,+",1
"ATP6V0E1>MDFIC,+",1
"COX7B>MDFIC,+",1
"NDUFB5>KANSL1,+",1
"RTN3>KANSL1,+",1
"TPR>NDUFB5,+",1
"APOL3>KANSL1,+",1
"PARK7>WDR45B,+",1
"HIVEP1>CTSB,-",1
"SYPL1>CTSB,+",1
"MON1B>CTSB,+",1
"ATP5MG>CTSB,+",1
"PARK7>CTSB,+",1
"HIVEP1>OS9,-",1
"ATRAID>OS9,+",1
"TSR3>JAK1,+",1
"HLA-C>JAK1,+",1
"CHCHD1>JAK1,+",1
"EIF4B>HLA-DQA2,+",1
"ATP5MG>HLA-DQA2,+",1
"PARK7>NOL4L,+",1
"SNHG7>MRPS7,+",1
"EIF4B>MRPS7,+",1
"HBP1>HADHA,-",1
"PARK7>HADHA,+",1
"C6orf89>HADHA,+",1
"NOL4L>HADHA,+",1
"THOC2>HADHA,+",1
"EIF4H>WDR45B,+",1
"MRPS7>THOC2,+",1
"JAK1>THOC2,-",1
"TSR3>HIVEP1,+",1
"PDLIM5>ANAPC11,+",1
"APOL3>ERG,+",1
"HOXD8>ERG,+",1
"CD151>RAB5C,+",1
"PNRC2>ITGA5,-",1
"EIF4H>ITGA5,+",1
"MRPS7>AP2B1,+",1
"SYPL1>AP2B1,+",1
"FZD4>AP2B1,+",1
"MRPS7>HIVEP1,+",1
"MON1B>THOC2,+",1
"TSR3>HBP1,-",1
"MON1B>HBP1,-",1
"ATRAID>HBP1,+",1
"CHCHD1>HBP1,+",1
"AP2B1>SMARCC2,+",1
"CLK4>SMARCC2,+",1
"THOC2>PNRC2,+",1
"SNHG7>PNRC2,+",1
"C6orf89>THOC2,+",1
"PSMD8>RPL31,+",1
"CIAO1>EEF2,+",1
"MT-ATP6>DNASE2,+",1
"SZRD1>CASKIN2,-",1
"CCND3>TPM1,+",1
"DYNC1H1>LIMS2,+",1
"CASKIN2>CMPK1,+",1
"SZRD1>ZNF791,+",1
"CCND3>ZNF791,+",1
"DYNC1H1>ZNF791,-",1
"PNRC2>ZNF791,+",1
"SZRD1>CTNNA1,+",1
"MSRB2>CTNNA1,+",1
"KPNA3>CTNNA1,+",1
"DYNC1H1>CTNNA1,+",1
"ATP6V0E1>NF1,-",1
"PICALM>NF1,+",1
"RILPL2>NF1,+",1
"CMPK1>NF1,+",1
"KPNA3>NF1,+",1
"CCND3>TSC22D3,+",1
"TSR3>SPPL2A,+",1
"CASKIN2>TSR3,-",1
"NUDT14>TSR3,+",1
"RILPL2>TSR3,+",1
"KANSL1>CELF1,+",1
"CASKIN2>CELF1,-",1
"DYNC1H1>RILPL2,+",1
"ENG>CCND3,+",1
"MSRB2>OS9,+",1
"MFGE8>OS9,+",1
"SZRD1>DYNC1H1,+",1
"CCND3>DYNC1H1,+",1
"CCND3>CCDC25,-",1
"CMPK1>CCDC25,+",1
"TSC22D3>NUDT14,-",1
"CDC37>NUDT14,+",1
"KPNA3>NUDT14,+",1
"CCDC25>CCND3,-",1
"CASKIN2>SON,+",1
"MFGE8>CCND3,+",1
"B2M>CCND3,+",1
"KPNA3>ENG,+",1
"KPNA3>ARL2,+",1
"CMPK1>ARL2,+",1
"ZNF791>PNRC2,+",1
"CASKIN2>PNRC2,-",1
"CCND3>RBMX,+",1
"MFGE8>CMTM6,+",1
"TPM1>DDX5,+",1
"CCND3>CASKIN2,+",1
"CIAO1>ANAPC5,+",1
"TPR>CASKIN2,-",1
"PDLIM5>EIF3L,+",1
"CIAO1>EIF3L,+",1
"PDLIM5>RHOA,+",1
"ATP6V0E1>HOXD8,+",1
"PSMB5>PSMC4,+",1
"PDLIM5>PSMC4,+",1
"COX7B>CLPTM1,+",1
"RTN3>CLPTM1,+",1
"PDLIM5>CIAO1,-",1
"PSMC4>CIAO1,+",1
"GNAI2>CIAO1,+",1
"YBX1>RPS29,+",1
"MAP3K11>SLC38A2,+",1
"YBX1>SLC38A2,+",1
"ATP6V0E1>RAMP2,+",1
"RPL31>RPS28,+",1
"COX7B>HSP90AA1,+",1
"RAMP2>FAM171A1,+",1
"COX7B>FAM171A1,+",1
"MAP3K11>FAM171A1,+",1
"RAMP2>GNAI2,+",1
"KPNA3>MFGE8,+",1
"RILPL2>MFGE8,-",1
"PICALM>VDAC2,-",1
"MFGE8>SNHG7,+",1
"SNHG7>CASKIN2,-",1
"PICALM>MSRB2,+",1
"CASKIN2>MSRB2,-",1
"CASKIN2>PICALM,+",1
"CCND3>PICALM,+",1
"MSRB2>PICALM,+",1
"TPM1>MT-ND3,+",1
"CCND3>SNHG7,+",1
"PNRC2>SNHG7,+",1
"KANSL1>SZRD1,+",1
"CCDC25>VDAC2,+",1
"CASKIN2>ATP6V0E1,-",1
"RBMX>PAFAH1B1,+",1
"MFGE8>PPT1,+",1
"KANSL1>NOC3L,-",1
"PICALM>NOC3L,-",1
"CMPK1>NOC3L,-",1
"MFGE8>NOC3L,-",1
"SZRD1>TRIM56,+",1
"CMPK1>TPR,+",1
"EIF4H>FZD4,+",1
"HIVEP1>FZD4,+",1
"TRIM69>TSR3,+",1
"MT-ND1>UBE2B,+",1
"SEC31A>NUDCD1,+",1
"NUDCD1>ABCD4,+",1
"APOL3>PCMTD1,+",1
"APOL3>RPS6KA2,+",1
"MFGE8>SEC31A,+",1
"RPS6KA2>SEC31A,+",1
"MINDY2>SEC31A,+",1
"NDUFB7>TBL1XR1,+",1
"EIF1B>YES1,+",1
"NDUFB7>YES1,-",1
"ATP5F1E>YES1,+",1
"NUTF2>MINDY2,+",1
"FCHSD2>TRIP11,-",1
"TBL1XR1>TRIP11,+",1
"ARF1>TRIP11,+",1
"FOS>MFGE8,+",1
"EXOC5>ZNF22,+",1
"APOL3>RALGDS,-",1
"TBL1XR1>RALGDS,+",1
"CD59>ETS1,+",1
"WASF2>UBE2B,+",1
"TBL1XR1>NUDCD1,+",1
"ITGB1BP1>NUDCD1,+",1
"TBL1XR1>EXOC5,-",1
"MINDY2>NUTF2,+",1
"RPS6KA2>UQCRB,+",1
"FOS>UQCRB,+",1
"SEC31A>UQCRB,+",1
"SEC31A>KDM2A,+",1
"ITGB1BP1>MXRA7,+",1
"ARRDC3>RPL31,+",1
"RPS6KA2>SARS,+",1
"APOL3>SARS,+",1
"ABCD4>NUTF2,+",1
"TBL1XR1>EIF1B,-",1
"TBL1XR1>ANKRD12,+",1
"ITGB1BP1>EIF1B,+",1
"APOL3>FBXO21,+",1
"PCMTD1>FBXO21,+",1
"EIF1B>MAP4,+",1
"ZNF22>MAP4,+",1
"ARF1>UBE2E3,+",1
"ITGB1BP1>UBE2E3,+",1
"DHRS3>CTNNB1,+",1
"SARS>CTNNB1,+",1
"HIGD2A>UBE2B,+",1
"SZRD1>FNBP1L,+",1
"JAK1>TSR3,+",1
"SZRD1>TPR,+",1
"CDC37>CD59,+",1
"PICALM>CD59,+",1
"CTNNB1>CD59,+",1
"ARRDC3>MT-ND1,+",1
"SZRD1>PLRG1,+",1
"CD59>NDUFB7,+",1
"TMEM141>LONP2,+",1
"PLRG1>LONP2,+",1
"NDUFB7>LONP2,+",1
"PLRG1>TRIM44,+",1
"ARRDC3>TRIM44,+",1
"NDUFB7>TRIP11,+",1
"PICALM>CTNNB1,+",1
"CD59>CTNNB1,+",1
"MT-ND3>MYL12B,+",1
"MT-ND1>MYL12B,+",1
"CALD1>MYL12B,+",1
"WASF2>MKL2,+",1
"PRPSAP1>MKL2,+",1
"OCIAD1>MKL2,+",1
"WAC>MKL2,+",1
"MT-ND3>CD59,+",1
"B2M>CD59,+",1
"MT-ATP6>MT-CO2,+",1
"MKL2>PRPSAP1,+",1
"CDC37>TPR,+",1
"TPR>THOC2,+",1
"TRIM44>THOC2,+",1
"FAM177A1>DDX46,+",1
"MT-ATP6>DDX46,+",1
"HIGD2A>SERBP1,+",1
"MYO9A>WASF2,+",1
"PRPSAP1>FAM177A1,-",1
"ETS1>PICALM,+",1
"WASF2>PRPSAP1,+",1
"NDUFB7>PPP4R1,+",1
"NDUFB7>PRPSAP1,+",1
"TRIM44>MYO9A,+",1
"CDC37>MYO9A,+",1
"OCIAD1>CALD1,+",1
"TPR>CALD1,+",1
"HIGD2A>CALD1,+",1
"MT-ATP6>MALAT1,+",1
"TPR>PPP4R1,+",1
"DDX46>PPP4R1,+",1
"UQCRB>RPL27A,+",1
"ARRDC3>RPL27A,+",1
"APOL3>FOS,+",1
"MFGE8>FOS,+",1
"MON1B>CDC37,-",1
"FZD4>CDC37,+",1
"HIGD2A>TXNDC17,+",1
"MON1B>TXNDC17,-",1
"NOL4L>LAMTOR1,+",1
"MON1B>LAMTOR1,-",1
"THOC2>UBE2L6,+",1
"EIF4H>UBE2L6,+",1
"MON1B>ERG,-",1
"NASP>RPS4X,+",1
"MYL12B>LAMTOR4,+",1
"MALAT1>TSG101,+",1
"TMEM14C>TXNDC17,+",1
"YES1>TXNDC17,+",1
"MYL12B>LAPTM4A,+",1
"TXNDC17>SNX3,+",1
"TMEM14C>SLC25A5,+",1
"NASP>TMEM14C,+",1
"SF3B6>TMEM14C,+",1
"TXNDC17>UBE2M,+",1
"LRRFIP1>UBE2M,+",1
"SNHG7>HNRNPUL1,+",1
"JAK1>SUMO2,+",1
"AP2B1>PSMB5,+",1
"NOL4L>TRIM69,+",1
"MON1B>TSR3,-",1
"HBP1>HIGD2A,+",1
"TXNDC17>HIGD2A,+",1
"HLA-C>HIGD2A,+",1
"HLA-C>PARK7,+",1
"TMBIM6>CHCHD1,+",1
"SYPL1>CLK4,+",1
"ATF6>CLK4,+",1
"PARK7>CLK4,-",1
"JAK1>TRIM69,+",1
"SNHG7>CD151,+",1
"MON1B>SYPL1,+",1
"CTSB>SYPL1,+",1
"RBMX>C6orf89,+",1
"THOC2>C6orf89,+",1
"UBE2L6>C6orf89,-",1
"CHCHD1>EIF4H,-",1
"TSR3>MON1B,-",1
"JAK1>MON1B,+",1
"THOC2>ENG,+",1
"IFITM2>SRGAP2,+",1
"YES1>SRGAP2,+",1
"TMEM14C>SRGAP2,+",1
"NUTF2>ATP5F1E,+",1
"RASA4>PITPNC1,+",1
"ERLEC1>PITPNC1,+",1
"KANSL1>PITPNC1,+",1
"SUMO2>UBE2E3,+",1
"TSG101>SCAND1,+",1
"TMEM14C>PDLIM5,+",1
"SRGAP2>ERG,+",1
"UBE2E3>ITGA2,+",1
"APOL3>ITGA2,+",1
"NUDCD1>ATP5F1E,-",1
"NASP>TUBA1B,+",1
"ZNF22>ATP5F1E,+",1
"ATP5F1E>ARF1,+",1
"UBE2E3>STRAP,-",1
"WTAP>FCHSD2,+",1
"PCMTD1>FCHSD2,+",1
"ATP5F1E>FCHSD2,+",1
"TBL1XR1>WTAP,+",1
"EIF1B>FOS,+",1
"FBXO21>FOS,+",1
"ATP5F1B>TUBA1B,+",1
"TXNDC17>TUBA1B,+",1
"CALM2>MYL12A,+",1
"PTPRK>ABCD4,+",1
"SDCBP>MYL12A,+",1
"ABCD4>ARL2,-",1
"CALM2>ARL2,+",1
"TMEM14C>CCT7,+",1
"NASP>FAM177A1,+",1
"SZRD1>PTPRK,+",1
"SLC25A5>PTPRK,-",1
"ATP5F1B>TIAM1,+",1
"NASP>TIAM1,+",1
"MT-ND1>ABCD4,+",1
"ERG>CDC37,+",1
"SRGAP2>ABCD4,+",1
"SF3B6>YES1,+",1
"TSG101>KANSL1,+",1
"FAM177A1>RASA4,+",1
"TMEM14C>ATP5F1B,+",1
"PDLIM5>ATP5F1B,+",1
"TMEM14C>SF3B6,+",1
"TXNDC17>ARHGDIA,+",1
"SUMO2>ARHGDIA,+",1
"PCMTD1>PTK2,+",1
"WAC>BCL3,+",1
"RSBN1L>BCL3,-",1
"DPYSL3>CAVIN2,+",1
"RPL10A>EEF2,+",1
"EGLN1>TRIP11,+",1
"TSPAN7>SCAND1,+",1
"SLC38A2>RTF2,+",1
"UBE2E3>RTF2,+",1
"TAX1BP1>RTF2,+",1
"CAVIN2>RTF2,+",1
"DPYSL3>RTF2,+",1
"PIK3C2A>CAMTA1,+",1
"HS3ST1>ZNF22,-",1
"HS3ST1>RPL10A,+",1
"EEF2>RPL10A,+",1
"RPL10A>RPL27A,+",1
"KANSL1>RBM6,+",1
"FBXO21>RBM6,+",1
"SLC38A2>RBM6,+",1
"RBM6>DAZAP1,+",1
"TAX1BP1>RSRP1,+",1
"GON4L>RSRP1,+",1
"SLC38A2>TAX1BP1,+",1
"BTBD7>TAX1BP1,+",1
"RPL10A>MRPS34,+",1
"KANSL1>KDM2A,+",1
"B2M>HLA-E,+",1
"ZNF22>ANAPC13,+",1
"CDC37>SUMO2,+",1
"UQCRB>EEF2,+",1
"VIM>EEF2,+",1
"HLA-B>WTAP,+",1
"PSMA3>RBMX,+",1
"CSTB>NDUFC2,+",1
"LARS>CDC37,+",1
"WTAP>THOC2,-",1
"TMED10>KANSL1,+",1
"RBM6>ANAPC13,+",1
"CAMTA1>SNHG7,+",1
"KDM2A>ANAPC13,+",1
"GON4L>ANAPC13,+",1
"CAVIN2>DPYSL3,+",1
"TSPAN7>FBXO21,+",1
"RBM6>FBXO21,+",1
"TAX1BP1>FBXO21,-",1
"HS3ST1>FBXO21,+",1
"FBXO21>KMT5A,+",1
"KDM2A>KMT5A,+",1
"CAVIN2>UBE2E3,+",1
"UBE2E3>CAVIN2,+",1
"CLEC2B>YWHAB,+",1
"MAP3K3>TIAM1,+",1
"SZRD1>DNASE2,+",1
"PARK7>CSDE1,+",1
"TRIP11>CSDE1,+",1
"PDIA3>CSDE1,+",1
"HSBP1>CSDE1,+",1
"SZRD1>CSDE1,+",1
"DDX5>CSDE1,+",1
"NASP>CSDE1,+",1
"TRIP11>SF3B6,+",1
"PARK7>GHITM,+",1
"DNASE2>GHITM,+",1
"ATF6>GHITM,-",1
"RPSA>RPS12,+",1
"KANSL1>ZC3H13,+",1
"TRIP11>ZC3H13,+",1
"TRIP11>IL6ST,+",1
"HSBP1>NDUFC1,+",1
"HLA-B>EIF3G,+",1
"RPS12>EIF3G,+",1
"GHITM>ATF6,-",1
"SZRD1>ATF6,+",1
"DNASE2>ARPC1B,+",1
"PDIA3>ARPC1B,+",1
"RPS12>EEF2,+",1
"BTBD7>PSMA3,+",1
"PIK3C2A>TIAM1,+",1
"KANSL1>NDUFB7,+",1
"TSPAN4>NDUFB7,+",1
"PSMA3>NDUFB7,+",1
"SLC38A2>NDUFB7,+",1
"UBE2E3>KANSL1,+",1
"B2M>KANSL1,+",1
"UBE2E3>PSMA3,+",1
"NFIA>PSMA3,+",1
"TSPAN7>WWP1,+",1
"MT-ND3>MT-ND4,+",1
"UBE2E3>WWP1,+",1
"RTF2>CDK9,+",1
"ZNF22>CDK9,+",1
"UBE2E3>CDK9,+",1
"GON4L>CDK9,+",1
"MAP3K3>PCMTD1,+",1
"TSPAN7>PCMTD1,+",1
"HS3ST1>EGLN1,+",1
"NDUFC1>UBE2Z,+",1
"RPL36AL>YWHAB,+",1
"RPL36AL>MGP,+",1
"ADGRL4>RPGR,+",1
"RPS8>BRI3,+",1
"SON>CALD1,+",1
"AHNAK>CALD1,+",1
"RPL22>PTK2,+",1
"SET>PTK2,+",1
"MGP>ZKSCAN1,+",1
"TACC1>ZKSCAN1,+",1
"RPL6>ZKSCAN1,+",1
"BRI3>C4orf3,+",1
"RPS8>RPS7,+",1
"EEF1A1>RPL30,+",1
"AHNAK>EIF4B,+",1
"RPS8>RPL6,+",1
"ZKSCAN1>FAM89A,+",1
"KMT2A>FAM89A,+",1
"RPL26>RPL34,+",1
"ZKSCAN1>CNBP,+",1
"AHNAK>CNBP,+",1
"CALD1>KMT2A,+",1
"RPL26>RPL18,+",1
"RACK1>ERP29,+",1
"SUMO2>SON,+",1
"KMT2A>CALD1,+",1
"RPLP2>UBA52,+",1
"RPL26>RPL5,+",1
"SON>AHNAK,+",1
"DGKZ>EGFL7,+",1
"STRAP>NASP,+",1
"OS9>ERG,+",1
"MALAT1>MT-ATP6,+",1
"RPS8>RPL22,+",1
"KMT2A>CSDE1,+",1
"PTK2>GSTP1,+",1
"C4orf3>GSTP1,+",1
"ERP29>GSTP1,+",1
"TACC1>AHNAK,+",1
"BRI3>SUMO2,+",1
"CSDE1>OS9,+",1
"MALAT1>OS9,+",1
"RTF2>PCMTD1,+",1
"ERP29>PCMTD1,+",1
"RTF2>SET,+",1
"BRI3>SET,+",1
"ZKSCAN1>SUMO2,+",1
"OS9>SUMO2,+",1
"SON>SUMO2,+",1
"C4orf3>BRI3,+",1
"MALAT1>TACC1,+",1
"CSTB>PCMTD1,+",1
"RPL26>EEF1A1,+",1
"VIM>GNAI2,+",1
"EIF2AK2>PDIA6,+",1
"PLS3>LGALS3,+",1
"UBA52>PSMA3,+",1
"SNRPC>GABARAPL2,+",1
"UQCRB>GABARAPL2,+",1
"TMED10>BRD7,+",1
"RPL36AL>BRD7,+",1
"BRD7>TMED10,+",1
"PLS3>TMED10,+",1
"UQCRB>VIM,+",1
"EEF2>VIM,+",1
"RPL36AL>TTC1,+",1
"COX5B>TTC1,+",1
"STRAP>RPL36AL,+",1
"LAMTOR1>RPL36AL,+",1
"PSMA3>MT-ATP6,+",1
"VIM>ARHGDIA,+",1
"RPL36AL>SNRPC,+",1
"ARHGDIA>PCMTD1,+",1
"LARS>PCMTD1,+",1
"UQCRB>UBA52,+",1
"BRD7>KAT6B,+",1
"EIF2AK2>KAT6B,+",1
"CSDE1>CD151,+",1
"RPLP2>RPL13A,+",1
"RPL26>RPSA,+",1
"RPL26>RPS13,+",1
"PTK2>EEF2,+",1
"ERP29>EEF2,+",1
"RPL26>EEF2,+",1
"SON>EEF2,+",1
"RPL26>RPL3,+",1
"RPL30>RPS5,+",1
"RTF2>ERG,+",1
"UQCRB>RPS28,+",1
"LARS>ANAPC11,+",1
"TMED10>PLS3,+",1
"BRD7>PLS3,+",1
"EIF2AK2>GALNT1,+",1
"VIM>LAMTOR1,+",1
"PSMB5>DDX5,+",1
"LAMTOR1>CSTB,+",1
"BRD7>EBAG9,+",1
"ARHGDIA>EBAG9,+",1
"ZNF791>ATF6,+",1
"PARK7>BRI3,+",1
"GHITM>BRI3,+",1
"KAT6B>SELENOM,+",1
"NDUFB7>PRPF4B,+",1
"HSBP1>PRPF4B,+",1
"RPL37A>RPL27,+",1
"TMEM109>HSBP1,+",1
"HOXD8>HSBP1,+",1
"TMEM109>PCMTD1,+",1
"UFC1>PCMTD1,+",1
"RPL37A>RPS28,+",1
"ECHS1>TRAPPC1,+",1
"TMEM109>TRAPPC1,+",1
"RPL37A>TRAPPC1,+",1
"PRPF4B>TRAPPC1,+",1
"IFITM2>TRAPPC1,+",1
"BTBD7>NAPRT,+",1
"PEA15>VASP,+",1
"PAM>PCMTD1,+",1
"PEA15>CACYBP,+",1
"SZRD1>CACYBP,+",1
"PAM>ERICH1,+",1
"C6orf89>ERICH1,+",1
"TRIP11>ERICH1,+",1
"MED13>PRPF4B,-",1
"HSBP1>MAML2,+",1
"MED13>MAML2,+",1
"TMEM109>RANBP1,+",1
"NAPRT>C19orf70,+",1
"RPL6>C19orf70,+",1
"UFC1>C19orf70,+",1
"HOXD8>EFCAB14,+",1
"UFC1>EFCAB14,+",1
"ELF2>NDUFC1,+",1
"HLA-A>NDUFC1,+",1
"RPL10A>RPL6,+",1
"HSBP1>RANBP1,+",1
"HLA-B>IFITM2,+",1
"HOXD8>MAML2,+",1
"RPS26>IFITM2,+",1
"RPS26>RPL28,+",1
"RPS26>EEF1A1,+",1
"RPL37A>PARK7,+",1
"HOXD8>S100A16,+",1
"RPL10A>S100A16,+",1
"HOXD8>WDR45B,+",1
"RPL10A>WDR45B,+",1
"S100A16>MAML2,+",1
"PAM>ARF1,+",1
"PLPP5>PIN1,+",1
"RPL27>BRI3,+",1
"TOR1AIP1>GPR146,-",1
"ARF1>GON4L,+",1
"SELENOM>PKM,+",1
"TOR1AIP1>ERGIC2,+",1
"ARF1>ERGIC2,+",1
"ERICH1>C6orf89,+",1
"EIF4H>TLE1,+",1
"RICTOR>PAM,+",1
"DUT>PAM,+",1
"ARF1>PAM,+",1
"ARF1>ITGB1BP1,+",1
"PDLIM5>COPS2,+",1
"SZRD1>TRIP11,+",1
"GON4L>JCAD,+",1
"PCMTD1>JCAD,+",1
"YWHAB>PEA15,+",1
"COPS2>PEA15,+",1
"GON4L>PEA15,+",1
"PDLIM5>PRPSAP1,+",1
"EIF4H>SZRD1,+",1
"RARRES3>YWHAB,+",1
"PLPP5>SMG1,+",1
"PEA15>GON4L,+",1
"ERICH1>GON4L,+",1
"CACYBP>GON4L,+",1
"GON4L>APOL6,-",1
"COPS2>GPR146,+",1
"KAT6B>DUT,+",1
"DPYSL3>PRPSAP1,+",1
"LAMB2>DCHS1,+",1
"ERICH1>DCHS1,+",1
"YWHAB>RPL6,+",1
"LAMB2>DAZAP1,+",1
"PEA15>DAZAP1,+",1
"SZRD1>APOL6,+",1
"PAM>RICTOR,+",1
"EIF4H>GON4L,-",1
"SZRD1>RICTOR,+",1
"YWHAB>PLPP5,+",1
"YWHAB>PSMD8,+",1
"COPS2>MINDY2,+",1
"DUT>MINDY2,+",1
"EIF4B>MINDY2,+",1
"EIF4H>TOR1AIP1,+",1
"JCAD>TOR1AIP1,+",1
"GPR146>TOR1AIP1,-",1
"EFCAB14>LEPR,+",1
"MED13>LEPR,+",1
"BTBD7>LEPR,+",1
"HOXD8>LEPR,+",1
"RPL15>TMEM14C,+",1
"MED13>SCAND1,+",1
"CYHR1>UBE2E3,+",1
"SCAND1>UBE2E3,+",1
"RPL15>RPS12,+",1
"RPL6>RPS12,+",1
"RPL15>STRAP,+",1
"MED13>STRAP,+",1
"SAR1B>GIMAP7,-",1
"RPS12>RPS26,+",1
"S100A16>CFAP20,-",1
"COMMD4>VEZF1,+",1
"EEF2>TBL1XR1,+",1
"MED13>PTPRK,+",1
"TMEM14C>PTPRK,+",1
"RPS12>RPL15,+",1
"SF3B6>RNF130,+",1
"ERG>RNF130,+",1
"EIF4H>RNF130,+",1
"PDIA3>PHAX,+",1
"SAR1B>SF3B6,+",1
"B2M>ISCU,+",1
"SCAND1>ISCU,+",1
"TRIP11>ERG,+",1
"ZNF791>KANSL1,+",1
"KANSL1>PARK7,+",1
"ATF6>SERBP1,+",1
"KANSL1>ZNF791,+",1
"TRIP11>CDC37,+",1
"RPS12>HSP90AB1,+",1
"RPS12>RPL4,+",1
"RPS12>EIF4B,+",1
"SZRD1>KANSL1,+",1
"MT-ND3>KANSL1,+",1
"TRIP11>NASP,+",1
"MYDGF>HSBP1,+",1
"DNASE2>NASP,+",1
"SZRD1>NASP,+",1
"DNASE2>SZRD1,+",1
"MYDGF>PCMTD1,+",1
"HLA-B>PCMTD1,+",1
"KANSL1>PCMTD1,+",1
"MYDGF>MT-CO1,+",1
"RPS12>HSBP1,+",1
"NDUFC1>HSBP1,+",1
"SF3B6>HNRNPR,+",1
"PTPRK>HNRNPR,+",1
"HLA-C>HNRNPR,+",1
"PRPF4B>MED13,-",1
"SCAND1>AP2B1,+",1
"EEF2>AP2B1,+",1
"MED13>APOL3,+",1
"RPS26>UFC1,+",1
"RPL37A>UFC1,+",1
"EFCAB14>UFC1,+",1
"BTBD7>ELF2,+",1
"RPL37A>RPL10A,+",1
"ELF2>MED13,+",1
"NDUFB7>MED13,+",1
"INSR>COMMD4,+",1
"MAML2>ECHS1,-",1
"IFITM2>ECHS1,+",1
"HOXD8>TCF4,+",1
"ECHS1>TMEM109,+",1
"MAML2>TMEM109,+",1
"HOXD8>TMEM109,+",1
"NASP>TMEM109,+",1
"BTBD7>HOXD8,-",1
"RPS26>NDUFC2,+",1
"RNF7>AP2B1,+",1
"ARHGAP18>S100A16,+",1
"TRAPPC1>HNRNPR,+",1
"EIF4H>PCMTD1,+",1
"CYHR1>HNRNPR,+",1
"RPS12>FKBP1A,+",1
"RPL15>FKBP1A,+",1
"COMMD4>FKBP1A,+",1
"SCAND1>OSBPL1A,+",1
"INSR>OSBPL1A,+",1
"RPS12>TRAPPC1,+",1
"ARHGAP18>TRAPPC1,+",1
"EEF2>TRAPPC1,+",1
"INSR>PCMTD1,+",1
"RPL15>S100A16,+",1
"STRAP>ATP5PO,+",1
"PDIA3>ATP5PO,+",1
"HNRNPR>CYHR1,+",1
"COMMD4>INSR,+",1
"PEA15>INSR,+",1
"PTPRK>MED13,+",1
"EEF2>MED13,+",1
"STRAP>S100A16,+",1
"CFAP20>S100A16,-",1
"PCMTD1>EIF4B,+",1
"RND1>KHSRP,+",1
"SECISBP2L>BCL3,+",1
"THOC2>NEDD8,+",1
"NDUFAF8>SS18,+",1
"CMPK1>SS18,-",1
"FAM171A1>KDM2A,+",1
"FOSB>EMP2,+",1
"EEF2>COL15A1,+",1
"THOC2>MRPS34,+",1
"CMPK1>WAC,+",1
"RPL27>SEC31A,+",1
"EMP2>RHOA,+",1
"WAC>PLK2,+",1
"SCAF11>PDK4,+",1
"SRGAP2>PDK4,+",1
"RPL27>HMGB2,+",1
"SS18>HMGB2,+",1
"THOC2>CMPK1,-",1
"ZFHX3>CMPK1,+",1
"FAM200B>NUDCD1,-",1
"SRGAP2>NUDCD1,+",1
"ZFHX3>NUDCD1,-",1
"NDUFAF8>NUDCD1,-",1
"RPL27>NUDCD1,+",1
"EMP2>ENO1,+",1
"RPL27>RSL1D1,+",1
"EEF2>RSL1D1,+",1
"RPL27>KLF2,+",1
"UHMK1>TPR,+",1
"EMC4>ERG,+",1
"SPCS3>UFD1,+",1
"RPL27>EEF2,+",1
"NFE2L1>SCAF11,-",1
"SS18>SCAF11,+",1
"DECR1>SCAF11,+",1
"BNIP3L>PGAM1,+",1
"PGAM1>KLF2,+",1
"FOSB>KLF2,+",1
"NUDCD1>RPL27,+",1
"FOSB>DUSP1,+",1
"WAC>FAM171A1,+",1
"SRGAP2>SERBP1,+",1
"FAM200B>SERBP1,+",1
"NDUFAF8>SERBP1,+",1
"SS18>RPL36AL,-",1
"BNIP3L>RPL36AL,+",1
"NFE2L1>RPL36AL,-",1
"SRGAP2>BNIP3L,+",1
"PDK4>DECR1,+",1
"NDUFAF8>NEDD8,-",1
"UHMK1>NDUFC2,+",1
"WAC>BHLHE40,+",1
"SS18>TNS2,-",1
"THOC2>TNS2,+",1
"SEC31A>TNS2,+",1
"WAC>FNBP1L,+",1
"PDK4>FNBP1L,+",1
"FOSB>JUN,+",1
"RPL27>EIF3L,+",1
"WAC>EIF3L,+",1
"SPCS3>FAM200B,+",1
"SRGAP2>FAM200B,+",1
"FAM171A1>FAM200B,+",1
"SCAF11>ERG,-",1
"ARL2>NRN1,+",1
"FNBP1L>NRN1,+",1
"GPR146>NRN1,+",1
"RPL7A>NRN1,+",1
"RPL7A>USP14,+",1
"GPR146>MTPN,+",1
"PRPF4B>MTPN,+",1
"RPS5>RPL41,+",1
"AHNAK>LAMB2,+",1
"MRPS34>TNS2,+",1
"UBE2E3>ZFHX3,+",1
"RPL27>NACA,+",1
"NUDCD1>COPS6,+",1
"MKLN1>BHLHE40,+",1
"UFD1>UBE2E3,+",1
"ZFHX3>UBE2E3,+",1
"CMPK1>UBE2E3,-",1
"FAM171A1>THOC2,+",1
"DECR1>COPS6,-",1
"THOC2>COPS6,-",1
"SS18>COPS6,-",1
"ZFHX3>COPS6,+",1
"KLF2>FOSB,+",1
"BNIP3L>NACA,+",1
"WAC>NDUFAF8,-",1
"SPCS3>NDUFAF8,-",1
"SERBP1>NDUFAF8,+",1
"NEDD8>NDUFAF8,-",1
"UBE2E3>NDUFAF8,-",1
"PGAM1>HADHA,-",1
"EMP2>HADHA,+",1
"PDK4>HADHA,-",1
"SCAF11>NACA,+",1
"PSIP1>TPR,+",1
"POLR2B>TCEAL3,+",1
"RNF187>KHSRP,+",1
"POLR2B>NUDT14,+",1
"UHMK1>ZNF800,+",1
"PTK2>CHMP2B,+",1
"ZRANB2>CHMP2B,+",1
"PSME2>PSIP1,+",1
"PTK2>MTPN,+",1
"ZNF800>MTPN,+",1
"LSM7>ZRANB2,+",1
"VAPA>ZRANB2,+",1
"CHMP2B>ZRANB2,+",1
"TPR>ZRANB2,+",1
"POLR2B>SDCCAG8,-",1
"PSIP1>SDCCAG8,+",1
"SMC5>CCDC25,+",1
"CDC37>CCDC25,+",1
"HSPB1>COX6C,+",1
"NCOA1>PHAX,+",1
"LSM7>PHAX,+",1
"RYK>PHAX,+",1
"POLR2B>PHAX,+",1
"HSPB1>PHAX,+",1
"MTPN>SNX3,+",1
"HIGD2A>ZNF800,+",1
"PSMB8-AS1>TM4SF18,-",1
"CDC37>TM4SF18,+",1
"FNBP1L>HEXA,+",1
"HEXA>CRBN,+",1
"MTPN>PLS3,+",1
"EIF4B>C8orf33,+",1
"RSBN1L>PAM,+",1
"EIF4B>PAM,+",1
"FNBP1L>POLR1D,+",1
"WAC>POLR1D,+",1
"ATP6V1G1>HEXA,+",1
"RNF187>HEXA,+",1
"PAM>DST,+",1
"ZNF800>TM4SF18,-",1
"RNF167>FNBP1L,+",1
"CHMP2A>PSMD8,+",1
"SECISBP2L>PSMD8,+",1
"PDCD7>NASP,+",1
"CHMP2A>ZNF22,+",1
"HDGF>DAZAP1,+",1
"WAC>NAPA,+",1
"GIMAP8>HDGF,-",1
"HSPB1>C1orf122,+",1
"LSM7>NUDT14,-",1
"COX6C>CDC37,+",1
"HIGD2A>TCEAL3,+",1
"HIGD2A>PCMTD2,+",1
"LSM7>HSPB1,+",1
"CDC37>HSPB1,+",1
"EMC4>TCEAL8,+",1
"PSMB8-AS1>TCEAL8,-",1
"HSPB1>TCEAL8,+",1
"TCEAL8>RILPL2,+",1
"ZRANB2>LRPPRC,-",1
"EMC4>LRPPRC,+",1
"TCEAL8>LRPPRC,+",1
"LSM7>UQCRB,+",1
"HIGD2A>UQCRB,+",1
"MTPN>HIGD2A,+",1
"PSIP1>MCMBP,+",1
"TPR>MCMBP,+",1
"TCEAL8>MCMBP,+",1
"EIF3F>RPS28,+",1
"POLR2B>RND3,+",1
"UHMK1>RND3,+",1
"PSIP1>LAMTOR1,+",1
"TCEAL8>LAMTOR1,+",1
"NDUFC2>LAMTOR1,+",1
"ZNF800>PTK2,+",1
"RYK>PTK2,+",1
"LRPPRC>UHMK1,+",1
"TPR>RPL27,+",1
"EMC4>PCMTD2,-",1
"ZNF800>PCMTD2,+",1
"UHMK1>PCMTD2,+",1
"SMC5>PCMTD2,+",1
"TCEAL8>PCMTD2,+",1
"CHMP2B>LSM7,-",1
"PSIP1>EIF3F,+",1
"LSM7>NCOA1,-",1
"SMC5>NCOA1,+",1
"UHMK1>SMC5,+",1
"EMC4>UHMK1,+",1
"TPR>DUSP1,+",1
"PSMB8-AS1>PSME2,+",1
"TPR>PSME2,+",1
"PSMB8-AS1>VAPA,+",1
"HSPB1>VAPA,+",1
"PSIP1>VAPA,+",1
"UHMK1>KPNB1,+",1
"LRPPRC>KPNB1,-",1
"LSM7>UHMK1,+",1
"JTB>RPL17,+",1
"HMGN2>COPS8,+",1
"KAT6B>DPYSL3,+",1
"LSM2>TMBIM6,+",1
"CLPTM1>TKT,+",1
"RPL27>TKT,+",1
"HLA-C>CAPZA2,+",1
"EIF3K>CAPZA2,+",1
"TMEM14C>CAPZA2,+",1
"EIF4H>BLOC1S1,+",1
"NME1>NDUFB7,+",1
"HLA-C>NDUFB7,+",1
"RPS12>LUZP1,-",1
"CLPTM1>SUMO2,+",1
"SSR2>TXNDC17,+",1
"RAB7A>EIF4H,+",1
"TKT>ERG,+",1
"SOCS2>KIAA1143,-",1
"TRIM22>KIAA1143,+",1
"ZNF791>KIAA1143,+",1
"KHSRP>LSM2,+",1
"CD151>LSM2,+",1
"UBE2Z>SRGAP2,+",1
"RND1>SRGAP2,+",1
"MT-ND3>MT-ND1,+",1
"RAB7A>SPCS3,+",1
"TUBA1B>SPCS3,+",1
"CLPTM1>SPCS3,+",1
"TKT>BRD7,+",1
"EIF3K>DNAJC8,+",1
"TKT>SDCBP,+",1
"EIF3K>SDCBP,+",1
"BORCS7>ECHS1,+",1
"EIF4H>ECHS1,+",1
"TMEM14C>CCDC85B,+",1
"BORCS7>EIF3F,+",1
"RPS12>RPL10A,+",1
"DESI2>BRD7,+",1
"ECHS1>BRD7,+",1
"RPS28>MTPN,+",1
"RPS12>RPS24,+",1
"TMEM14C>SREK1IP1,+",1
"POLR2C>SREK1IP1,+",1
"BORCS7>SREK1IP1,+",1
"TMEM14C>ANAPC11,+",1
"NME1>BORCS7,+",1
"EIF4H>BORCS7,+",1
"RPL27>BORCS7,+",1
"NME1>MTPN,+",1
"ADGRL4>MT-ND1,+",1
"ZNF791>GIMAP7,-",1
"RPS5>RPL13,+",1
"PPP2CB>TIAM1,-",1
"NASP>TPR,+",1
"ZNF791>AP2B1,+",1
"ADGRL4>AP2B1,+",1
"OS9>CLEC1A,+",1
"PPP2CB>LEPR,-",1
"CNTNAP3B>LEPR,+",1
"RPL6>LEPR,+",1
"UBE2Z>CD151,+",1
"LSM2>CD151,+",1
"TRIM22>CD151,+",1
"ADGRL4>ATF6,+",1
"DGKZ>SOCS2,+",1
"EIF4B>SOCS2,+",1
"CNTNAP3B>TRIM22,+",1
"MT-ND1>ADGRL4,+",1
"PPP2CB>MED13,+",1
"PCMTD1>MED13,+",1
"OS9>EIF3G,+",1
"SRGAP2>ZNF791,+",1
"PCMTD1>SMG1,+",1
"CNTNAP3B>MFGE8,+",1
"RPL6>RPL10A,+",1
"NASP>RNF187,+",1
"DGKZ>RNF187,+",1
"RPL6>RND1,+",1
"DGKZ>UBE2Z,+",1
"CD151>UBE2Z,+",1
"CNTNAP3B>UBE2Z,+",1
"MT-ND1>DGKZ,+",1
"RNF187>DGKZ,+",1
"NASP>DGKZ,+",1
"ADGRL4>DGKZ,+",1
"TIAM1>PPP2CB,-",1
"JMJD1C>MALAT1,+",1
"MT-ND1>PKP4,+",1
"LSM2>CALCOCO2,+",1
"SRGAP2>PKP4,+",1
"ADGRL4>PKP4,+",1
"SRGAP2>UBL3,+",1
"DGKZ>UBL3,+",1
"EIF3G>UBL3,+",1
"RNF187>STRAP,+",1
"MFGE8>STRAP,-",1
"PKP4>STRAP,+",1
"DGKZ>CALCOCO2,+",1
"UBE2H>DESI2,+",1
"NDUFA5>DESI2,+",1
"HLA-C>MT-ATP6,+",1
"RPL27>MFGE8,+",1
"TCF25>GIMAP7,+",1
"AIP>KAT6B,+",1
"NPR3>KAT6B,+",1
"RPL7A>UQCRB,+",1
"EIF4E>H2AFY,+",1
"HMGN2>PRPF4B,+",1
"RPL17>PRPF4B,+",1
"FNBP1L>ERG,+",1
"NPR3>ERG,+",1
"WWP1>SNRPC,-",1
"HADHA>SNRPC,+",1
"UFC1>TBL1XR1,-",1
"CD200>FGD5,+",1
"MTPN>FGD5,+",1
"CTNND1>CALHM2,+",1
"MAP3K11>CALHM2,+",1
"TNFRSF1A>DUSP1,-",1
"DUSP1>EFCAB14,+",1
"AIDA>PAFAH1B1,+",1
"CHMP2A>TNFRSF1A,+",1
"CTNND1>BAZ1A,+",1
"TCF25>FNBP1L,+",1
"HMGN2>GPR146,+",1
"JTB>EIF4E,+",1
"JTB>ARL6IP4,+",1
"USP14>NIPBL,+",1
"RPL41>NIPBL,+",1
"HTRA1>NIPBL,+",1
"RPS5>RPS12,+",1
"KAT6B>AIP,+",1
"DCHS1>LDB2,+",1
"RPS10>UBE2Z,+",1
"MTPN>UBE2Z,+",1
"HTRA1>RPS10,+",1
"HTRA1>EIF4B,+",1
"USP14>EIF4E,+",1
"JTB>EIF4B,+",1
"UBE2Z>EIF4B,+",1
"RPS12>TCF25,+",1
"RPS5>TCF25,+",1
"HMGN2>NASP,+",1
"LAMB2>AHNAK,+",1
"GPR146>AHNAK,+",1
"UBE2Z>HTRA1,+",1
"NPR3>EIF4E,+",1
"MTPN>MLF2,+",1
"UBC>MFGE8,+",1
"HADHA>NEDD8,+",1
"ECHS1>NME1,+",1
"CD200>SNRNP70,+",1
"BAZ1A>VEZF1,+",1
"ISCU>PSMD8,+",1
"CTNND1>PSMD8,+",1
"RPS12>RPL6,+",1
"TMEM14C>MAP4,+",1
"CLPTM1>SSR2,+",1
"EIF3K>NME1,+",1
"ANAPC11>NME1,+",1
"RPS28>RPS12,+",1
"TNFRSF1A>SNRNP70,+",1
"NME1>CCT7,+",1
"RPL27>CCT7,+",1
"SSR2>CLPTM1,+",1
"RPS24>RPL8,+",1
"TMEM205>NFE2L1,+",1
"BRD7>NFE2L1,+",1
"TMEM14C>TMEM205,+",1
"SSR2>HLA-C,+",1
"TMEM14C>MFGE8,+",1
"UBC>SNRNP70,+",1
"CENPC>CTNND1,+",1
"BAZ1A>NFIA,+",1
"GPR146>RANBP1,+",1
"CENPC>GPR146,+",1
"ISCU>GPR146,+",1
"SF3B6>HOXD8,-",1
"PSMD8>ISCU,+",1
"MTPN>ISCU,+",1
"PITPNC1>DDX5,+",1
"CD200>DDX5,+",1
"PSMD8>GHITM,+",1
"PITPNC1>MAP3K11,+",1
"HADHA>RANBP1,+",1
"DDX46>CTNND1,+",1
"CENPC>RANBP1,+",1
"ISCU>DDX46,+",1
"WWP1>CENPC,+",1
"BAZ1A>WWP1,+",1
"GHITM>WWP1,+",1
"BAZ1A>MTPN,+",1
"FGD5>MTPN,+",1
"ISCU>MTPN,+",1
"TNFRSF1A>PITPNC1,+",1
"S100A13>TSC22D3,+",1
"NME4>RILPL2,+",1
"CNBP>PRPSAP1,+",1
"CASC4>CLEC1A,+",1
"HLA-C>NASP,+",1
"KDM2A>KANSL1,+",1
"CACYBP>KANSL1,+",1
"RTF2>FAM171A1,+",1
"NUDCD1>ADGRL4,+",1
"KAT6B>ADGRL4,+",1
"RPS6>RPL37,+",1
"MAP4>CCDC47,+",1
"SUMO2>CCDC47,+",1
"RPS6>RPS5,+",1
"RPL30>NACA,+",1
"NR5A2>EIF3L,+",1
"APMAP>EIF3L,+",1
"RPLP0>EIF3L,+",1
"ARGLU1>MYLIP,+",1
"RNF144B>MYLIP,+",1
"UBA52>OSTC,+",1
"MAP4>DPP7,+",1
"RPL10A>RPS6,+",1
"RPS6>RPS8,+",1
"RPS5>APMAP,+",1
"TGFBR3>NASP,+",1
"SMC5>NUDCD1,+",1
"MT-CO2>KAT6B,+",1
"SERBP1>RPL7,+",1
"TANC1>MAN1A2,+",1
"CD74>GOLGB1,+",1
"SMC5>GOLGB1,+",1
"NUAK1>GOLGB1,+",1
"SNHG7>BRI3,+",1
"MT-CO2>BRI3,+",1
"DDX5>MGP,+",1
"RPL27A>CACYBP,+",1
"CD74>CACYBP,+",1
"HLA-C>TSPAN7,+",1
"RPL27A>SERBP1,+",1
"WWP1>PAM,+",1
"POLR2C>PAM,+",1
"BZW1>PAM,+",1
"CD74>PAM,+",1
"NUDCD1>TANC1,+",1
"NUAK1>TANC1,+",1
"MT-CO2>CD74,+",1
"TSPAN7>CD74,+",1
"NUAK1>SERBP1,+",1
"NASP>APMAP,+",1
"NR5A2>APMAP,+",1
"NASP>BCL3,+",1
"UFC1>CAVIN2,+",1
"SUMO2>SPCS3,+",1
"MAP4>SPCS3,+",1
"NACA>RPL30,+",1
"NACA>PDCD4,+",1
"TUBA1B>PDCD4,+",1
"RPL7A>PDCD4,+",1
"RPL18A>HLA-B,+",1
"UFC1>NDUFA8,+",1
"NR5A2>NDUFA8,+",1
"OAZ2>CAVIN2,+",1
"RPLP0>SUMO2,+",1
"TPR>CAVIN2,+",1
"RPS6>CAVIN2,+",1
"RNF144B>TPR,+",1
"NACA>EIF4B,+",1
"MYLIP>EIF4B,+",1
"RPL30>EIF4B,+",1
"MECOM>NASP,+",1
"TCAF1>UHMK1,+",1
"TMEM141>UHMK1,-",1
"OAZ2>SPCS3,+",1
"MAP4>OAZ2,+",1
"MYLIP>MECOM,+",1
"TPR>UBE2G2,+",1
"RPS6>RPL10A,+",1
"RPS6>RPL5,+",1
"NACA>RPL19,+",1
"NACA>RNF144B,+",1
"ARGLU1>RNF144B,+",1
"COX4I1>RNF144B,+",1
"NACA>RPL38,+",1
"RPL7A>UBA52,+",1
"NR5A2>UBE2G2,+",1
"MYLIP>UBE2G2,+",1
"SUMO2>OAZ2,+",1
"TUBA1B>UBE2G2,+",1
"MAP4>UBE2G2,+",1
"RNF144B>UBE2G2,+",1
"UFC1>NR5A2,+",1
"NACA>RPL11,+",1
"RPL30>COX4I1,+",1
"RPLP0>ARGLU1,+",1
"RPL10A>RPL7A,+",1
"BCL3>OAZ2,+",1
"PAM>PSMB8,+",1
"RPL27A>RPS28,+",1
"GOLGB1>EIF3G,+",1
"HDGF>GPR108,+",1
"YES1>RNF7,+",1
"TCF25>TIAM1,+",1
"PFDN2>CHURC1,+",1
"AHNAK>HMGB2,+",1
"TMEM141>HMGB2,+",1
"GPR146>HMGB2,+",1
"TMEM141>VDAC2,+",1
"HDGF>VDAC2,+",1
"ARPC1A>VAPA,+",1
"PEA15>GPR108,+",1
"TIAM1>RND1,+",1
"RND1>GPR108,+",1
"ERG>GPR108,+",1
"SCAND1>GPR108,+",1
"SNHG7>RPL27,+",1
"NFIA>PPT1,+",1
"PFDN2>PPT1,+",1
"AHNAK>PPT1,+",1
"ARPC1A>PPT1,+",1
"TIAM1>KLF9,+",1
"YES1>UBE2Z,+",1
"SNHG7>PFDN2,+",1
"ARPC1A>PEA15,+",1
"CYHR1>ABCD4,+",1
"COPS6>TMEM14C,+",1
"CYHR1>TMEM14C,+",1
"EIF3G>TMEM14C,+",1
"CYHR1>TXNDC9,+",1
"NME1>PSMD8,+",1
"MKLN1>PSMD8,+",1
"EIF2B1>ABCD4,+",1
"HIGD2A>ABCD4,-",1
"MYO6>ABCD4,+",1
"COMMD4>SZRD1,+",1
"NASP>PFDN2,+",1
"TXNDC9>SZRD1,+",1
"ABCD4>C1orf122,-",1
"TXNDC9>C1orf122,+",1
"CYHR1>HOXD8,+",1
"CLEC1A>CASC4,+",1
"TMEM141>WAC,+",1
"TCF25>UBE2M,+",1
"RNF7>GPR146,+",1
"KANSL1>PFDN2,+",1
"KANSL1>PEA15,+",1
"TCF25>PEA15,+",1
"DDX5>SMC5,+",1
"POLR2C>TGFBR3,+",1
"ARPC1A>SCAND1,+",1
"BRK1>SCAND1,+",1
"CCND3>PSMB5,+",1
"HDGF>PSMB5,+",1
"YES1>PSMB5,+",1
"KANSL1>EIF3G,+",1
"WWP1>RBM6,+",1
"RTF2>RBM6,+",1
"GOLGB1>RBM6,+",1
"PAM>RTF2,+",1
"VDAC2>ATP6V0E1,+",1
"KAT6B>RTF2,+",1
"PCMTD1>RTF2,+",1
"KAT6B>DYNC1LI2,+",1
"TANC1>NUAK1,+",1
"RPL7>RPL38,+",1
"NASP>RPL38,+",1
"CD74>MT-CO2,+",1
"KAT6B>MT-CO2,+",1
"PTPRA>SNHG7,+",1
"RNF7>SCAND1,+",1
"TMEM141>AHNAK,+",1
"TCF25>TAF10,+",1
"SNHG7>YES1,+",1
"PPT1>CACYBP,+",1
"AHNAK>ARL2,+",1
"PSMD8>ARL2,+",1
"PEA15>NFIA,+",1
"ARPC1A>NFIA,+",1
"TCF25>NFIA,+",1
"PEA15>CLEC1A,+",1
"ARL6IP5>TCF25,+",1
"CCND3>TCF25,+",1
"PFDN2>CCND3,+",1
"SCAND1>ARPC1A,+",1
"AHNAK>HDGF,+",1
"TIAM1>ARL6IP5,+",1
"TMEM141>ARL6IP5,+",1
"PFDN2>FNBP1L,+",1
"CCND3>FNBP1L,+",1
"HDGF>FNBP1L,+",1
"PSMD8>BRK1,+",1
"GPR146>BRK1,+",1
"PPT1>ARPC1A,+",1
"MED13>UHMK1,+",1
"DENR>UBA1,+",1
"ZNF706>UBA1,+",1
"NUDCD1>CNTNAP3B,+",1
"SLC38A2>SUMF2,+",1
"FCHSD2>CCDC6,+",1
"TMEM109>CCDC6,+",1
"NUDCD1>TRIM38,+",1
"HIGD2A>TRIM38,+",1
"TRIM44>TRIM38,-",1
"AK2>NUDCD1,+",1
"CNTNAP3B>NUDCD1,+",1
"SNRNP200>DYNC1H1,+",1
"SNRNP200>CNTNAP3B,-",1
"TMEM109>LAMTOR1,+",1
"HIGD2A>HSD17B4,+",1
"TTC1>HSD17B4,+",1
"AK2>VPS37B,+",1
"TTC1>VPS37B,+",1
"TRIM44>VPS37B,+",1
"TMEM109>PDLIM1,+",1
"TRIM44>PDLIM1,+",1
"LAMTOR1>PARP14,-",1
"PDLIM5>DUSP1,+",1
"PDLIM5>SUMF2,-",1
"BRD7>SNRNP200,+",1
"GPATCH8>HIGD2A,+",1
"LPP>UBE2G2,+",1
"LPP>ATP6V0E1,+",1
"SF3B6>ATP6V0E1,+",1
"YES1>PDCL,+",1
"BANF1>PDCL,+",1
"ARF1>RNF167,+",1
"PDCL>YES1,+",1
"CALD1>DCHS1,+",1
"ARPC1A>DCHS1,+",1
"ARF1>MALAT1,+",1
"CALD1>TRIP11,+",1
"TMEM109>BRD7,-",1
"VCP>BANF1,+",1
"VCP>EIF4B,+",1
"CTDNEP1>PDLIM5,+",1
"VCP>PDLIM5,+",1
"EEF2>PDLIM5,+",1
"RPLP1>PDLIM5,+",1
"PDCL>PSMD8,+",1
"TRIM44>NASP,+",1
"GPATCH8>N4BP2L2,+",1
"CD151>DUSP1,+",1
"GPATCH8>MT-ND6,+",1
"LPP>UBE2N,+",1
"GPATCH8>NDUFC2,+",1
"KCTD12>FN1,+",1
"CD151>UBE2L6,+",1
"TMEM109>UBE2L6,+",1
"TTC1>UBE2L6,+",1
"SUMF2>SLC38A2,+",1
"AK2>SLC38A2,+",1
"AK2>NDUFA5,+",1
"CLU>NDUFA5,-",1
"TMEM109>NDUFA5,+",1
"TRIM44>KIAA1671,+",1
"SNRNP200>FN1,+",1
"LAMTOR1>SERBP1,-",1
"MT-ND3>SERBP1,+",1
"UBXN4>FCHSD2,+",1
"BRD7>FCHSD2,-",1
"GPATCH8>ERG,+",1
"CCDC186>CHSY1,+",1
"MT-ATP6>MT-CO1,+",1
"CCDC186>ZKSCAN1,-",1
"PTPRA>ST13,+",1
"UBE2H>FN1,+",1
"CCDC6>TMEM109,+",1
"TRIM38>TRIM44,-",1
"HSD17B4>SELENOW,+",1
"AK2>TRIM44,-",1
"BRD7>SIVA1,+",1
"TMEM109>CLU,+",1
"CD151>CLU,+",1
"TTC1>CLU,+",1
"TRIM44>MT-ND3,+",1
"UBXN4>PDLIM5,+",1
"HIGD2A>SELENOW,+",1
"NUDCD1>SELENOW,+",1
"UBE2H>KCTD12,+",1
"HIGD2A>TMEM109,+",1
"NPR3>KCTD12,+",1
"KCTD12>NPR3,+",1
"CD151>GPATCH8,+",1
"CD151>AK2,+",1
"TRIM44>AK2,-",1
"UBXN4>PSAP,+",1
"CD151>PSAP,+",1
"FN1>UBE2H,+",1
"CD151>UBE2H,+",1
"MRPL28>UBE2N,+",1
"UBE2G2>UBE2N,+",1
"CLTC>UBA1,+",1
"ZNF706>DENR,+",1
"UBA1>VEZF1,+",1
"EIF4B>VEZF1,+",1
"DDX5>VEZF1,+",1
"MTPN>LIMS2,+",1
"MAPK1>LIMS2,+",1
"CLTC>LIMS2,+",1
"FNIP2>TRIP11,+",1
"TCAF1>DENR,-",1
"MED13>DENR,+",1
"FGD5>MAP4,+",1
"TMEM141>TTC37,+",1
"MAP4>MGP,+",1
"RANBP1>MGP,+",1
"ATP6V0E1>MGP,+",1
"MALAT1>CMPK1,+",1
"ZNF706>CMPK1,+",1
"TMED10>MRPL16,+",1
"NFIC>MRPL16,+",1
"FNIP2>MRPL16,+",1
"TMEM141>NDUFA5,+",1
"TCAF1>TTC37,+",1
"ECHS1>TTC37,+",1
"MRPL16>KHDRBS1,+",1
"DENR>MCTP1,-",1
"UPF2>SON,+",1
"FNIP2>SON,+",1
"SON>TMEM141,-",1
"MCTP1>TMEM141,+",1
"CLTC>TMEM141,+",1
"UHMK1>TMEM141,-",1
"MRPL16>TXNDC12,+",1
"TCAF1>ROBO4,+",1
"WWP1>ROBO4,+",1
"MRPL16>MCTP1,+",1
"MRPL16>TTC37,+",1
"TMEM141>MCTP1,+",1
"ZNF706>MCTP1,+",1
"TMED10>YWHAH,+",1
"ZNF706>YWHAH,+",1
"FNIP2>RANBP1,+",1
"TMEM141>EIF4B,+",1
"DDX5>EIF4B,+",1
"ECHS1>EIF4B,+",1
"RANBP1>EIF4B,+",1
"MRPL16>NDUFA5,+",1
"UBA1>KHDRBS1,+",1
"NHP2>TES,+",1
"PFDN5>JUN,+",1
"ROBO4>WWP1,+",1
"DDX5>MTPN,+",1
"TCAF1>ERG,+",1
"MRPL16>ERG,+",1
"CALD1>PTBP3,-",1
"RPLP1>PFDN5,+",1
"CALD1>EEF2,+",1
"RPLP1>EEF2,+",1
"SUN2>JUN,+",1
"PDCL>ARPC2,+",1
"ZNF706>TRIM44,+",1
"RPLP1>ARPC1A,+",1
"TMEM109>PSMD13,+",1
"GIMAP7>TMEM109,+",1
"CHMP2A>LRPAP1,-",1
"RPLP1>RPS16,+",1
"VCP>CHMP2A,+",1
"RPLP1>GIMAP7,+",1
"MRPL28>ITGB1,+",1
"SUN2>TES,+",1
"TMEM141>TRIM44,+",1
"SON>TRIM44,+",1
"UPF2>NFIC,-",1
"ZNF706>CDK9,+",1
"SON>NFIC,+",1
"CLTC>SIVA1,+",1
"TMEM141>SIVA1,+",1
"TMED10>CLTC,+",1
"FNIP2>CLTC,+",1
"TCAF1>CLTC,+",1
"SON>FNIP2,+",1
"TCAF1>FNIP2,+",1
"MTPN>MAPK1,+",1
"MRPL16>CDK9,+",1
"SIVA1>TRIM44,-",1
"ROBO4>CDK9,+",1
"MRPL16>TMED10,+",1
"TCAF1>UBE2E3,+",1
"CLTC>HSD17B4,+",1
"CMPK1>UPF2,+",1
"TMEM141>UPF2,-",1
"ZNF706>UPF2,-",1
"UBA1>HIGD2A,+",1
"UPF2>TRIM44,+",1
"PLPP5>MT-CO2,+",1
"FGD5>CLEC1A,+",1
"EIF3F>ZNF22,+",1
"EIF3G>GON4L,+",1
"ADGRL4>PCMTD1,+",1
"ATRAID>FGD5,+",1
"COA3>FGD5,+",1
"COPB1>FGD5,+",1
"ZNF22>SNHG7,+",1
"CD151>ADGRL4,+",1
"NOL7>TMEM14C,+",1
"ZNF22>PTMS,+",1
"RPL27>PTMS,+",1
"RAC1>PTMS,+",1
"CDC37>ATP6V0E1,+",1
"ATRAID>AHNAK,+",1
"MT-ND3>AHNAK,+",1
"ADGRL4>SUMO2,+",1
"RPL8>MT-ND3,+",1
"MT-CO3>MT-ND3,+",1
"CLPTM1>RTF2,+",1
"MT-CO3>RTF2,+",1
"SNHG7>RTF2,+",1
"CDC37>GIMAP7,+",1
"HSP90AB1>EBAG9,+",1
"NME3>UQCRB,+",1
"RPL8>UQCRB,+",1
"TMEM14C>NOL7,+",1
"COA3>RPL8,+",1
"FGD5>CRTAP,+",1
"NOL7>CRTAP,+",1
"GIMAP7>CRTAP,+",1
"ICA1>CRTAP,+",1
"NOL7>NME3,+",1
"RALBP1>NME3,+",1
"ICA1>NME3,+",1
"TMEM14C>CLPTM1,+",1
"SCP2>CLPTM1,+",1
"RPL27>RPL8,+",1
"SNHG7>NOL7,+",1
"SNHG7>RPL8,+",1
"RAC1>SERBP1,+",1
"GIMAP7>SERBP1,+",1
"RPL8>RPL38,+",1
"SNHG7>ICA1,+",1
"GIMAP7>ICA1,+",1
"PSMB5>SYPL1,+",1
"RPL27>UBA52,+",1
"ICA1>NOL7,+",1
"HMGN1>EBAG9,+",1
"RPL34>UBA52,+",1
"EIF4B>MT-ND3,+",1
"TMEM109>TCF25,+",1
"KAT6B>HMGN1,+",1
"KAT6B>MYL12A,+",1
"RPL34>MYL12A,+",1
"MKLN1>MYL12A,+",1
"SMG1>GINM1,+",1
"WTAP>TMEM109,+",1
"RPSA>TMEM109,+",1
"RPS21>DDX5,+",1
"BRI3>DDX5,+",1
"WTAP>TCF25,+",1
"HSP90AB1>ANKRD12,+",1
"RPSA>TCF25,+",1
"HMGN1>TACC1,+",1
"SYF2>AHNAK,+",1
"PRPF4B>AHNAK,+",1
"RPL30>AHNAK,+",1
"MKLN1>SMG1,+",1
"NACA>SMG1,+",1
"DDX5>BRI3,+",1
"MKLN1>NUAK1,+",1
"TCEAL8>HMGN1,+",1
"WTAP>ANKRD12,+",1
"RPL35A>RPL34,+",1
"AHNAK>EIF4H,+",1
"RPL34>RPL35A,+",1
"RPL30>RPL35A,+",1
"SMG1>PNISR,+",1
"SYF2>PNISR,+",1
"SMG1>TRIM56,+",1
"RPL34>TRIM56,+",1
"EIF4B>TRIM56,+",1
"TMEM109>WTAP,+",1
"RPS21>RPL41,+",1
"HSP90AB1>EIF4H,+",1
"TACC1>ANKRD12,+",1
"RPL35A>RPL38,+",1
"SMG1>PAM,+",1
"TACC1>PAM,+",1
"ISCU>EGFL7,+",1
"BRI3>EGFL7,+",1
"RPL30>CBX3,+",1
"HMGN1>PRPF4B,+",1
"RPL34>RPS4X,+",1
"TMEM109>ANKRD12,+",1
"CLPTM1>CRTAP,+",1
"TMEM14C>CRTAP,+",1
"COPB1>TRIM44,+",1
"SF3A3>EIF3F,+",1
"BAG5>SNTB2,-",1
"SNHG7>SNTB2,+",1
"NDUFA8>SNTB2,-",1
"UBE2Z>CTNNB1,+",1
"SF3A3>CTNNB1,+",1
"NDUFA8>CACYBP,+",1
"RNF115>CACYBP,+",1
"NCOA7>CACYBP,-",1
"FAM84B>COX7B,+",1
"SNHG7>EIF3F,+",1
"NCOA7>SNTB2,+",1
"BAG5>EIF3G,+",1
"MFGE8>EIF3G,+",1
"NCOA7>NME1,+",1
"ACP1>NME1,+",1
"HOXD8>NME1,+",1
"SELENOW>EEF2,+",1
"SNHG7>NDUFA8,+",1
"MFGE8>NDUFA8,+",1
"ACP1>NDUFA8,+",1
"ARL2>SNTB2,+",1
"SF3A3>SNTB2,-",1
"TPR>UBE2Z,+",1
"TPR>NCOA7,+",1
"AP2B1>ACP1,+",1
"CTNNB1>SF3A3,+",1
"EIF4G2>FAM84B,-",1
"TTC1>FAM84B,+",1
"TPR>TLE1,+",1
"LSM8>TLE1,-",1
"ACP1>BAG5,+",1
"LSM8>ARL2,+",1
"ACP1>SZRD1,+",1
"EIF3F>SNHG7,+",1
"SELENOW>EIF4G2,+",1
"SNTB2>BCL3,-",1
"NDUFA8>PSMB5,+",1
"TPR>UBC,+",1
"NCOA7>UBC,+",1
"UBE2E3>UBC,+",1
"ATOX1>UBC,+",1
"NAPA>IFITM2,+",1
"MFGE8>C19orf70,+",1
"SF3A3>EIF4G2,+",1
"SF3A3>UBE2Z,+",1
"EIF3F>UBE2Z,+",1
"B2M>PSMB8,+",1
"NOL7>CHURC1,+",1
"SNTB2>HOXD8,-",1
"NCOA7>MFGE8,-",1
"SNTB2>ERG,-",1
"LSM8>ERG,+",1
"RPL8>RPS26,+",1
"NME3>RABAC1,+",1
"PCMTD1>RABAC1,+",1
"RAC1>CHURC1,+",1
"PSMB5>CHURC1,+",1
"ICA1>CHURC1,+",1
"NDUFA8>PSMD8,+",1
"TMEM14C>TXNDC9,+",1
"FGD5>TXNDC9,+",1
"SCP2>TXNDC9,+",1
"CD151>RALBP1,+",1
"ATRAID>RALBP1,+",1
"RPL8>RAC1,+",1
"GIMAP7>RAC1,+",1
"RABAC1>RAC1,+",1
"SCP2>COPB1,+",1
"EIF3F>PSMD8,+",1
"SELENOW>PSMD8,+",1
"NAPA>UBE2E3,+",1
"BAG5>SF3B6,+",1
"FAM84B>ATOX1,+",1
"EIF4G2>LSM8,-",1
"AP2B1>LSM8,+",1
"SF3A3>TSC22D3,+",1
"SF3A3>SERINC1,+",1
"SZRD1>AP2B1,+",1
"C19orf70>AP2B1,+",1
"RNF115>AP2B1,-",1
"EIF3F>AP2B1,-",1
"UBE2E3>TPR,+",1
"EIF3F>HLA-C,+",1
"NCOA7>TPR,+",1
"SNHG7>CDC37,+",1
"LSM8>NAPA,+",1
"UBE2E3>NAPA,+",1
"LSM8>WDR45B,+",1
"SF3A3>WDR45B,+",1
"C19orf70>WDR45B,-",1
"SF3B6>DDX46,+",1
"SZRD1>DUSP1,+",1
"MT-ND3>NUAK1,+",1
"MT-ND3>MKLN1,+",1
"KAT6B>PTEN,+",1
"NFIA>NASP,+",1
"SSR2>TCF12,+",1
"ITGA1>ABCD4,+",1
"ARRDC3>ABCD4,+",1
"RPS8>ABCD4,+",1
"DDX5>ABCD4,+",1
"RPLP1>ABCD4,+",1
"PAFAH1B2>RPS20,+",1
"RPLP1>RPS21,+",1
"CLEC14A>IFITM2,+",1
"CLEC14A>ITGB1,+",1
"DNASE2>C1orf122,+",1
"RNF7>ERG,+",1
"RNF115>ERG,+",1
"EIF2B1>MED13L,+",1
"PLPP5>MED13L,+",1
"TXNDC9>COPS6,+",1
"TMEM14C>COPS6,+",1
"LONP2>PLPP5,+",1
"COX7B>CAMSAP2,+",1
"TMEM14C>CAMSAP2,+",1
"PAFAH1B2>C1orf122,+",1
"RNF115>C1orf122,+",1
"RSRP1>CAMSAP2,+",1
"PAFAH1B2>BCL3,+",1
"TOMM20>ITGA1,+",1
"ATP6V0E1>ITGA1,+",1
"PAFAH1B2>ITGA1,+",1
"RPS26>ITGA1,+",1
"NFIA>ITGA1,+",1
"DDX46>ITGA1,+",1
"DNASE2>BCL3,+",1
"ITGA1>BCL3,+",1
"STRAP>BCL3,+",1
"PAFAH1B2>DDOST,+",1
"MRPL27>C1orf122,+",1
"RNF115>DDX46,+",1
"SERBP1>RPS26,+",1
"IFITM3>ATP6V0E1,+",1
"ABCD4>ATP6V0E1,+",1
"TOMM20>KANSL1,+",1
"ATP6V0E1>IFITM3,+",1
"SERBP1>DDX5,+",1
"STRAP>DDX5,+",1
"RNF115>NFIA,+",1
"GON4L>CAMSAP2,-",1
"FGD5>COX7B,+",1
"SSR2>HOXD8,+",1
"ABCD4>CYHR1,+",1
"HIGD2A>C6orf48,+",1
"CASC4>C6orf48,+",1
"ATP1A1>C6orf48,-",1
"PSMD8>NME1,+",1
"NME1>SMARCC2,+",1
"TXNDC9>RSRP1,-",1
"TMBIM6>FGD5,+",1
"C6orf48>FGD5,+",1
"COPS6>FGD5,+",1
"TMBIM6>CYHR1,+",1
"RSRP1>DUSP1,+",1
"TXNDC9>CYHR1,+",1
"TMEM14C>CYHR1,+",1
"ABCD4>RPL27,+",1
"MT-CO2>RPL27,+",1
"MKLN1>EEF2,+",1
"EIF3G>GIMAP7,+",1
"RSRP1>GIMAP7,+",1
"ABCD4>GON4L,+",1
"C6orf48>GON4L,+",1
"TMBIM6>C6orf48,+",1
"C6orf48>COMMD4,+",1
"PSMD8>COX7B,+",1
"MT-CO2>DDX46,+",1
"MYO6>COX7B,+",1
"COPS6>EIF2B1,+",1
"MYO6>EIF2B1,+",1
"EIF3G>EIF2B1,+",1
"CYHR1>EIF2B1,+",1
"COX7B>MYO6,+",1
"MT-CO2>LONP2,+",1
"GIMAP7>TSPAN7,+",1
"TXNDC9>TSPAN7,+",1
"NME1>KPNA3,+",1
"HIGD2A>COMMD4,+",1
"TMEM14C>KPNA3,+",1
"RSRP1>KPNA3,+",1
"EIF3G>KPNA3,+",1
"HIGD2A>KPNA3,+",1
"GON4L>PLEKHA3,+",1
"MT-CO2>PLEKHA3,+",1
"EIF3G>PLEKHA3,+",1
"EIF2B1>ATP1A1,-",1
"PSMD8>COMMD4,+",1
"BCL3>ITGA1,+",1
"ITGA1>HOXD8,+",1
"ISCU>PTEN,+",1
"PSMD8>PDCD4,+",1
"TACC1>TMEM109,+",1
"RPL27>C6orf48,+",1
"SF3B6>RNF7,+",1
"OS9>ZBTB4,-",1
"PKN2>ZBTB4,+",1
"PDCD2>DDX46,+",1
"TNFRSF1A>EI24,+",1
"SLC30A1>EI24,+",1
"PUM1>EI24,+",1
"TNFRSF1A>PDCD4,+",1
"PSMD8>TMEM109,+",1
"SF3B6>KMT5A,+",1
"TNFRSF1A>SLC30A1,+",1
"SF3B6>SLC30A1,-",1
"RPL27>SLC30A1,-",1
"SMARCE1>SLC30A1,+",1
"MFGE8>CD151,+",1
"OS9>KANSL1,+",1
"ELF2>PSMD8,+",1
"SF3B6>PSMD8,+",1
"SLC30A1>TMEM109,-",1
"IFNGR1>NOP56,+",1
"FAR1>CCDC6,+",1
"PAM>SYF2,+",1
"HSP90AB1>PTEN,+",1
"ISCU>SUMO2,+",1
"HMGN1>SUMO2,+",1
"NACA>TCEAL8,+",1
"WTAP>TCEAL8,+",1
"BRI3>GHITM,+",1
"ISCU>GHITM,+",1
"ISCU>TRIP11,+",1
"PAM>TRIP11,+",1
"MKLN1>SYF2,+",1
"IFNGR1>BCL3,+",1
"EIF4B>SYF2,+",1
"NACA>CALD1,+",1
"WTAP>CALD1,+",1
"MT-ND3>EIF4B,+",1
"HMGN1>EIF4B,+",1
"ISCU>ERG,+",1
"KMT5A>MAP4,+",1
"FAM171A1>MAP4,+",1
"PDCD2>MBNL1,+",1
"BCL3>CCDC6,+",1
"RPS28>CCDC6,+",1
"TPR>HOXD8,+",1
"TOMM20>RNF7,+",1
"OS9>ATP6V0E1,+",1
"FAR1>PKN2,+",1
"PHC3>FAM171A1,+",1
"DENR>FAM171A1,-",1
"TOMM20>CTSC,+",1
"SSR2>CTSC,+",1
"RPLP1>RPS8,+",1
"RPS26>RPS8,+",1
"RNF7>TOMM20,+",1
"TPR>RNF7,+",1
"USP1>POLR2C,+",1
"DNASE2>MRPL27,+",1
"ATP6V0E1>MRPL27,+",1
"RNF7>PCMTD1,+",1
"NFIA>PCMTD1,+",1
"ITGA1>PAFAH1B2,+",1
"ARRDC3>PAFAH1B2,+",1
"NFIA>RNF115,+",1
"ITGA1>UACA,+",1
"ABCD4>HOXD8,+",1
"LAMB2>ATP6V0E1,+",1
"TMEM14C>POLR2C,+",1
"TMEM14C>USP1,-",1
"C6orf89>LUZP1,-",1
"RPL27>USP1,+",1
"RPS28>PCMTD1,+",1
"RPL27>ELF2,+",1
"TMEM14C>C6orf89,+",1
"RPS28>SF3B6,+",1
"KMT5A>SF3B6,+",1
"USP1>TACC1,+",1
"RPL27>RPS28,+",1
"RPS28>LAMB2,+",1
"KMT5A>IFNGR1,+",1
"C6orf48>MFGE8,+",1
"LAMB2>IFNGR1,+",1
"SLC30A1>SMARCE1,+",1
"OS9>SMARCE1,+",1
"ELF2>SMARCE1,+",1
"SF3B6>KAT6B,+",1
"ELF2>PSMB5,+",1
"PUM1>CLEC14A,+",1
"OS9>MFGE8,+",1
"TNFRSF1A>MFGE8,+",1
"MYL12B>TXNDC9,+",1
"ST13>PTPRA,+",1
"COX7B>HLA-E,+",1
"THOC2>C1orf122,+",1
"RPL4>LSM12,+",1
"WAC>LSM12,+",1
"SZRD1>UQCRB,-",1
"RPL4>UQCRB,+",1
"RPS21>RPLP1,+",1
"FAM177A1>PABPC1,+",1
"SDHA>VAPA,+",1
"CD151>VAPA,+",1
"DPY30>VAPA,+",1
"ST13>VAPA,+",1
"FAM177A1>TPR,+",1
"MKLN1>CLU,+",1
"WAC>CLU,+",1
"HOXD8>CLU,+",1
"ARL6IP5>CLU,+",1
"PPIC>CLU,+",1
"TPR>CASC4,+",1
"ST13>ARL6IP5,+",1
"EEF2>RPS26,+",1
"ARL6IP5>SDHA,+",1
"SLC38A2>TBL1XR1,+",1
"RPS21>RPL30,+",1
"ARL6IP5>RPGR,+",1
"CALD1>ZFYVE21,+",1
"DPY30>MKLN1,+",1
"RPS21>ST13,+",1
"UQCRB>ST13,+",1
"APOL6>BAZ1B,+",1
"DPY30>BAZ1B,+",1
"TPR>BAZ1B,+",1
"ERG>PSMB5,+",1
"FAM177A1>PSMB5,+",1
"TPR>WAC,+",1
"ATP6V0E1>MKLN1,+",1
"EEF2>RPL4,+",1
"APOL6>ZFYVE21,+",1
"CCT6A>APOL6,+",1
"ST13>APOL6,+",1
"SZRD1>PRRC2C,+",1
"MKLN1>SZRD1,+",1
"MYO9A>SZRD1,+",1
"MKLN1>C6orf48,-",1
"APOL6>C6orf48,-",1
"ATP6V0E1>C6orf48,+",1
"UQCRB>ZFYVE21,+",1
"MKLN1>RPA2,-",1
"CCT6A>RPA2,+",1
"CASC4>RPA2,+",1
"HIGD2A>ATP6V0E1,+",1
"TIAM1>TTC1,+",1
"SON>ZMAT2,+",1
"RPL30>ZMAT2,+",1
"SF3B6>SLC38A2,+",1
"CDC37>SLC38A2,+",1
"UBE2E3>CCDC6,+",1
"TTC1>CCDC6,+",1
"UBE2E3>TNFSF10,+",1
"FAM84B>UBE2E3,+",1
"RPL30>RPS21,+",1
"UBE2E3>FAM84B,+",1
"FLOT1>SF3B6,+",1
"SON>SERBP1,+",1
"SON>CAVIN1,+",1
"TTC1>CAVIN1,+",1
"SNHG7>FLOT1,+",1
"RPS21>MT-ND3,+",1
"COX5B>ICA1,+",1
"TIAM1>ICA1,+",1
"FLOT1>ICA1,+",1
"RPL41>RPL30,+",1
"TNFSF10>SON,+",1
"SDHA>RPA2,+",1
"APOL6>CALD1,+",1
"CALD1>RPA2,+",1
"RPS21>EEF2,+",1
"ATP6V0E1>CCDC12,+",1
"APOL6>CCDC12,+",1
"TPR>CCDC12,+",1
"BAZ1B>RPS25,+",1
"DPY30>FAM171A1,+",1
"ATP6V0E1>SLC38A2,+",1
"CASC4>CALD1,+",1
"FAM177A1>CALD1,+",1
"FLOT1>CDC37,+",1
"SDHA>ERG,+",1
"RPL15>RNF144B,+",1
"TMBIM1>RNF144B,+",1
"RPS21>RPL15,+",1
"SON>REPIN1,+",1
"TTC1>REPIN1,-",1
"CDC37>REPIN1,+",1
"FLOT1>REPIN1,+",1
"TTC1>CDC37,+",1
"ARL6IP5>ST13,+",1
"TBL1XR1>PPIC,+",1
"RPL4>PPIC,+",1
"PRPF38A>PKN2,+",1
"SIVA1>PUM3,+",1
"AKAP17A>PUM3,+",1
"CNDP2>CDK12,-",1
"ITGB1>CDK12,+",1
"WWP1>CDK12,+",1
"WAC>KMT2A,+",1
"RPL7A>RPS15A,+",1
"RPL41>RPS15A,+",1
"GPATCH8>PKN2,+",1
"GPATCH8>UBE2E3,+",1
"TIAM1>ERG,+",1
"DYNC1H1>ITGB1,+",1
"KMT2A>MALAT1,+",1
"RPL7A>RPL41,+",1
"RTN3>GPATCH8,+",1
"DYNC1H1>RTN3,+",1
"GPATCH8>RTN3,+",1
"RPS15A>SELENOM,+",1
"GNAI2>SELENOM,+",1
"GNAI2>SON,+",1
"DYNC1H1>OAZ1,+",1
"PROCR>ERG,+",1
"WWP1>WDR45B,+",1
"RPL8>ZNF791,-",1
"EEF1A1>RPL18A,+",1
"EEF1A1>RPS16,+",1
"KANSL1>TRIM69,+",1
"ZNF791>TRIM69,+",1
"KRIT1>ATXN2,+",1
"MINDY2>ATXN2,+",1
"TIAM1>ATXN2,+",1
"KANSL1>SUMO2,+",1
"SUMO2>EIF4B,+",1
"TIAM1>ZNF791,+",1
"KRIT1>ERG,+",1
"PSMD8>MINDY2,+",1
"PSMD8>TUBA1B,+",1
"KRIT1>JUN,+",1
"PSMD8>JUN,+",1
"C6orf48>JUN,+",1
"EEF1A1>RPL10A,+",1
"TIAM1>NASP,+",1
"C6orf48>NASP,+",1
"EEF1A1>RPS28,+",1
"PKN2>WDR45B,+",1
"EIF4B>TBL1XR1,+",1
"SDHA>PPIC,-",1
"DYNC1H1>BCL3,+",1
"TBL1XR1>DYNC1H1,+",1
"ITGB1>DYNC1H1,+",1
"GNAI2>DYNC1H1,+",1
"ATP6V0E1>ECHS1,+",1
"TBL1XR1>RNF115,-",1
"IFNGR1>PCMTD1,+",1
"RPS15A>PCMTD1,+",1
"ATP6V0E1>TXNDC17,+",1
"WWP1>TXNDC17,+",1
"RNF115>BCL3,+",1
"GNAI2>DENR,+",1
"TBL1XR1>CNDP2,+",1
"PRPF38A>C8orf33,+",1
"ITGB1>CCDC6,+",1
"WWP1>CCDC6,+",1
"PRPF38A>ERG,+",1
"CCDC6>ERG,+",1
"DPY30>CSDE1,+",1
"ATP6V0E1>CSDE1,+",1
"EEF2>CSDE1,+",1
"TACC1>UQCRH,+",1
"EIF4B>PCMTD2,+",1
"CDK12>HOXD8,+",1
"RPS15A>SIVA1,+",1
"GPATCH8>HOXD8,+",1
"KMT2A>HOXD8,+",1
"SELENOM>HOXD8,+",1
"RTN3>PRPF38A,+",1
"TFDP1>PRPF38A,+",1
"KMT2A>SPCS3,+",1
"PKN2>ANAPC11,+",1
"PRPF38A>ANAPC11,+",1
"PRPF38A>WAC,+",1
"PKN2>NASP,+",1
"TBL1XR1>PCMTD2,+",1
"CDK12>NASP,+",1
"ITGB1>NASP,+",1
"RPL41>RPL7A,+",1
"PUM3>WWP1,-",1
"SIVA1>TFDP1,+",1
"SELENOM>TFDP1,+",1
"TBL1XR1>EIF4B,+",1
"TACC1>EIF4B,+",1
"EIF4B>TACC1,+",1
"COX5B>BUB3,+",1
"SPCS3>TMBIM1,+",1
"COX5B>TMBIM1,+",1
"TXNDC17>CLEC1A,+",1
"ECHS1>SDCBP,+",1
"RPL41>SDCBP,+",1
"ZNF706>HMGB2,+",1
"UBE2E3>ECHS1,+",1
"PIK3IP1>PCMTD1,+",1
"PRPSAP1>ATP6V0E1,+",1
"RPL41>RPS28,+",1
"SIVA1>ERG,+",1
"GIPC2>CLEC1A,+",1
"ATP6V0E1>CLEC1A,-",1
"RPS16>STRAP,+",1
"ERP29>CLEC1A,+",1
"NASP>CLEC1A,+",1
"CTSZ>TXNDC17,+",1
"HADHA>BNIP3L,-",1
"CCT7>BNIP3L,+",1
"ATP6V0E1>HADHA,+",1
"B2M>TIMMDC1,+",1
"HADHA>ERP29,+",1
"TXNDC17>ERP29,+",1
"PIK3IP1>SDCBP,+",1
"MT-ND4>UBE2E3,+",1
"TRIP11>UGCG,+",1
"HLA-B>ZNF706,+",1
"HLA-A>MGP,+",1
"PLEKHA3>POLR2C,+",1
"UBE2E3>PEBP1,+",1
"UBE2E3>NASP,+",1
"LEPROT>NASP,+",1
"RNF144B>NASP,+",1
"MT-ND4>MT-ND3,+",1
"RPL41>RPS16,+",1
"RPLP2>ZNF706,+",1
"MT-ND4>ZNF706,+",1
"RPS16>LEPROT,+",1
"TIAM1>HIGD2A,+",1
"HLA-A>NDUFC2,+",1
"MT-ND4>FGD5,+",1
"RUNX1T1>FGD5,+",1
"SIVA1>FGD5,+",1
"SDCBP>FGD5,+",1
"RPL41>RPS29,+",1
"RPS29>RPL41,+",1
"RPLP2>UQCRB,+",1
"ARL2>UGCG,+",1
"LYPLA1>LEPR,+",1
"RUNX1T1>MGP,+",1
"B2M>TMED10,+",1
"COPS2>CTR9,+",1
"LYPLA1>PNRC2,+",1
"B2M>PNRC2,+",1
"B2M>GNAI2,+",1
"LYPLA1>NASP,+",1
"TXNDC17>GIPC2,-",1
"TXNDC17>MDFIC,+",1
"LYPLA1>MDFIC,+",1
"TXNDC17>IFITM2,+",1
"HADHA>TMED10,+",1
"TRIP11>CTR9,+",1
"TRIP11>COPS2,+",1
"CMTM6>UBE2Z,+",1
"LYPLA1>GPR146,+",1
"B2M>HMGN2,+",1
"ITGA8>TRIM44,-",1
"CTSZ>ZNF326,+",1
"TPR>SON,+",1
"B2M>SON,+",1
"TRIP11>MGP,+",1
"ERP29>CTR9,+",1
"TXNDC17>PSME2,-",1
"CTR9>LEPR,+",1
"SPCS3>PSENEN,+",1
"COPS2>LEPR,+",1
"BNIP3L>UBE2N,-",1
"TXNDC17>UBE2N,+",1
"B2M>UBE2N,+",1
"IFITM2>LYPLA1,+",1
"HADHA>CNRIP1,+",1
"COPS2>CNRIP1,+",1
"TMED10>CMTM6,+",1
"CTSZ>CMTM6,+",1
"PSME2>CYB5B,+",1
"B2M>PSME2,+",1
"PSME2>SYPL1,+",1
"B2M>PDLIM5,+",1
"GIPC2>SPCS3,-",1
"TIAM1>SPCS3,+",1
"TIAM1>ARL2,+",1
"COPS2>ARL2,+",1
"CTSZ>ARL2,+",1
"IFITM2>ARPC3,+",1
"LYPLA1>PSME2,+",1
"SIVA1>MGP,+",1
"PDLIM5>RUNX1T1,+",1
"TMEM14C>COX5B,+",1
"ARL6IP4>POLR2B,+",1
"SZRD1>ELF2,+",1
"KMT5A>GNG11,+",1
"HLA-B>GNG11,+",1
"RTF2>FAM84B,+",1
"SZRD1>FAM84B,+",1
"SZRD1>HSBP1,+",1
"TNFSF10>EIF1B,+",1
"ELF2>ZNF521,+",1
"ARL6IP4>ZNF521,+",1
"EIF1B>FAM171A1,-",1
"SIVA1>EGFL7,+",1
"ELF2>SH3BP5,+",1
"ZNF521>SIVA1,+",1
"SIVA1>ARHGAP18,+",1
"ELF2>ARHGAP18,+",1
"FAM171A1>ARHGAP18,-",1
"HLA-B>ARHGAP18,+",1
"SZRD1>ARHGAP18,+",1
"RBL2>FKBP1A,+",1
"EEF2>FKBP1A,+",1
"ZNF521>ZFP36L1,+",1
"BUB3>WWP1,+",1
"P4HB>MAP1LC3A,-",1
"SNHG7>UBE2L6,+",1
"TIAM1>SNHG7,+",1
"COX5B>ARHGEF12,+",1
"TIAM1>CST3,+",1
"COX5B>IFNGR1,+",1
"HIGD2A>IFNGR1,+",1
"ARHGEF12>IFNGR1,+",1
"EEF1A1>IFNGR1,+",1
"REPIN1>IFNGR1,+",1
"UBB>UBE2L6,+",1
"COX5B>UBE2L6,+",1
"IFNGR1>SPCS3,+",1
"RPS21>MT-ND1,+",1
"COX5B>TMEM14C,+",1
"RPS7>KANSL1,+",1
"TMEM141>KANSL1,+",1
"RPL15>KANSL1,+",1
"CAVIN1>UBB,+",1
"FLOT1>UBB,+",1
"EEF1A1>UBB,+",1
"TMEM141>SPCS3,+",1
"HLA-B>FKBP1A,+",1
"SIVA1>MAP1LC3A,+",1
"RPL27>EIF3G,+",1
"SDCBP>PRPSAP1,+",1
"RTF2>ENG,+",1
"TNFSF10>ENG,+",1
"RPLP2>RPL37,+",1
"RPS16>ADGRL4,+",1
"RPL27>ADGRL4,+",1
"HLA-B>ADGRL4,+",1
"LEPROT>TIAM1,+",1
"RUNX1T1>PRPSAP1,+",1
"PIK3IP1>PRPSAP1,+",1
"PRPSAP1>PIK3IP1,+",1
"RTF2>ZNF22,+",1
"UQCRB>PIK3IP1,+",1
"RUNX1T1>PIK3IP1,+",1
"RPS16>RPLP1,+",1
"FGD5>PLEKHA3,+",1
"MT-ATP6>PLEKHA3,+",1
"RPS16>RPLP2,+",1
"PIK3IP1>RNF144B,+",1
"UBE2E3>RNF144B,+",1
"SDCBP>RNF144B,+",1
"FAM171A1>GIMAP7,+",1
"LAPTM4A>LONP2,+",1
"EIF1B>ARL6IP4,+",1
"ELF2>HLA-E,+",1
"ATP6V0E1>ARL6IP4,+",1
"ELF2>ARL6IP4,+",1
"FAM171A1>TIAM1,+",1
"EEF2>TIAM1,+",1
"CCT6A>PKP4,+",1
"SH3BP5>GON4L,+",1
"EIF1B>SUMO2,+",1
"P4HB>LEPROT,+",1
"EEF2>LEPROT,+",1
"RTF2>ATP6V0E1,+",1
"GON4L>LONP2,-",1
"ZNF521>SZRD1,-",1
"ARHGAP18>SZRD1,+",1
"GON4L>SZRD1,+",1
"LEPROT>P4HB,+",1
"KMT5A>P4HB,+",1
"ATP6V0E1>RTF2,+",1
"SZRD1>MYL12B,-",1
"EIF1B>DDX5,+",1
"LAPTM4A>DDX5,+",1
"EEF1A1>VAPA,+",1
"TIAM1>VAPA,+",1
"KRIT1>VAPA,+",1
"SNHG7>DPYSL3,+",1
"SMARCC2>GIPC2,+",1
"PAFAH1B1>SNHG7,-",1
"KLHL24>RILPL2,+",1
"SREK1IP1>RILPL2,+",1
"BNIP3L>RILPL2,+",1
"FAM200B>RILPL2,+",1
"PAFAH1B1>KLF11,-",1
"MKLN1>DPYSL3,+",1
"PAFAH1B1>DPYSL3,-",1
"TSSC4>FKBP10,+",1
"SNHG7>HDAC2,-",1
"SZRD1>EXOC7,+",1
"WTAP>EXOC7,+",1
"TMEM109>AK2,+",1
"SMARCC2>AK2,+",1
"CADPS2>AK2,+",1
"TXNDC9>SMARCC2,-",1
"TMEM109>SMARCC2,+",1
"FKBP10>SMARCC2,+",1
"PEA15>SMARCC2,-",1
"CADPS2>GIPC2,+",1
"PSMB5>HDAC2,-",1
"FAM200B>ANXA11,-",1
"CLDN5>CDC42BPA,+",1
"MAF1>NRDC,+",1
"HMGN1>NRDC,+",1
"OAZ1>HNRNPD,+",1
"STK25>HNRNPD,-",1
"NFE2L1>PRRC2C,+",1
"SFSWAP>INPP1,+",1
"UBE2E3>INPP1,+",1
"TCEAL8>ERP44,+",1
"UTP11>CDC42BPA,+",1
"ITGB1>SUCLG1,+",1
"MON1B>HDAC2,+",1
"CHCHD1>EBAG9,+",1
"STK25>EBAG9,+",1
"TCEAL8>HOXD8,+",1
"PPP1R14B>KIAA1143,+",1
"HNRNPD>KIAA1143,+",1
"SFSWAP>KIAA1143,+",1
"CLDN5>NDUFB7,+",1
"STK25>SFSWAP,+",1
"YTHDF2>ERG,+",1
"MKLN1>KMT5A,+",1
"TIMM13>ANXA11,+",1
"CHCHD1>PAFAH1B2,+",1
"TSC22D2>FERMT2,+",1
"SZRD1>PURB,+",1
"RILPL2>ZNF326,+",1
"PURB>ZNF326,+",1
"CADPS2>ZNF326,+",1
"FAM200B>ZNF326,+",1
"WTAP>MON1B,+",1
"PEA15>PSMB5,+",1
"RPL41>RPS12,+",1
"EIF2A>SERPING1,+",1
"RPS26>RPL5,+",1
"TSSC4>PURB,+",1
"RPL27>RICTOR,+",1
"NFATC3>FOXP1,+",1
"TPR>FOXP1,+",1
"RICTOR>SLC2A3,+",1
"EEF1A1>TPT1,+",1
"EIF2A>ELF2,+",1
"HEXA>ELF2,+",1
"FERMT2>ELF2,+",1
"NFATC3>YES1,+",1
"FAM200B>PURB,-",1
"ZNF326>PURB,+",1
"UBE2L6>C6orf89,+",1
"RILPL2>TSSC4,+",1
"PSMB5>MFGE8,-",1
"BANF1>HMGN2,+",1
"FAM200B>PRPSAP1,-",1
"MFGE8>AIP,+",1
"PSMB5>ATP6V0E1,+",1
"TXNDC9>SLC25A39,+",1
"CADPS2>TXNDC9,+",1
"TIMM13>TXNDC9,+",1
"TSSC4>RBMX,+",1
"FAM200B>BANF1,+",1
"BANF1>PNRC2,+",1
"PRPSAP1>BANF1,+",1
"PRPSAP1>BHLHE40,-",1
"RILPL2>PAFAH1B1,+",1
"SLC25A39>PAFAH1B1,-",1
"TSSC4>PUM2,+",1
"PSMB5>TRIM44,+",1
"SMARCC2>PEA15,-",1
"RILPL2>SREK1IP1,+",1
"TIMM13>PNRC2,+",1
"PRRC2C>TCEAL8,+",1
"ITGB1>FNBP1L,+",1
"UTP11>FAM171A1,+",1
"COX7B>AHNAK,+",1
"PTPRA>HSP90AB1,+",1
"PRKAR2A>HSP90AB1,+",1
"ITGB1>TMEM165,+",1
"RNF115>TMEM165,+",1
"ROBO4>FRY,+",1
"POLR2C>FRY,+",1
"PTPRA>YWHAB,+",1
"THOC2>YWHAB,+",1
"DDX5>TRIM44,+",1
"MT-ATP6>AHNAK,+",1
"RASA4>MYH9,+",1
"PRKAR2A>AHNAK,+",1
"EEF2>CLEC1A,+",1
"FRY>POLR2C,+",1
"PSMB5>RNF115,+",1
"CCDC186>RNF115,+",1
"RND1>TBL1XR1,+",1
"PSMB5>TRIP11,+",1
"ITGB1>TRIP11,+",1
"ITGB1>MED13,+",1
"DDX5>MYH9,+",1
"AHNAK>CCDC186,+",1
"CCDC186>NASP,+",1
"DDX5>NEAT1,+",1
"TACC1>C1orf122,+",1
"PEA15>C1orf122,+",1
"TMEM109>GBP4,+",1
"EEF2>PRKAR2A,+",1
"AHNAK>PRKAR2A,+",1
"COX7B>SPCS3,+",1
"ROBO4>RASA4,+",1
"TRIM44>RASA4,+",1
"EXOC7>RASA4,+",1
"CCDC186>AP2B1,+",1
"ROBO4>CCDC186,+",1
"THOC2>AP2B1,+",1
"CCDC186>ROBO4,+",1
"CLEC1A>ROBO4,+",1
"TXNDC9>TMEM109,+",1
"CCDC186>TMEM109,+",1
"RNF115>TMEM109,+",1
"ITGB1>TMEM109,+",1
"MT-ATP6>MT-CYB,+",1
"COX7B>CCDC186,+",1
"COX7B>MED13,+",1
"RND1>NASP,+",1
"YTHDF2>FNBP1L,+",1
"HNRNPD>STK25,-",1
"PRRC2C>SOCS3,-",1
"CDC42BPA>ITGB1,+",1
"CLDN5>MRPL33,+",1
"TRIP11>ARRDC3,+",1
"OAZ1>UTP11,+",1
"FNBP1L>ZNF800,+",1
"UTP11>STK25,+",1
"OAZ1>STK25,+",1
"SFSWAP>STK25,+",1
"STK25>NFE2L1,+",1
"UTP11>SOCS3,+",1
"TRIP11>SYPL1,+",1
"HARS>SLC38A2,+",1
"FNBP1L>SLC38A2,-",1
"PRRC2C>SLC38A2,+",1
"UTP11>OAZ1,+",1
"HNRNPD>OAZ1,+",1
"MRPL33>HMGN1,+",1
"TRIP11>HMGN1,+",1
"HMGN1>FNBP1L,+",1
"RPS28>SOCS3,+",1
"TRIP11>OSTM1,+",1
"POLR2C>PEA15,+",1
"PAFAH1B2>CLDN5,+",1
"CCDC186>TACC1,+",1
"PRRC2C>ARHGDIA,+",1
"UTP11>UBE2E3,+",1
"PPP1R14B>UBE2E3,-",1
"NFE2L1>UBE2E3,+",1
"HARS>CHCHD1,-",1
"PAFAH1B2>CHCHD1,+",1
"MAF1>YTHDF2,+",1
"TCEAL8>VEZF1,+",1
"FNBP1L>RABGAP1,+",1
"CTNNA1>USO1,+",1
"ARRDC3>PPP1R14B,-",1
"UTP11>PPP1R14B,-",1
"CHCHD1>PPP1R14B,+",1
"ITGB1>PPP1R14B,-",1
"TCEAL8>SNRNP200,+",1
"PRRC2C>SNRNP200,+",1
"CTNNA1>ZC3H7A,+",1
"YTHDF2>USO1,+",1
"UTP11>USO1,+",1
"RPS16>YES1,+",1
"EIF4A2>FAM171A1,+",1
"TIAM1>PABPC1,+",1
"TXNDC9>TUBB,+",1
"SPCS3>FOXO1,+",1
"TXNDC9>GAPDH,+",1
"TSPAN4>RPS28,+",1
"PSMD8>RPS28,+",1
"PSMB5>ARPC1A,-",1
"TSPAN4>ARPC1A,+",1
"FAM177A1>ARPC1A,+",1
"CD151>ARPC1A,-",1
"ARPC1A>TUBB,-",1
"SUMO2>TUBB,+",1
"TSPAN4>FOXO1,+",1
"UBE2G2>TUBB,+",1
"WWP1>TMEM14C,+",1
"SUMO2>ZNF706,+",1
"ANKRD29>ZNF706,+",1
"ESD>CWC25,+",1
"PSMD8>DAZAP1,+",1
"PSME2>DAZAP1,+",1
"HNRNPUL1>PSMD8,-",1
"RBMX>TMEM219,+",1
"IRF2BP2>FOXO1,+",1
"TMEM14C>FOXO1,-",1
"ANKRD29>HIGD2A,+",1
"SUMO2>ECHS1,+",1
"FOXO1>IRF2BP2,+",1
"SUMO2>PSMD7,+",1
"MKLN1>TSPAN4,+",1
"CLPTM1>ZNF302,+",1
"TXNDC9>ZNF302,+",1
"MKLN1>ZNF302,+",1
"CLPTM1>UBE2G2,-",1
"SPCS3>UBE2G2,+",1
"ZNF706>GPR146,+",1
"CLPTM1>ECHS1,+",1
"PSMD8>FOXO1,+",1
"HNRNPUL1>PSME2,+",1
"ZNF706>PSME2,+",1
"WTAP>PSME2,+",1
"HIGD2A>PSME2,+",1
"MKLN1>PSMB5,+",1
"WWP1>POLR2C,+",1
"ESD>POLR2C,+",1
"SUMO2>CLPTM1,+",1
"PSMD7>CLPTM1,-",1
"RPS28>RPS21,+",1
"CD151>ESD,+",1
"CMPK1>HNRNPUL1,+",1
"KRIT1>PRKAA1,+",1
"MT-CO3>RPL23,+",1
"SF3B6>RPL23,+",1
"ZNF791>RPL8,-",1
"EEF1A1>RPL8,+",1
"PRKAA1>TRIP11,+",1
"ATXN2>TRIP11,+",1
"MT-CO3>RPSA,+",1
"EEF1A1>RPSA,+",1
"EEF1A1>RPS27A,+",1
"PSMD8>PRKAA1,+",1
"ZNF791>DNASE2,+",1
"EIF4B>PRKAA1,-",1
"ZNF791>MT-CO3,+",1
"YES1>KANSL1,+",1
"RPL23>KANSL1,+",1
"PSMD8>KANSL1,+",1
"EEF1A1>KANSL1,+",1
"TRIP11>DDX5,+",1
"YES1>C6orf48,+",1
"PROCR>PABPC1,+",1
"TIAM1>DNASE2,+",1
"KRIT1>DNASE2,+",1
"WWP1>SUMO2,+",1
"CMPK1>TXNDC9,-",1
"TXNDC9>SUMO2,+",1
"PSMD8>ARL6IP5,+",1
"ESD>ARL6IP5,-",1
"FAM177A1>ARL6IP5,+",1
"SPCS3>ARL6IP5,+",1
"ESD>EGFL7,+",1
"RPS28>EGFL7,+",1
"SUMO2>MYL12A,+",1
"TMEM219>RBMX,+",1
"WWP1>ERG,+",1
"RPL8>EEF1A1,+",1
"PSMD8>RPS6KA2,+",1
"KANSL1>RPS6KA2,+",1
"C6orf48>RPS6KA2,+",1
"KRIT1>TIAM1,-",1
"RPL8>TIAM1,+",1
"EIF4B>TIAM1,+",1
"PRKAA1>KRIT1,+",1
"KANSL1>KRIT1,+",1
"C6orf48>KRIT1,+",1
"TXNDC9>NDUFB9,+",1
"PSMD8>HNRNPUL1,-",1
"PCGF2>COX14,+",1
"HEXA>UTP11,+",1
"PSMD8>SLC38A2,+",1
"PCGF2>PSMD8,+",1
"RPL27>PSMD8,+",1
"PCGF2>C19orf70,+",1
"HEXA>C19orf70,-",1
"EIF4A2>C19orf70,+",1
"RPL27>C19orf70,+",1
"PSMD8>HSD17B10,+",1
"RPL4>HSD17B10,+",1
"FERMT2>UTP11,+",1
"DENR>LSM8,+",1
"HEXA>NASP,+",1
"HEXA>ERG,+",1
"ST13>GAPDH,+",1
"RPL10A>TOMM7,+",1
"RPS4X>RPL10A,+",1
"RPS28>RPL10A,+",1
"NSD1>CD151,+",1
"RPL10A>RPS4X,+",1
"VAMP3>ACP1,+",1
"DENR>SPCS3,+",1
"RPL4>LSM8,+",1
"PKP4>NUDCD2,+",1
"ERG>PDCD2,+",1
"FERMT2>TSC22D2,+",1
"EIF4A2>TSC22D2,+",1
"EIF4B>NUDCD1,-",1
"PUM2>NUDCD1,-",1
"NASP>NUDCD1,+",1
"EEF1A1>NUDCD1,+",1
"RPL4>NUDCD1,+",1
"HEXA>NUDCD1,+",1
"HEXA>STUB1,-",1
"EIF2A>PDCD2,+",1
"ERG>LSM8,+",1
"FOXP1>DENR,+",1
"EMC4>TMED10,+",1
"FAM177A1>TMED10,+",1
"TSC22D2>TPR,+",1
"RPL27>FAM177A1,+",1
"EEF1A1>RPL4,+",1
"FAM177A1>RPL27,+",1
"HSD17B10>LSM8,-",1
"PUM2>LSM8,+",1
"MALAT1>ACP1,+",1
"CD46>NUDCD2,+",1
"POLR2C>HNRNPUL1,+",1
"ATRAID>SIVA1,+",1
"RBMX>DYNC1H1,+",1
"ARL2>PSMD8,+",1
"PDLIM1>PSMD8,+",1
"CD46>DDX5,+",1
"ST13>CPQ,+",1
"ARL2>PSMA3,+",1
"NSD1>CDC37,+",1
"VAMP3>CDC37,+",1
"DYNC1H1>PKP4,+",1
"TXNDC9>BCL3,+",1
"SIVA1>MFNG,+",1
"PKP4>BCL3,+",1
"SLC38A2>BCL3,-",1
"ATRAID>BCL3,+",1
"MYO9A>BCL3,+",1
"DYNC1H1>ERG,+",1
"CLPTM1>ABHD14B,-",1
"SUMO2>ABHD14B,+",1
"ESD>ABHD14B,+",1
"SPCS3>WTAP,+",1
"RPS28>DYNC1H1,+",1
"BAD>MFNG,+",1
"CHCHD1>SLC25A6,+",1
"RPS28>BAD,+",1
"BAD>CALD1,+",1
"ST13>CALD1,+",1
"PPIA>SLC38A2,+",1
"BCL3>SLC38A2,-",1
"SIVA1>C19orf70,+",1
"BCL3>RALGAPA2,+",1
"RPS28>TXNDC9,+",1
"SIVA1>ST13,+",1
"RBMX>BAD,+",1
"CHCHD1>RPL27,+",1
"ST13>TXNDC17,+",1
"PKP4>PDLIM1,-",1
"RPS28>PDLIM1,+",1
"MT-ATP6>PFDN5,+",1
"EIF4B>TMEM141,+",1
"SIVA1>TMEM141,+",1
"DYNC1H1>RBMX,+",1
"BAD>RBMX,+",1
"MYO9A>RBMX,+",1
"RPS28>RBMX,+",1
"NCOA7>ZNF22,-",1
"KAT6B>CLEC14A,+",1
"ZFHX3>PRPSAP1,+",1
"RNF115>SNHG7,+",1
"UBE2E3>VEZF1,+",1
"TBL1XR1>VEZF1,+",1
"MT-CO2>VEZF1,+",1
"NME1>S100A16,+",1
"RPL15>RPL7,+",1
"UQCRB>TBL1XR1,+",1
"NME1>TBL1XR1,+",1
"RPL15>RPS24,+",1
"RPL15>RPL10,+",1
"RPL15>HLA-B,+",1
"GPRC5B>LMF2,-",1
"PDLIM5>LMF2,+",1
"RPS6KA2>LMF2,+",1
"PSMB5>LMF2,-",1
"MT-ATP6>LMF2,+",1
"SNRNP70>EIF4B,+",1
"PDLIM5>LMO2,+",1
"RAB13>LMO2,+",1
"MT-CO2>RYK,+",1
"RPL15>RPL8,+",1
"RPS6KA2>WTAP,-",1
"PDLIM5>VEZF1,+",1
"LMF2>VEZF1,+",1
"TMEM14C>ARGLU1,+",1
"MFGE8>RAB13,+",1
"SFSWAP>PQLC1,+",1
"IGFBP7>SLC2A3,+",1
"MAML2>CLEC1A,+",1
"UBA6>MRPS36,+",1
"MTPN>MGP,+",1
"RBMX>MGP,+",1
"TCF25>ERG,+",1
"MT-ATP6>ITGB1,+",1
"PDLIM5>RAB13,+",1
"RPS6KA2>RAB13,+",1
"ITGB1>PSMB5,+",1
"RPL15>RAB13,+",1
"RYK>RAB13,+",1
"VEZF1>GPRC5B,+",1
"PSMD8>GPRC5B,+",1
"PDLIM5>GPRC5B,+",1
"RPL10>RPL15,+",1
"EEF2>RPL15,+",1
"PDLIM5>NASP,+",1
"MT-CO2>NASP,+",1
"PSMD8>WTAP,+",1
"TBL1XR1>NME1,+",1
"PDLIM5>NME1,+",1
"B2M>ABCD4,+",1
"TNFRSF1A>C19orf70,+",1
"POLR2B>TMEM141,-",1
"NDUFB7>TMEM141,+",1
"ATRAID>TMEM141,+",1
"TCF12>JMJD1C,+",1
"CCDC186>POLR2B,+",1
"ATRAID>POLR2B,+",1
"EHD4>POLR2B,+",1
"PRPF38A>MKLN1,+",1
"RHOA>CCDC115,-",1
"CCDC186>C19orf70,+",1
"CCDC186>PRPF38A,+",1
"NDUFB7>PRPF38A,+",1
"UBTF>PRPF38A,-",1
"ATRAID>PRPF38A,+",1
"RNF167>GNG11,+",1
"KANSL1>GNG11,+",1
"GIMAP7>NDUFB7,+",1
"RNF167>NDUFB7,+",1
"RNF167>KLC1,+",1
"TCF12>C19orf70,-",1
"RNF167>SEC62,+",1
"PSMB5>MAP4,+",1
"RPL15>PSMD8,+",1
"MAP4>UBE2E3,+",1
"EEF2>UBE2E3,+",1
"SZRD1>MFGE8,+",1
"RAB13>RPS6KA2,+",1
"SZRD1>SNRNP70,+",1
"RPL15>RBMX,+",1
"MT-CO2>RBMX,+",1
"PSMD8>RBMX,+",1
"EEF2>HSPB1,+",1
"PSMB5>PSMD8,+",1
"B2M>SEC62,+",1
"RPL15>TUBA1B,+",1
"ERG>TLE1,+",1
"PDLIM5>TLE1,+",1
"PSMB5>CALD1,+",1
"UBE2E3>CALD1,+",1
"PSMB5>HOXD8,+",1
"SNRNP70>HOXD8,+",1
"CALD1>HOXD8,+",1
"CCDC186>PTPRK,+",1
"SNRNP70>PQLC1,+",1
"COX5B>PQLC1,+",1
"TCF25>PSMB5,+",1
"PSMB5>CTSC,+",1
"CNPY2>SLC30A1,+",1
"IGFBP7>SLC30A1,+",1
"TRIP11>UBTF,-",1
"MTPN>UBTF,-",1
"EIF4H>UBTF,+",1
"PRPSAP1>UBTF,-",1
"GPATCH2L>PEA15,+",1
"PSMB5>PEA15,+",1
"CLEC1A>CTSC,-",1
"TIAM1>CTSC,+",1
"EEF2>PSMB5,+",1
"IGFBP7>CTSC,+",1
"MAML2>MTPN,+",1
"COX5B>MTPN,+",1
"CCDC69>TXNDC9,+",1
"SNRNP70>TXNDC9,+",1
"EIF4H>TXNDC9,+",1
"BCAP29>EIF4H,+",1
"RBMX>EIF4H,+",1
"MAML2>IGFBP7,+",1
"ZNF791>ERG,+",1
"RPS12>PSMB5,+",1
"TIAM1>PIM3,+",1
"LUZP1>PCMTD1,+",1
"RPL18A>RNF115,+",1
"RPL18A>UBA52,+",1
"EEF2>RBMX,+",1
"RPL18A>EEF2,+",1
"LUZP1>ARRDC3,+",1
"CLEC14A>ARRDC3,+",1
"ATRAID>MFGE8,+",1
"SERINC1>MFGE8,+",1
"RDH11>SSR2,+",1
"RPS28>RPS29,+",1
"TXNDC17>LUZP1,+",1
"RPS12>EIF3F,+",1
"CIRBP>EIF3F,+",1
"RPL18A>EIF3F,+",1
"EIF4H>RAB13,+",1
"CIRBP>UQCRB,+",1
"RPS12>UQCRB,+",1
"EEF2>UQCRB,+",1
"MFGE8>KANSL1,+",1
"ZNRF1>LUZP1,+",1
"PSMB5>PIM3,+",1
"SNRNP70>TCF4,+",1
"IGFBP7>VWA1,+",1
"CCDC69>TCF25,-",1
"RBMX>PCF11,+",1
"CNPY2>PCF11,-",1
"CCDC69>SON,+",1
"RBMX>SON,+",1
"MAML2>GIMAP7,+",1
"RBMX>MLEC,+",1
"IGFBP7>MLEC,+",1
"SFSWAP>SNRNP70,-",1
"PEA15>SNRNP70,+",1
"PEA15>CNPY2,+",1
"MAML2>PCF11,-",1
"PEA15>MAML2,+",1
"NOL4L>TRIP11,+",1
"SFSWAP>TRIP11,-",1
"TRIP11>NOL4L,+",1
"TIAM1>PRPSAP1,+",1
"SON>CCDC69,+",1
"PCF11>CCDC69,-",1
"COX5B>CCDC69,+",1
"PRPSAP1>CCDC69,+",1
"SFSWAP>PCF11,-",1
"TRIP11>PCF11,+",1
"GPATCH2>POLR2C,-",1
"REXO2>GPATCH2,+",1
"SNRNP70>POLR2C,+",1
"SFSWAP>POLR2C,+",1
"RBMX>TUBB4B,+",1
"PRPSAP1>TUBB4B,+",1
"IGFBP7>ROBO4,+",1
"CNPY2>GPATCH2L,-",1
"MTPN>GPATCH2L,+",1
"PEA15>GPATCH2L,+",1
"PCF11>ACKR1,+",1
"POLR2C>GPATCH2,-",1
"PSMB5>PCF11,-",1
"MTPN>CISD1,+",1
"UBTF>EGFL7,-",1
"MAML2>ITFG1,+",1
"GPATCH2>REXO2,+",1
"MAML2>REXO2,+",1
"IGFBP7>REXO2,+",1
"EIF4H>RBMX,+",1
"GPATCH2L>KDM5A,-",1
"IGFBP7>TMCC3,+",1
"KANSL1>PLVAP,+",1
"EHD4>PLVAP,+",1
"TSPAN7>RTF2,+",1
"MT-ATP6>PSME2,+",1
"PCMTD1>TCF25,+",1
"JCAD>NME1,+",1
"UBE2G2>SERBP1,+",1
"DYNC1LI2>TNS2,+",1
"ZNF326>TNS2,+",1
"PAM>ITGB1,+",1
"UBE2G2>HSD17B12,+",1
"TMEM109>HSD17B12,+",1
"NIPBL>PSME2,+",1
"PPP4R1>TTC1,+",1
"SON>UBE2G2,+",1
"APOL3>TTC1,+",1
"RPL27>TTC1,+",1
"GSTP1>JCAD,+",1
"ARL2>TCF12,+",1
"TTC1>TCF12,-",1
"TMEM109>TCF12,+",1
"APOL3>UBE2E3,+",1
"NME1>NIPBL,+",1
"PSME2>NIPBL,+",1
"MT-CO3>MT-ND4,+",1
"FNBP1L>UBE2G2,+",1
"KANSL1>CNRIP1,+",1
"APOL3>TMEM109,+",1
"EEF2>TLE1,+",1
"RPS20>TACC1,+",1
"TLK1>KANSL1,+",1
"ATP6V1G1>KANSL1,+",1
"NPDC1>ZNF326,+",1
"TNS2>ZNF326,+",1
"RPL27>ZNF326,+",1
"STRAP>TMEM109,+",1
"NPDC1>TMEM109,+",1
"MT-ND4>MT-CO3,+",1
"SON>ARL2,+",1
"ZNF326>FNBP1L,+",1
"PPP4R1>SUMO2,+",1
"ATP6V0E1>SUMO2,+",1
"KDM2A>SON,+",1
"TCF12>PAM,+",1
"NPDC1>COPS2,+",1
"ZNF326>COPS2,+",1
"EIF4B>COPS2,+",1
"PPP4R1>ARL2,+",1
"PPP4R1>TPR,+",1
"GSTP1>STRAP,+",1
"RPL29>RPL8,+",1
"CD151>COPS2,+",1
"COPRS>UBXN1,+",1
"SUN2>SPPL2A,+",1
"AP2B1>BZW1,+",1
"SNHG7>BZW1,+",1
"RPS16>CAPZA2,+",1
"CLDN5>CAPZA2,+",1
"SYF2>C19orf70,+",1
"LYSMD2>CASD1,+",1
"MT-ND6>CASD1,-",1
"CASD1>COPS2,+",1
"CD46>EFCAB14,+",1
"CD46>COPS2,+",1
"KCTD12>CLDN5,+",1
"SYF2>CD151,+",1
"AP2B1>SYF2,+",1
"SEM1>SYF2,+",1
"SUN2>MGP,+",1
"RPS16>PDLIM1,+",1
"COPRS>CTSA,+",1
"SYF2>CTSA,+",1
"CASD1>UBXN1,-",1
"CD46>C8orf33,+",1
"ZNF326>STRAP,+",1
"AP2B1>TCF25,+",1
"KDM2A>ATP6V0E1,+",1
"GSTP1>ERG,+",1
"MALAT1>DDX5,+",1
"COPS2>SNHG7,+",1
"BZW1>SNHG7,+",1
"SUN2>COPRS,-",1
"CLDN5>COPRS,+",1
"RPS16>TCF25,+",1
"SUN2>TCF25,+",1
"KANSL1>MALAT1,+",1
"COPS2>C8orf33,+",1
"SEM1>EIF3F,+",1
"CLDN5>KCTD12,+",1
"SEM1>CALD1,+",1
"COPS2>ARF1,+",1
"CLDN5>ARF1,+",1
"B2M>ARF1,+",1
"RPS16>MKLN1,+",1
"DYNC1LI2>ASH1L,+",1
"SEM1>C8orf33,+",1
"ITGB1>TLE1,+",1
"RPS20>ATP6V1G1,+",1
"DDX5>RTF2,+",1
"PSMB5>RNF7,+",1
"TNFRSF1A>ATRAID,+",1
"NDUFB7>ATRAID,+",1
"PSMB5>ATRAID,+",1
"DDX5>PSMB5,+",1
"CLPTM1>PSMB5,+",1
"POLR2B>PSMB5,+",1
"GIMAP7>PRSS23,+",1
"ATRAID>PRSS23,+",1
"PSMB5>PRSS23,+",1
"KANSL1>RNF167,+",1
"POLR2B>PLEKHA3,+",1
"TSPAN7>MGP,+",1
"RPS28>SON,+",1
"SON>MED13,+",1
"KANSL1>MED13,+",1
"C19orf70>EIF1B,+",1
"TCF12>EIF1B,-",1
"POLR2B>EIF1B,+",1
"TMEM141>UBTF,+",1
"KLC1>UBTF,+",1
"TSPAN13>ATRAID,+",1
"KANSL1>PLEKHA3,+",1
"TSPAN7>UBTF,-",1
"RNF7>TCF12,+",1
"TIMMDC1>TSPAN7,-",1
"C19orf70>TSPAN7,+",1
"CLPTM1>TSPAN13,+",1
"CLPTM1>PDCL,+",1
"B2M>PDCL,+",1
"RNF167>NDUFA8,+",1
"PSMB5>NDUFA8,+",1
"CCDC115>GPR146,+",1
"ABCD4>GPR146,+",1
"PSMB5>GIMAP7,+",1
"UBTF>TIMMDC1,-",1
"RNF167>CLPTM1,+",1
"PSMB5>CLPTM1,+",1
"POLR2B>CLPTM1,-",1
"EHD4>CLPTM1,+",1
"TCF12>CLPTM1,+",1
"KANSL1>SSR2,+",1
"EHD4>SSR2,+",1
"DDX5>KANSL1,+",1
"PLEKHA3>TIMMDC1,+",1
"DDX5>UBTF,-",1
"DDX5>DDX46,+",1
"RPS20>RPS25,+",1
"RPS8>RPL29,+",1
"CNRIP1>ACP1,+",1
"RBMX>ACP1,+",1
"ATP6V1G1>FAM89A,+",1
"ACP1>FAM89A,+",1
"RPS21>RPS4X,+",1
"RPL29>RPS15A,+",1
"RPS12>RPL11,+",1
"RPS20>CDC37,+",1
"CD151>CDC37,+",1
"RPS15A>RPL29,+",1
"MT-CO1>CD151,+",1
"RPLP0>RPS8,+",1
"MT-CO1>MT-CO2,+",1
"RPS21>DUSP1,+",1
"RPL29>DUSP1,+",1
"ARRDC3>DUSP1,+",1
"RPL11>FAU,+",1
"DUSP1>ARRDC3,+",1
"ITGB1>ARRDC3,+",1
"RPS20>CCT7,+",1
"CCND3>CD151,+",1
"RPS20>ANAPC11,+",1
"RNF167>SF3B6,+",1
"RPS8>RPLP0,+",1
"RPL11>RACK1,+",1
"RPL29>RACK1,+",1
"ACP1>CCND3,+",1
"C8orf33>CCND3,+",1
"RPS21>C8orf33,+",1
"CCND3>C8orf33,+",1
"ARRDC3>ITGB1,+",1
"MT-CO2>ITGB1,+",1
"RPS21>RPLP0,+",1
"RPS12>RPS27,+",1
"RPL29>RPL4,+",1
"CCT6A>RBMX,+",1
"CDC37>RBMX,+",1
"MT-CO2>MT-CO1,+",1
"MT-CO1>SEC31A,+",1
"RPS21>MECOM,+",1
"ITGB1>MECOM,+",1
"ACP1>NACA,+",1
"RPS12>RPS10,+",1
"MT-CO2>MT-CYB,+",1
"HNRNPM>RNF115,+",1
"SAMM50>SNHG7,+",1
"MYO9A>TRIM44,+",1
"RPL7A>NACA,+",1
"CACYBP>KPNB1,+",1
"UBE2E3>KPNB1,+",1
"NAPA>ECSCR,+",1
"PSMD8>ECSCR,+",1
"SUMO2>BTF3,+",1
"RPS16>BTF3,+",1
"ARL2>DUSP1,+",1
"MKLN1>VWA1,+",1
"TSR3>VWA1,+",1
"ECSCR>VWA1,+",1
"KDM2A>VWA1,+",1
"CACYBP>GPR146,+",1
"ARL2>SLC38A2,+",1
"NAPA>JUN,+",1
"MYL12B>CD151,+",1
"CDH5>MFGE8,+",1
"GPR146>MFGE8,+",1
"CISD1>MFGE8,+",1
"RPS28>PRMT1,+",1
"MYL12B>MKLN1,+",1
"CISD1>MKLN1,+",1
"DUSP1>KPNB1,+",1
"CACYBP>SPPL2A,+",1
"PSMD8>SUN2,+",1
"CDC37>PICALM,+",1
"RPS21>RPS26,+",1
"FKBP8>NUMA1,+",1
"TCF25>NUMA1,+",1
"NDUFC2>CDC37,+",1
"YIPF6>NME4,+",1
"TRIM38>NME4,+",1
"RILPL2>NME4,+",1
"NME4>SMARCC2,+",1
"CLU>MAGI1,-",1
"EIF4B>TXNDC17,+",1
"CDH5>RBMX,+",1
"NDUFC2>TXNDC17,+",1
"LUZP1>TIAM1,+",1
"YIPF6>RPL36AL,+",1
"JTB>CEP290,-",1
"JTB>ERG,+",1
"CDH5>SELENOW,+",1
"CCT7>NAPA,+",1
"BAG5>RBMX,+",1
"CISD1>RBMX,+",1
"CACYBP>MKLN1,+",1
"FGD5>CDH5,+",1
"UTP11>CDH5,+",1
"TUBA1B>PCBD1,+",1
"BAG5>PSMD8,+",1
"MFGE8>PSMD8,+",1
"MYL12B>PSMD8,+",1
"PSMD8>ERG,+",1
"PLPP5>ERG,+",1
"VIM>GPRC5B,+",1
"CDC37>NUDCD1,+",1
"B2M>TSC22D3,+",1
"CDC37>PCBD1,+",1
"SMAD1>TCF25,+",1
"MYL12B>MTPN,+",1
"TRIP11>SYNE2,+",1
"SPPL2A>VEZF1,+",1
"NUDCD1>VEZF1,+",1
"JAK1>NFIA,+",1
"VIM>NFIA,+",1
"MT-ATP8>TRIP11,+",1
"VIM>TRIP11,+",1
"JAK1>TRIP11,+",1
"SYNE2>ADGRL4,+",1
"CD151>PLPP5,+",1
"KDM2A>MTPN,+",1
"CACYBP>CDH5,+",1
"HIGD2A>CCT7,+",1
"TSR3>CDH5,+",1
"EMP2>CDH5,+",1
"HIGD2A>UTP11,+",1
"JUN>UTP11,+",1
"KDM2A>UTP11,+",1
"CISD1>KDM2A,+",1
"DUSP1>ARL2,+",1
"CCT7>ARL2,+",1
"CD151>ARL2,+",1
"EMP2>CCT7,-",1
"CDH5>ELF2,+",1
"SPPL2A>TSR3,+",1
"RPS28>CISD1,+",1
"NAPA>CISD1,+",1
"EIF3G>SUMO2,+",1
"GPR146>SUMO2,+",1
"ARL2>ATP6V0E1,+",1
"CCT7>PSMB5,+",1
"CACYBP>FGD5,+",1
"CHMP4A>ELF2,+",1
"EIF3F>RPS26,+",1
"NCOA3>ZNF22,+",1
"RPS26>EIF3F,+",1
"ARL2>YES1,+",1
"TRIP11>MBNL2,+",1
"ALG5>AHNAK,+",1
"TRIP11>AHNAK,+",1
"TRIP11>MAPK1,+",1
"TIE1>EIF4H,+",1
"GIPC2>TIE1,+",1
"KPNA3>DPYSL3,+",1
"EIF4B>DPYSL3,-",1
"AHNAK>DPYSL3,+",1
"TRIP11>ALG5,+",1
"GHITM>ARL2,+",1
"C1GALT1C1>ALG5,+",1
"NF1>EIF4B,+",1
"CAVIN2>EXOC5,+",1
"C1GALT1C1>EXOC5,+",1
"TMEM14C>FGD5,+",1
"B3GNT2>FGD5,-",1
"FAT4>TMEM14C,+",1
"KPNA3>CAVIN2,+",1
"ZNF326>CAVIN2,+",1
"ZNF326>ARL2,+",1
"ALG5>CTNNA1,+",1
"CRTAP>CAVIN2,+",1
"HMGN2>ARPC1A,+",1
"ARPC1A>PRPSAP1,+",1
"CISD1>S100A13,+",1
"JAK1>S100A13,+",1
"DHX9>JAK1,+",1
"TSPAN13>SON,+",1
"SLC38A2>SON,+",1
"DPYSL3>DHX9,+",1
"UBE2E3>ZNF22,+",1
"UFC1>RAB13,+",1
"HMGN2>ERG,+",1
"GIPC2>TRIP11,+",1
"C1GALT1C1>SYPL1,+",1
"PLVAP>SYPL1,+",1
"TIE1>C1GALT1C1,+",1
"EIF4B>TSR2,+",1
"FAT4>TSR2,-",1
"ZNF706>ZNF326,+",1
"ARL2>ZNF326,+",1
"TRIP11>ITPRIP,-",1
"ADGRL4>ITPRIP,-",1
"GHITM>CAVIN2,+",1
"EIF4B>GIPC2,+",1
"REPIN1>EIF3F,+",1
"B2M>EIF4B,+",1
"ESAM>CLU,-",1
"SERINC3>CLU,+",1
"YIPF6>UBE2G2,+",1
"TRIM38>UBE2G2,+",1
"EIF4B>UBE2G2,+",1
"HNRNPA3>SERINC3,+",1
"RPS21>RPL10A,+",1
"EIF4B>AHNAK,+",1
"SMARCC2>AHNAK,+",1
"RILPL2>TRIM44,+",1
"CCM2>TRIM38,+",1
"CEP290>LAMTOR1,+",1
"RABAC1>ESAM,+",1
"RPS26>ESAM,+",1
"TCF25>RABAC1,+",1
"JTB>NDUFC2,+",1
"TRIM38>CCM2,+",1
"YIPF6>SPTBN1,+",1
"HNRNPA3>SPTBN1,+",1
"ESAM>SPTBN1,+",1
"YIPF6>FKBP8,+",1
"EGFL7>SUMO2,+",1
"TRIP11>CD46,+",1
"TRIP11>SLK,+",1
"TSR2>FAT4,-",1
"YES1>NF1,+",1
"TRIP11>SMG1,+",1
"TSR2>ZFYVE21,-",1
"C1GALT1C1>ZFYVE21,+",1
"CAVIN2>NDUFA8,+",1
"ZNF706>EBAG9,+",1
"YES1>PLEKHA3,+",1
"TSR2>SLK,-",1
"ZNF326>TMEM248,+",1
"EIF3F>SUMO2,+",1
"NF1>TMEM248,+",1
"CRTAP>ADGRL4,+",1
"ZNF706>ADGRL4,+",1
"CAVIN2>ZNF706,+",1
"TRIM38>DDOST,+",1
"YIPF6>DDOST,+",1
"NUMA1>DDOST,+",1
"COPS2>CLPTM1,+",1
"NUMA1>TCF25,+",1
"MYL12A>LDB2,+",1
"CNTLN>PAFAH1B1,+",1
"SUCLG1>PAFAH1B1,+",1
"SCARF1>KMT2E,+",1
"EHD4>GNG11,+",1
"RPL7>RPS28,+",1
"TSG101>NASP,-",1
"PTPRK>NASP,-",1
"GIPC2>NASP,+",1
"SCARF1>LAMTOR1,+",1
"SCAMP1>LAMTOR1,+",1
"SCAND1>LAMTOR1,+",1
"GNG11>KMT2E,+",1
"DPYSL3>KMT2E,+",1
"TTC3>STRAP,+",1
"EHD4>KMT2E,+",1
"RSRP1>CNN3,+",1
"TNFRSF1A>EHD4,+",1
"DPYSL3>EHD4,+",1
"CTNND1>SPARCL1,+",1
"RSRP1>PNRC2,+",1
"DPYSL3>PNRC2,+",1
"TTC3>PRPSAP1,+",1
"PNRC2>FAM43A,+",1
"RAB13>STRAP,+",1
"RPL7>RAB13,+",1
"MT-CO3>VWF,+",1
"DDX46>SCARF1,-",1
"TXNRD1>MRPL28,+",1
"EIF4B>MRPL28,+",1
"TXNRD1>EIF4B,+",1
"DPYSL3>EIF2AK2,+",1
"TTC3>EIF2AK2,+",1
"VWF>EIF2AK2,+",1
"SERBP1>NPM1,+",1
"SCARF1>GIPC2,-",1
"SPARCL1>PTPRK,+",1
"ZNF706>SCARF1,+",1
"PNRC2>RAB13,+",1
"PNRC2>SCARF1,+",1
"EHD4>SCARF1,+",1
"RPL7>RPS24,+",1
"DDX46>TTC3,+",1
"DPYSL3>TNFRSF1A,+",1
"NPM1>PAFAH1B1,+",1
"STRAP>RAB13,+",1
"TTC3>RAB13,-",1
"RSRP1>RAB13,+",1
"TTC3>VWF,+",1
"STRAP>SCAND1,+",1
"TMSB4X>ATP6V0E1,+",1
"SERINC1>CLPTM1,+",1
"SCAND1>TXNDC17,+",1
"EEF2>TXNDC17,+",1
"ZNRF1>SERINC1,-",1
"WAC>SERINC1,+",1
"RPL18A>RPL7,+",1
"NDUFC2>EIF4H,+",1
"WAC>NDUFC2,-",1
"EIF4H>NDUFC2,+",1
"EIF3F>CLPTM1,+",1
"RDH11>CLPTM1,+",1
"RPS12>TXNDC17,+",1
"RTCB>CLPTM1,+",1
"RPS16>RTCB,+",1
"SERINC1>ZNF791,+",1
"EIF3F>WAC,+",1
"EEF2>WAC,+",1
"RNF115>WAC,+",1
"EIF3F>ZNRF1,+",1
"RPS12>ZNRF1,+",1
"RPS12>RPL41,+",1
"RPL27>TXNDC17,+",1
"RPS12>RPL35A,+",1
"FZD4>SCAND1,+",1
"TNFRSF1A>RBMX,+",1
"SPARCL1>SCAND1,+",1
"SERBP1>SCAND1,+",1
"SCARF1>SYNE2,+",1
"SCAMP1>SERBP1,+",1
"GIPC2>SERBP1,+",1
"MT-CYB>SERBP1,+",1
"SCAMP1>SIVA1,+",1
"TNFRSF1A>SIVA1,+",1
"TTC3>SIVA1,+",1
"PNRC2>CTNND1,+",1
"CLEC14A>RDH11,+",1
"SPARCL1>CTNND1,+",1
"ERG>DPYSL3,+",1
"SPARCL1>DPYSL3,+",1
"PTPRK>ERG,+",1
"RPL7A>RNF167,+",1
"RPLP1>RPL7A,+",1
"RPS12>HNRNPM,+",1
"RPS12>RPLP1,+",1
"RPS12>BTF3,+",1
"TMBIM1>TPR,+",1
"TMBIM1>CBX1,+",1
"TSC22D3>PAFAH1B1,+",1
"SYNE2>SMAD1,+",1
"VIM>SLC25A6,+",1
"EIF3I>NEDD8,+",1
"VCP>NEDD8,+",1
"EML3>NEDD8,+",1
"CNBP>NEDD8,+",1
"MT-ATP8>TIAM1,-",1
"SMAD1>TIAM1,+",1
"SLC25A6>EEF2,+",1
"EIF4B>EEF2,+",1
"NFIA>SMAD1,+",1
"CDC37>ETS2,+",1
"PAFAH1B1>GON4L,-",1
"EIF4B>GON4L,+",1
"NUDCD1>FNBP1L,+",1
"SUCLG1>FNBP1L,+",1
"RPS6KA2>CYTH2,+",1
"CDC37>RTN4,+",1
"JAK1>NASP,+",1
"TMBIM1>TRIM56,-",1
"ANXA7>WDR83OS,+",1
"VIM>ETS2,+",1
"B2M>MYL12A,+",1
"ANXA7>TXNRD1,+",1
"TIAM1>CNTLN,+",1
"TCF4>MT-ATP8,+",1
"VIM>MT-ATP8,+",1
"CDC37>MT-ATP8,+",1
"ARF1>MT-ATP8,+",1
"TIAM1>MT-ATP8,-",1
"TIAM1>EIF3I,+",1
"CNTLN>CDC37,+",1
"CYTH2>RPS6KA2,+",1
"VIM>EID1,+",1
"CDC37>CNTLN,+",1
"SUCLG1>TCF4,+",1
"NUDCD1>TTC1,+",1
"SLC25A6>TTC1,+",1
"PCBP2>TTC1,+",1
"EIF4B>CNBP,+",1
"NEDD8>EML3,+",1
"VIM>EML3,+",1
"TUBA1B>MCRIP1,+",1
"PAFAH1B1>SUCLG1,+",1
"CYTH2>TCF4,+",1
"FAM177A1>WDR83OS,+",1
"TXNRD1>MTRNR2L12,+",1
"ELF1>SPTAN1,+",1
"DDX5>ECSCR,+",1
"TXNRD1>NFAT5,+",1
"MTRNR2L12>TRIP11,+",1
"HSP90AB1>TRIP11,+",1
"WDR83OS>ELF1,+",1
"TXNRD1>ANXA7,+",1
"KANSL1>ANXA7,+",1
"PUM3>TMBIM1,+",1
"DYNC1I2>TMBIM1,+",1
"KIAA2026>TMBIM1,+",1
"HSP90AB1>RPL6,+",1
"ANXA7>DDX5,+",1
"DDX5>ANKRD12,+",1
"KIAA2026>ANKRD12,+",1
"STOML2>SPCS3,+",1
"CALD1>SPCS3,+",1
"HIGD2A>SPCS3,+",1
"ZMPSTE24>MFGE8,+",1
"COPS2>MFGE8,+",1
"EIF4B>MFGE8,+",1
"TMBIM1>SPTAN1,+",1
"TMSB4X>DDX5,+",1
"ANKRD12>DDX5,+",1
"UQCRH>MTRNR2L12,+",1
"RAB7A>STOML2,+",1
"KIAA2026>WTAP,+",1
"MFGE8>WTAP,+",1
"ANXA7>KIAA2026,+",1
"RAB7A>KIAA2026,+",1
"PAFAH1B1>RAB7A,+",1
"EIF4B>RAB7A,+",1
"ELF1>RAB7A,+",1
"NDUFAB1>STOML2,+",1
"KANSL1>STOML2,+",1
"KIAA2026>CALD1,+",1
"MFGE8>C1orf122,+",1
"KIAA2026>UQCRH,+",1
"TXNRD1>ITGB1,+",1
"ANXA7>ITGB1,+",1
"KIAA2026>TRIM44,+",1
"ELF1>KANSL1,+",1
"RPL6>RPL27,+",1
"RPL6>RPL41,+",1
"TXNRD1>DYNC1H1,-",1
"UQCRH>DYNC1H1,+",1
"COPS2>CTSA,+",1
"CASD1>MT-ND6,-",1
"ARF1>MT-ND6,+",1
"BZW1>ENO1,+",1
"SPPL2A>CD40,+",1
"SMC5>COX5B,+",1
"PRKAA1>COX5B,+",1
"WDR13>RAPGEF3,+",1
"SLC38A2>RAPGEF3,+",1
"PPP2R5E>RAPGEF3,-",1
"ESD>PDS5B,-",1
"PRKAA1>PDS5B,+",1
"MAP3K2>B4GALT1,+",1
"COX5B>SAT1,+",1
"WDR13>SAT1,+",1
"GCC2>SAT1,-",1
"EBF1>SAT1,-",1
"STXBP3>PDS5A,-",1
"PRKAA1>PDS5A,+",1
"PRKAA1>SMC5,-",1
"WDR13>BCL3,+",1
"EBF1>RARRES3,-",1
"RAPGEF3>TMEM141,+",1
"COL4A3BP>LYPLA1,+",1
"PRDX5>LYPLA1,+",1
"PRKAA1>CD40,-",1
"ESD>CD40,+",1
"PRDX5>C19orf53,+",1
"RHOJ>JTB,+",1
"UHMK1>SZRD1,+",1
"RPL35A>RPS28,+",1
"CCDC12>TCF25,+",1
"TPT1>TCF25,+",1
"UHMK1>TCF25,+",1
"RPL36A>TCF25,+",1
"RPL35A>EEF1A1,+",1
"TPT1>SLC25A6,+",1
"RPS28>SLC25A6,+",1
"MYL12B>JTB,+",1
"SLC25A6>RBMX,+",1
"RPL35A>JTB,+",1
"RPS28>BNIP3L,+",1
"GGNBP2>BNIP3L,-",1
"UHMK1>UQCRB,+",1
"SZRD1>RAB13,+",1
"NDUFA8>RAB13,+",1
"UBE2M>RHOJ,+",1
"SLC25A6>RHOJ,+",1
"CAMTA1>RBMX,+",1
"PLRG1>MRPL27,+",1
"CSDE1>ARF1,+",1
"EBF1>ENDOD1,-",1
"PICALM>NDUFB7,+",1
"LYPLA1>COL4A3BP,+",1
"PRKAA1>COL4A3BP,+",1
"COL4A3BP>PPP2R5E,+",1
"PDS5A>EBF1,+",1
"WDR13>EBF1,+",1
"ENDOD1>EBF1,-",1
"PRKAA1>MAP3K2,+",1
"NUDCD1>MAP3K2,+",1
"CYHR1>NDUFB7,+",1
"PGM5>ATP2B4,+",1
"WDR13>COL4A3BP,+",1
"COX5B>ATP2B4,+",1
"AK2>ATP2B4,-",1
"RALGDS>CSDE1,-",1
"PICALM>CSDE1,+",1
"PRDX5>CSDE1,-",1
"NUDCD1>CSDE1,+",1
"PICALM>METTL9,+",1
"USP33>HIGD2A,+",1
"LYPLA1>HIGD2A,-",1
"SPPL2A>COL4A3BP,+",1
"SAT1>WDR13,+",1
"WDR13>RALGDS,+",1
"PGM5>PLRG1,-",1
"PGM5>RALGDS,+",1
"SMC5>ALKBH7,-",1
"SLC38A2>ALKBH7,-",1
"PRKAA1>ALKBH7,+",1
"GCC2>ALKBH7,-",1
"LYPLA1>HOXD8,+",1
"PRKAA1>HOXD8,-",1
"PRDX5>PGM5,+",1
"MRPL27>PLRG1,+",1
"CSDE1>PLRG1,+",1
"COL4A3BP>WDR13,+",1
"CYHR1>SPPL2A,+",1
"SMC5>SPPL2A,+",1
"WDR13>AK2,+",1
"WDR13>NUDCD1,+",1
"PRKAA1>NUDCD1,-",1
"COL4A3BP>NUDCD1,-",1
"STXBP3>WDR13,-",1
"PICALM>WDR13,+",1
"PRDX5>WDR13,-",1
"RPL35A>RPL6,+",1
"CCDC12>PSMD8,+",1
"CALD1>PSMD8,+",1
"MAP4>TMBIM1,+",1
"NPR3>CLDN5,+",1
"CD46>CYB5B,+",1
"ZNF326>CYB5B,+",1
"MECOM>CYB5B,+",1
"STOM>SERBP1,+",1
"MAP4>ZNF326,+",1
"DYNC1H1>ZNF326,+",1
"CD46>SYF2,+",1
"ATP6V0E1>TMBIM1,+",1
"LPP>SMG1,+",1
"RAPGEF5>MTPN,+",1
"RAPGEF5>A2M,+",1
"SERBP1>A2M,+",1
"PAM>A2M,+",1
"ZNF326>KIAA1551,+",1
"SYF2>KIAA1551,+",1
"LAMTOR1>KIAA1551,+",1
"SEL1L>KANSL1,+",1
"ERG>KANSL1,+",1
"LAMTOR1>PDLIM5,+",1
"SMG1>MTPN,+",1
"SEL1L>MTPN,+",1
"RILPL2>PSMA3,+",1
"PRPSAP1>CUTA,+",1
"A2M>PAM,+",1
"ATP6V0E1>STOM,+",1
"CD46>LAMTOR1,+",1
"SERBP1>LAMTOR1,+",1
"PSMA3>MAP4,+",1
"MECOM>MAP4,+",1
"CUTA>CDH5,+",1
"SYF2>CDH5,+",1
"ATP6V0E1>RPL27,+",1
"KANSL1>CUTA,+",1
"LAMTOR1>LPP,+",1
"SYF2>CUTA,+",1
"HLA-C>PRPSAP1,+",1
"MAP4>IFNGR1,+",1
"UBE2Z>DNAJC3,+",1
"SYF2>DNAJC3,+",1
"PAM>DNAJC3,+",1
"SMG1>PTPRM,+",1
"PAM>SELENOM,+",1
"CUTA>DYNC1H1,+",1
"KANSL1>PSMA3,+",1
"ERG>PSMA3,+",1
"CAMTA1>PSMD8,+",1
"RPL15>TPT1,+",1
"RPS28>UBE2Z,+",1
"BNIP3L>NDUFA8,+",1
"CCDC12>NDUFA8,+",1
"UHMK1>NDUFA8,+",1
"PSMD8>NDUFA8,+",1
"RPL35A>NACA,+",1
"RPL35A>MYL12B,+",1
"RPL35A>RPL26,+",1
"RPL35A>RPS27A,+",1
"RBMX>PCMTD1,+",1
"CALD1>UBE2Z,+",1
"TPT1>RPL34,+",1
"CCDC12>UBE2M,+",1
"RPL35A>UBE2M,+",1
"UBA52>NDUFC2,+",1
"ITFG1>NDUFC2,+",1
"CCDC12>TES,-",1
"BNIP3L>DUSP1,+",1
"ITFG1>DUSP1,+",1
"BNIP3L>PSMD8,+",1
"SLC25A6>UBE2Z,+",1
"RPL6>RPS9,+",1
"CD46>ITGB1,+",1
"NDUFC2>ITFG1,+",1
"A2M>ITGB1,+",1
"CD46>CAPZA2,+",1
"MECOM>TPR,+",1
"ZNF326>TRIP11,+",1
"KANSL1>ERG,+",1
"RPL15>RPL5,+",1
"RPS27A>ITFG1,+",1
"CCDC12>ITFG1,+",1
"NDUFA8>ITFG1,+",1
"RPL35A>SEC61B,+",1
"RPL35A>RPS9,+",1
"UHMK1>SEC61B,+",1
"CCDC12>SEC61B,+",1
"GGNBP2>RPL36A,+",1
"CALD1>GGNBP2,+",1
"UBA52>CCDC12,+",1
"RHOJ>CAMTA1,-",1
"RPL35A>RPS24,+",1
"UBA52>RPL15,+",1
"EEF1A1>RPL35A,+",1
"PRKAA1>PDCD7,-",1
"USP33>PDCD7,+",1
"PGM5>GCC2,+",1
"SLC38A2>COPS2,+",1
"MRPL57>CEACAM1,-",1
"PTPN11>GGNBP2,+",1
"LEPROT>EIF4H,+",1
"H1FX>EIF4H,+",1
"PDCD2>JAK1,+",1
"KAT6B>JAK1,-",1
"MALAT1>JAK1,+",1
"PSME2>HLA-B,+",1
"MYO9A>PSME2,+",1
"WTAP>COPS2,+",1
"BSG>TRIP11,+",1
"EIF4H>COPS2,+",1
"MYO9A>H1FX,-",1
"PSME2>HDGF,+",1
"HLA-B>HDGF,+",1
"GPR146>CBX6,+",1
"HLA-B>CBX6,+",1
"MXRA7>CBX6,+",1
"GPR146>MAP4,-",1
"PHC3>MAP4,+",1
"ACVRL1>CEACAM1,+",1
"TCOF1>TRIP11,+",1
"SON>UPF2,+",1
"PSMD8>TCOF1,-",1
"RAMP2>BSG,+",1
"ACVRL1>BSG,+",1
"BSG>CAMLG,+",1
"CLIC1>C1orf122,+",1
"C1orf122>ACVRL1,+",1
"TXNDC17>ACVRL1,+",1
"ATP6V0E1>ACVRL1,+",1
"BSG>ACVRL1,+",1
"RAMP2>MRPL57,+",1
"ACVRL1>GPRC5B,+",1
"MRPL57>TRIP11,+",1
"TXNDC17>HNRNPA0,+",1
"PSMD8>HNRNPA0,+",1
"BAD>NDUFC1,+",1
"SUPT4H1>NDUFC1,+",1
"SAP18>NDUFC1,-",1
"RPS28>RPL7A,+",1
"BSG>RHOJ,+",1
"RPL7A>TUBA1B,+",1
"CLIC1>CLPTM1,+",1
"POLR2J>MAP4,+",1
"ABCD4>UPF2,-",1
"TCOF1>AFAP1L1,-",1
"ERG>ITGA8,-",1
"CNIH4>TACC1,+",1
"PSME2>MALAT1,+",1
"PSME2>PHC3,+",1
"LEPROT>GPR146,+",1
"SLC38A2>CNIH4,+",1
"WTAP>CNIH4,+",1
"MYO9A>MXRA7,+",1
"SLC38A2>MXRA7,+",1
"MYO9A>ITGA8,-",1
"PHC3>YES1,+",1
"MYO9A>WTAP,+",1
"LEPROT>PCMTD1,+",1
"JAK1>CD46,+",1
"PHACTR4>ZNF791,+",1
"PHACTR4>MYL12B,-",1
"MXRA7>PSMD8,+",1
"CCT7>DHRS3,+",1
"TBC1D23>DHRS3,-",1
"KAT6B>DHRS3,+",1
"LEPROT>TRIM44,+",1
"PHACTR4>WTAP,+",1
"JAK1>MGP,+",1
"MXRA7>UPF2,+",1
"PHC3>BCL3,+",1
"KAT6B>LEPROT,+",1
"HLA-B>LEPROT,+",1
"H1FX>ZNF22,+",1
"MAP4>PHACTR4,+",1
"WTAP>PHACTR4,+",1
"MALAT1>SON,+",1
"HLA-B>PTPN11,+",1
"WTAP>CCT7,+",1
"H1FX>CCT7,+",1
"JAK1>BCL3,+",1
"PSME2>MGP,+",1
"WTAP>IFITM3,+",1
"POLR2J>KAT6B,+",1
"CBX6>CFAP20,-",1
"PDCD2>CFAP20,-",1
"LEPROT>CFAP20,+",1
"BCL3>GIMAP7,+",1
"CNIH4>GIMAP7,+",1
"LEPROT>GIMAP7,+",1
"MYO9A>MGP,+",1
"GPRC5B>AFAP1L1,+",1
"CLIC1>CDC37,+",1
"COX5B>GPR146,+",1
"MRPS34>PRPF4B,-",1
"MVB12A>MRPS34,+",1
"WAC>MRPS34,+",1
"MFNG>PROCR,+",1
"CALD1>FKBP1A,+",1
"CRIM1>FKBP1A,+",1
"CALD1>NUMA1,+",1
"MALAT1>NUMA1,+",1
"MVB12A>RPLP0,+",1
"RPS28>RPLP0,+",1
"RPLP0>PRPF4B,+",1
"MFNG>PEA15,-",1
"CALD1>ZNF22,+",1
"SLTM>RBM7,+",1
"DCHS1>CTNND1,+",1
"CLPTM1>CTNND1,-",1
"MVB12A>CTNND1,+",1
"MALAT1>CTNND1,+",1
"ENSA>CTNND1,+",1
"PEA15>TRIM44,+",1
"GAPDH>COX4I1,+",1
"PRDX1>PEA15,+",1
"C19orf70>PEA15,+",1
"C19orf70>WTAP,+",1
"WTAP>C19orf70,+",1
"EBF1>GPR146,+",1
"USP33>TM4SF18,-",1
"LYPLA1>TM4SF18,+",1
"USP33>ERG,+",1
"RPS28>RPL8,+",1
"RPLP0>RPL8,+",1
"COX4I1>PRDX1,+",1
"SLTM>LAMTOR1,+",1
"MFNG>LAMTOR1,+",1
"MRPS34>DCHS1,+",1
"DCHS1>PEA15,+",1
"COX4I1>DCHS1,+",1
"NUMA1>CCDC85B,+",1
"DPYSL3>SLTM,-",1
"C19orf70>SLTM,+",1
"CTNND1>MALAT1,+",1
"CALD1>MALAT1,+",1
"MVB12A>HIGD2A,+",1
"POLR2C>HIGD2A,+",1
"RPLP0>RPS28,+",1
"CALD1>CRIM1,+",1
"HIGD2A>POLR2C,+",1
"RSF1>CDC37,+",1
"ZNF721>CSNK2B,-",1
"ECHS1>GNL3,+",1
"AP1S1>GNL3,+",1
"CLIC1>GNL3,+",1
"SF3B6>GNL3,-",1
"BCL3>GNL3,+",1
"GPRC5B>RAMP2,+",1
"SIVA1>S100A11,+",1
"CLIC1>PDK4,+",1
"RAMP2>AP1S1,+",1
"TXNDC17>CSNK2B,+",1
"TCOF1>SUPT4H1,-",1
"RPL7A>CSNK2B,+",1
"SIVA1>CSNK2B,+",1
"SUPT4H1>ZNF721,-",1
"RIF1>HNRNPA3,+",1
"RPL7A>HNRNPA3,+",1
"TXNDC17>RIF1,-",1
"CLPTM1>RIF1,-",1
"TRIP11>RIF1,+",1
"TXNDC17>LMCD1,+",1
"RAMP2>SUPT4H1,+",1
"CLIC1>SAP18,+",1
"RBM7>POLR2C,+",1
"MVB12A>ARPC1A,+",1
"ZNF22>CALD1,+",1
"SLTM>DDX5,+",1
"CYHR1>DDX5,+",1
"RPLP0>MFNG,+",1
"C19orf70>CLPTM1,+",1
"CRIM1>LONP2,+",1
"RPLP0>LONP2,+",1
"SLTM>DPYSL3,-",1
"HIGD2A>ZNF791,+",1
"COX4I1>UQCRB,+",1
"PSMD8>SAP18,+",1
"RPL7A>NOP53,+",1
"RSF1>PSMD8,-",1
"ARFGAP3>PSMD8,+",1
"RAMP2>SIVA1,+",1
"RAMP2>BCL3,+",1
"CLIC1>BCL3,+",1
"TCOF1>SNRPF,-",1
"GPRC5B>SNRPF,+",1
"RPL7A>SNRPF,+",1
"KANSL1>PAM,+",1
"CLDN5>RAPGEF5,+",1
"MECOM>NPR3,+",1
"ARPC1A>SERBP1,+",1
"SNHG7>WTAP,+",1
"PDLIM5>WTAP,+",1
"BNIP3L>FAM171A1,+",1
"WTAP>FAM171A1,+",1
"GHITM>FAM171A1,+",1
"SMARCC2>ARPC1A,+",1
"TSHZ2>ARPC1A,+",1
"NFIA>SPCS3,+",1
"DCAF5>SERBP1,-",1
"SNHG7>SERBP1,+",1
"FAM200B>WTAP,-",1
"KANSL1>PTPRA,+",1
"SNRPC>PTPRA,+",1
"TSHZ2>PTPRA,+",1
"EFCAB14>TUBA1B,-",1
"ADGRL4>TUBA1B,+",1
"MYL12B>NFIA,+",1
"CELF1>MTPN,+",1
"PDLIM5>MTPN,+",1
"SMARCC2>MTPN,+",1
"BNIP3L>WTAP,-",1
"ATP6V0E1>WTAP,+",1
"MTPN>ZKSCAN1,-",1
"CDA>ESAM,+",1
"CXorf36>PSMB5,+",1
"ITSN2>TPR,+",1
"PHACTR4>TPR,+",1
"CXorf36>TPR,+",1
"PAFAH1B1>TPR,+",1
"DDX17>CDC37,+",1
"TPR>CDC37,+",1
"MYL12A>CXorf36,+",1
"CALD1>CXorf36,+",1
"HERC2>SMARCA2,+",1
"EFCAB14>DOCK1,+",1
"TMEM109>HLA-C,+",1
"HERC2>HLA-C,+",1
"PSMB5>RTF1,+",1
"BIRC6>RTF1,+",1
"BIRC6>NASP,+",1
"MALAT1>NASP,+",1
"CALD1>ERG,+",1
"SZRD1>DOCK1,+",1
"ZNF22>DOCK1,+",1
"IFITM2>SZRD1,+",1
"ARPC1A>ZKSCAN1,+",1
"ABCD4>RDH11,+",1
"DCAF5>KANSL1,+",1
"SZRD1>PKP4,+",1
"KANSL1>PKP4,+",1
"DOCK1>PKP4,-",1
"SMARCC2>PKP4,+",1
"IFITM2>ATP6V0E1,+",1
"BNIP3L>PDLIM5,+",1
"PTPRA>HOXD8,+",1
"IFITM2>HOXD8,+",1
"RPS28>EEF2,+",1
"DCAF5>PSMB5,+",1
"BNIP3L>NIPBL,+",1
"CELF1>ZNF22,+",1
"NIPBL>ZNF22,+",1
"YWHAB>MT-ND3,+",1
"LSM8>MT-ND3,+",1
"NEDD8>MT-ND3,+",1
"NEDD8>DYNC1H1,+",1
"DYNC1H1>YWHAB,+",1
"KLC1>COPS6,+",1
"ATP6V0E1>COPS6,+",1
"WTAP>NIPBL,+",1
"HLA-C>ADGRL4,+",1
"SMARCC2>RPL8,+",1
"WTAP>FAM200B,-",1
"DOCK1>SNRPC,+",1
"BNIP3L>SNRPC,+",1
"SMARCC2>CAVIN1,+",1
"ARPC1A>EFCAB14,+",1
"PSMB5>ARRDC3,+",1
"BNIP3L>IFITM2,-",1
"HLA-C>IFITM2,+",1
"EFCAB14>PLEKHA3,+",1
"HLA-C>TSHZ2,-",1
"ARPC1A>FAM200B,+",1
"SNRPC>ADGRL4,+",1
"KANSL1>FAM200B,+",1
"ZNF22>FAM200B,+",1
"PTPRA>BNIP3L,-",1
"WTAP>SNHG7,+",1
"ARPC1A>SNHG7,+",1
"SMARCC2>DDX46,+",1
"ARPC1A>DDX46,+",1
"DOCK1>DDX46,+",1
"ARPC1A>ADGRL4,+",1
"PSMA7>RDH11,+",1
"PPP1R13B>RDH11,+",1
"NEDD8>SF3B6,+",1
"RBMX>TAX1BP1,+",1
"SPPL2A>MXRA7,+",1
"GHITM>CFAP20,+",1
"PSMA3-AS1>NASP,+",1
"GHITM>NASP,+",1
"SNRNP70>NASP,+",1
"SZRD1>RBMX,+",1
"IL33>PSMA3-AS1,+",1
"SNRNP70>PSMA3-AS1,+",1
"RBMX>PSMA3-AS1,+",1
"PRRC2C>WTAP,+",1
"TACC1>CDC37,+",1
"PRRC2C>MPLKIP,+",1
"SZRD1>SON,+",1
"SPPL2A>ERICH1,+",1
"PSMA3-AS1>MYO9A,+",1
"PRRC2C>MYO9A,+",1
"NASP>VAPA,+",1
"RTF2>VAPA,+",1
"FAM172A>VAPA,+",1
"RBMX>GHITM,+",1
"GHITM>MXRA7,+",1
"SNRNP70>CCDC50,+",1
"WAC>EIF4B,+",1
"SEM1>ERG,+",1
"SUN2>LYSMD2,+",1
"SUN2>TPR,+",1
"COPS2>RILPL2,+",1
"EFCAB14>TTC1,+",1
"COPRS>TTC1,+",1
"RPS16>TTC1,+",1
"BZW1>TTC1,+",1
"COPS2>KANSL1,+",1
"ARF1>KANSL1,+",1
"MT-CYB>MT-CO2,+",1
"MT-CYB>CCDC50,+",1
"GHITM>FAM172A,-",1
"ERICH1>FAM172A,+",1
"PRRC2C>WAC,+",1
"PRKD3>WAC,+",1
"MBNL1>TPR,+",1
"PRKD3>TMEM14C,+",1
"SZRD1>G3BP1,+",1
"RTF2>G3BP1,+",1
"MT-CYB>G3BP1,+",1
"CDC37>EIF4B,+",1
"RTF2>PRRC2C,-",1
"ABCD4>ZKSCAN1,+",1
"CDC37>CPNE3,+",1
"PHACTR4>MKLN1,+",1
"ZKSCAN1>TRIM44,+",1
"TMEM109>CCDC50,+",1
"PHACTR4>EIF4B,+",1
"CDA>EIF4B,+",1
"BIRC6>EIF4B,+",1
"DDX17>MALAT1,+",1
"CDC37>MALAT1,+",1
"ABCD4>UBR4,+",1
"PDCL>CALCOCO1,+",1
"MLKL>ABCD4,+",1
"ESAM>CALCOCO1,+",1
"DDX17>CALCOCO1,+",1
"CDA>CALCOCO1,+",1
"MYL12A>RPSA,+",1
"ZKSCAN1>KTN1,+",1
"PPP1R13B>ZKSCAN1,+",1
"MLKL>ZKSCAN1,+",1
"PHACTR4>ZKSCAN1,+",1
"HERC2>ZKSCAN1,+",1
"CPNE3>CDA,-",1
"BIRC6>LPP,+",1
"MPLKIP>BORCS7,+",1
"B2M>MGP,+",1
"ERICH1>BORCS7,+",1
"PRKD3>BORCS7,+",1
"RILPL2>PCMTD1,+",1
"PRKD3>PCMTD1,+",1
"SON>PCMTD1,+",1
"MXRA7>PCMTD1,+",1
"WTAP>MALAT1,+",1
"SZRD1>SNHG7,+",1
"RTF2>DDX17,+",1
"WAC>MGP,-",1
"CALD1>DDX17,+",1
"SNRNP70>MGP,+",1
"GHITM>SPPL2A,+",1
"PRRC2C>SPPL2A,+",1
"SZRD1>ERG,+",1
"CALD1>DYNC1H1,+",1
"ABCD4>MLKL,+",1
"PSMB5>MYL12A,+",1
"ABCD4>PDCL,+",1
"KNOP1>PDCL,+",1
"DDX5>COPS6,+",1
"FGD5>NIPBL,+",1
"A2M>PCMTD1,+",1
"TTC37>ECHS1,+",1
"CLEC1A>PRKAR2A,+",1
"ANXA7>SON,+",1
"SON>NDUFB7,+",1
"STK25>NDUFB7,+",1
"HNRNPUL1>SPPL2A,+",1
"SF3B6>SPPL2A,+",1
"RPS26>RPLP0,+",1
"RPLP0>RPL30,+",1
"ANXA7>GPR108,+",1
"RPS26>ECHS1,+",1
"EIF3M>PRKAR2A,+",1
"HSP90AB1>RSRC2,+",1
"SPPL2A>RSRC2,+",1
"RPS26>RSRC2,+",1
"ANXA7>EIF4B,+",1
"ZNF706>EIF4B,+",1
"HSP90AB1>STK25,+",1
"EEF2>TTC37,+",1
"ANXA7>TTC37,+",1
"HLA-DRA>TTC37,-",1
"HNRNPUL1>PRKAR2A,+",1
"HLA-DRA>HLA-DPA1,+",1
"EID1>RPS26,+",1
"TBL1XR1>MFGE8,+",1
"COX7B>MYL12A,+",1
"TXNDC9>MYL12A,+",1
"RPL27>MYL12A,+",1
"RNF115>MT-ND3,+",1
"RNF115>DERA,+",1
"MED13>DERA,-",1
"PQLC1>CTSC,+",1
"MT-ND3>EEF2,+",1
"MED13>MFGE8,+",1
"KDM2A>ELF2,+",1
"ZNF706>HSP90AB1,+",1
"RBMX>COX7B,+",1
"CACYBP>COX7B,+",1
"ADGRL4>COX7B,+",1
"ADGRL4>ERG,+",1
"ZNF706>TCF25,+",1
"RPL27>SF3B6,+",1
"STK25>HSP90AB1,+",1
"ANXA7>HSP90AB1,+",1
"C19orf70>HSP90AB1,+",1
"NFIC>TTC37,+",1
"RPLP0>RPS26,+",1
"CCT6A>ADGRL4,+",1
"RPS26>SERBP1,+",1
"PSMA3>CST3,+",1
"RPLP0>EEF2,+",1
"PSMA3>SMAD1,+",1
"PRKAR2A>SMAD1,+",1
"EID1>SMAD1,+",1
"HLA-DRA>STRAP,+",1
"HNRNPUL1>STRAP,+",1
"NFIC>PSMB3,+",1
"RPS26>PSMB3,+",1
"SON>UFC1,+",1
"RPL27>NFIC,+",1
"EIF3M>UFC1,+",1
"EID1>UFC1,+",1
"EID1>C19orf70,+",1
"RPL27>EIF3M,+",1
"FCHSD2>EIF3M,+",1
"NFIC>EIF3M,+",1
"SON>ERG,+",1
"CD46>PCMTD1,+",1
"BAD>PCMTD1,+",1
"C19orf70>NFIC,+",1
"TTC37>NFIC,+",1
"ANXA7>CCDC69,+",1
"ATOX1>FCHSD2,+",1
"STK25>CCDC69,+",1
"ANXA7>ZNF22,+",1
"RSRC2>CLEC1A,-",1
"ZNF22>CLEC1A,+",1
"ANXA7>CLEC1A,+",1
"PRKAR2A>CLEC1A,+",1
"HSP90AB1>RPL27,+",1
"RPLP0>RPL27,+",1
"RPS26>RPS13,+",1
"NFIC>FCHSD2,+",1
"PRKAR2A>PSMB5,-",1
"HSP90AB1>EID1,+",1
"ANXA7>EID1,+",1
"RPL27>EID1,+",1
"ZNF22>PSMA3,+",1
"HLA-DRA>PSMA3,+",1
"ANXA5>PSMA3,+",1
"HLA-DPA1>HLA-DRA,+",1
"SPPL2A>ANXA7,+",1
"STK25>GLRX5,+",1
"BAZ1B>ADGRL4,-",1
"RALGDS>ADGRL4,+",1
"DYNC1H1>TCF25,+",1
"FGD5>DDX5,+",1
"LSM8>EI24,+",1
"TRIP11>EI24,+",1
"DDX5>EI24,+",1
"LSM8>NEDD8,+",1
"COPS6>ATP6V0E1,+",1
"TPR>ATP6V0E1,+",1
"CNDP2>ZBTB38,+",1
"COPA>ZBTB38,+",1
"NEDD8>TNS2,+",1
"TCF25>DDX5,+",1
"TMEM165>SON,+",1
"RNF181>HIGD2A,+",1
"ATP6V0E1>NDUFC2,+",1
"YWHAB>NDUFC2,+",1
"CNDP2>NDUFC2,+",1
"LSM8>COPA,+",1
"NEDD8>COPA,+",1
"TMEM165>COPA,+",1
"KAT6B>FGD5,+",1
"DDX5>POLR2C,-",1
"HIGD2A>ADD1,+",1
"COPA>SON,+",1
"NCOA1>TRIP11,+",1
"DYNC1H1>PCMTD1,+",1
"DDX5>TCF25,+",1
"TMEM165>KAT6B,+",1
"HIGD2A>TRIM56,+",1
"TPR>TRIM56,+",1
"SON>TRIM56,+",1
"KAT6B>RPS28,+",1
"EEF2>HNRNPUL1,+",1
"TNS2>PCMTD1,+",1
"KAT6B>PCMTD1,-",1
"DDX5>RNF181,+",1
"COPS6>SON,+",1
"HIGD2A>RNF181,+",1
"RNF181>EIF4H,+",1
"COPA>KLC1,+",1
"EEF2>LSM8,+",1
"SNRPD2>LSM8,+",1
"COPA>LSM8,+",1
"EEF2>RPSA,+",1
"ZBTB38>RPSA,+",1
"COPA>TMEM165,+",1
"YWHAB>POLR2C,+",1
"NEDD8>TRIP11,+",1
"TXNDC9>KDM2A,+",1
"MED13>TSR3,+",1
"LIMCH1>RBMX,+",1
"ADGRL4>SCAND1,+",1
"PQLC1>SCAND1,+",1
"DERA>IPO11,+",1
"RBMX>IPO11,+",1
"LIMCH1>IPO11,+",1
"TBL1XR1>IPO11,+",1
"CHMP5>IPO11,+",1
"RALGDS>TSR3,+",1
"PQLC1>TPR,+",1
"CCT6A>CD74,+",1
"RILPL2>CACYBP,-",1
"DCAF5>CACYBP,+",1
"ERG>CACYBP,+",1
"BAZ1B>CACYBP,-",1
"PQLC1>CACYBP,+",1
"RALGDS>MED13,+",1
"DERA>MED13,-",1
"ATP5MG>MED13,+",1
"DERA>KDM2A,+",1
"MT-ND3>CD74,+",1
"RBMX>TCF25,+",1
"MYL12B>PSMB5,+",1
"NACA>NME1,+",1
"RNF181>TACC1,+",1
"COPS6>RND3,+",1
"TRIP11>PICALM,+",1
"TCF25>IL33,+",1
"COPA>IL33,+",1
"HIGD2A>TPR,+",1
"DDX5>TPR,+",1
"PICALM>ERG,+",1
"RNF115>NME1,+",1
"DERA>PFDN5,+",1
"TBL1XR1>DCAF5,+",1
"KDM2A>BAZ1B,+",1
"MT-ND3>BAZ1B,+",1
"PQLC1>TXNDC9,+",1
"MED13>RALGDS,+",1
"CHMP5>CFLAR,+",1
"JMJD1C>CFLAR,+",1
"ADGRL4>CFLAR,+",1
"RALGDS>DCAF5,-",1
"DERA>DCAF5,-",1
"CCND3>OS9,+",1
