PTEN,count
"PTEN>ABI2,+",3
"ARGLU1>DST,+",3
"SLC3A2>PTEN,+",3
"SPTAN1>DYNC1H1,+",3
"AKAP9>DPYSL3,+",3
"PTEN>CBX6,+",3
"HPCAL1>ZNF428,+",3
"KLHL5>ABI2,+",3
"PTEN>ZFAND6,+",3
"CREBBP>AKAP9,+",3
"SHISA5>IFI6,+",2
"MXRA7>URI1,+",2
"NME4>KPNB1,+",2
"SCP2>C9orf78,+",2
"CBX3>HSP90AB1,+",2
"HPCAL1>SLC3A2,+",2
"RIT1>ZNF207,+",2
"MALAT1>NFAT5,+",2
"EGLN1>SRRM2,+",2
"DCTN3>GNB2,+",2
"MALAT1>SSFA2,+",2
"DPYSL3>BPTF,+",2
"DR1>SLK,+",2
"RPL13A>RPL18,+",2
"DPYSL3>HPCAL1,+",2
"ZFAND6>CENPC,-",2
"GLUD1>MAGI1,+",2
"PDLIM5>CAVIN1,+",2
"NFAT5>FBXL5,+",2
"ZBTB7A>NFAT5,+",2
"ITSN2>TAPBP,+",2
"ZFAND6>PTEN,+",2
"HSP90AB1>MORF4L1,+",2
"NFAT5>C9orf78,+",2
"PGRMC2>DST,+",2
"PPP1CB>GNAS,+",2
"ZFAND6>C9orf78,+",2
"C9orf78>HPCAL1,+",2
"DR1>C9orf78,+",2
"DDX50>PGRMC2,+",2
"KLHL5>DYNC1H1,+",2
"MXRA7>ABI2,+",2
"NME4>PTEN,+",2
"DUSP11>PTEN,-",2
"MXRA7>UBE2H,+",2
"PSMC5>CLTC,+",2
"RPL34>RPL13,+",2
"EFNB2>PDCD4,+",2
"SELENOW>NFAT5,+",2
"MORF4L1>HSP90AB1,+",2
"UBE2H>ITGB1,+",2
"BAG5>NME4,+",2
"USP14>ACTR10,+",2
"IGFBP4>SLC3A2,+",2
"SMARCE1>APLP2,+",2
"MALAT1>MT-ATP6,+",2
"EFNB2>ARGLU1,+",2
"UBE2H>MXRA7,+",2
"SMARCE1>DPYSL3,+",2
"MORF4L1>NOSIP,+",2
"SMIM37>ABI2,-",2
"MORF4L1>CBX6,+",2
"DYNC1H1>KPNB1,+",2
"TLN1>ZNF428,+",2
"SELENOS>TMEM50B,+",2
"HPCAL1>ITSN2,+",2
"NOSIP>PTEN,+",2
"EGLN1>TRIM56,+",2
"ACTR10>USP14,+",2
"UBE2H>MBNL2,+",2
"COPS2>ITSN2,+",2
"RPL15>IRF2BP2,+",2
"NOSIP>MEF2A,+",2
"MXRA7>TLN1,+",2
"SHISA5>PTEN,+",2
"HPCAL1>MXRA7,+",2
"CBX6>CPNE3,-",2
"PTMA>MALAT1,+",2
"RPL15>EIF4B,+",2
"HPCAL1>EGLN1,+",2
"NME4>BAG5,+",2
"HPCAL1>LIMS2,+",2
"VPS26A>CD55,+",2
"DYNC1H1>NDUFA3,+",2
"SENP7>DYNC1H1,+",2
"NCKAP1>ABI2,+",2
"ADSS>PTEN,+",2
"MT-ND3>MT-ATP6,+",2
"SPAG9>DYNC1H1,+",2
"RPL34>HLA-DPB1,+",2
"RILPL2>LIMS2,+",2
"MXRA7>IGFBP2,+",2
"YBX1>PPDPF,+",2
"GIPC2>DR1,+",2
"DYNC1H1>EGLN1,+",2
"DYNC1H1>HPCAL1,+",2
"HPCAL1>HSP90AB1,+",2
"ERG>SMG1,+",2
"FRMD4B>MAP4,+",2
"PGRMC2>C19orf24,-",2
"AKAP9>ROCK2,+",2
"EGLN1>PTEN,+",2
"ZFAND6>PNISR,+",2
"MRPL28>ABI2,+",2
"DPYSL3>CBX6,+",2
"DST>PGRMC2,+",2
"KDM2A>NMI,+",2
"KANSL1>ABI2,+",2
"DYNC1H1>SLK,+",2
"COPS2>KPNB1,+",2
"CAVIN2>ABI2,+",2
"CDC37>ACTR2,+",2
"LIMA1>KCTD12,+",2
"EGLN1>BPTF,+",2
"NME4>TRIM56,+",2
"MXRA7>PSMC1,+",2
"TRIM56>FAM171A1,+",2
"PRKD3>DST,+",2
"MT-ND2>NFAT5,+",2
"PKP4>PHKB,+",2
"MT-ND3>MT-CYB,+",2
"HSP90AB1>SMG1,+",2
"SNX3>GNS,+",2
"CYC1>PTEN,+",2
"CFLAR>AKAP9,+",2
"MORF4L1>SMIM37,+",2
"NOSIP>SHISA5,+",2
"CSDE1>HSP90AB1,+",2
"TAPBP>NME4,+",2
"NDUFC2>CBX6,+",2
"CPNE3>PTEN,+",2
"MEF2A>CYBC1,+",1
"DDX23>CYBC1,+",1
"HPCAL1>BRWD1,+",1
"AKAP9>SMG1,+",1
"SLK>MAP4,+",1
"ACTR10>HIGD2A,-",1
"TLK1>CTDSP1,+",1
"TACC1>USP7,+",1
"NOSIP>MAP4,+",1
"CSDE1>SMG1,-",1
"ZFHX3>ZBTB7A,+",1
"BAG6>MBTPS1,+",1
"SLC3A2>MAP4,+",1
"MAP4>SELENOK,+",1
"NDUFA3>ASAP1,+",1
"SMG1>MBTPS1,+",1
"MEF2A>CTNND1,+",1
"DPYSL3>HEG1,-",1
"TACC1>HIGD2A,+",1
"YIPF6>SLC3A2,+",1
"AKAP9>YBX1,+",1
"EML4>CTNND1,+",1
"MALAT1>SNX3,+",1
"SELENOK>NDUFA3,+",1
"DDX23>CTNND1,+",1
"EIF4B>ECE1,+",1
"RAPGEF3>TLK1,-",1
"CTDSP1>TLK1,+",1
"ERG>SKIL,+",1
"ROCK2>SUCLG1,+",1
"EML4>MYH9,+",1
"CCT5>SUCLG1,+",1
"BAG6>SUCLG1,+",1
"MALAT1>MYH9,+",1
"USP7>EIF3D,-",1
"YIPF6>SELENOK,+",1
"CTDSP1>HEG1,+",1
"GRINA>SLC3A2,+",1
"ITSN2>EDEM3,+",1
"NUCKS1>EDEM3,+",1
"GRINA>GNS,+",1
"USP7>HEG1,+",1
"SNX3>CAPN2,+",1
"AKAP9>ABI2,+",1
"CTNND1>CAPN2,+",1
"MAP4>NOSIP,+",1
"NUCKS1>PRRC2C,+",1
"TM9SF3>PRRC2C,+",1
"CTNND1>MEF2A,+",1
"SLC3A2>GIPC1,+",1
"SLC3A2>CTNND1,+",1
"RAPGEF3>SPTAN1,-",1
"DPYSL3>YBX1,+",1
"MALAT1>ATRX,+",1
"EGLN1>PELI1,+",1
"FGD5-AS1>ZBTB7A,+",1
"DBNL>SMC4,+",1
"TTC3>SMC4,+",1
"TTC3>CUX1,+",1
"KBTBD2>CUX1,+",1
"PARP1>DST,+",1
"TYW3>PARP1,+",1
"ETFA>PARP1,-",1
"TTC3>PARP1,-",1
"FGD5-AS1>NFAT5,+",1
"TMEM170A>NFAT5,+",1
"ETNK1>FGD5-AS1,+",1
"TYW3>FGD5-AS1,-",1
"TMEM170A>FGD5-AS1,+",1
"DBNL>FGD5-AS1,+",1
"FGD5-AS1>DBNL,+",1
"CNOT2>ZNF302,-",1
"CTNND1>ZNF302,-",1
"MAF1>TYW3,-",1
"TMEM170A>TYW3,-",1
"PARP1>SERINC3,+",1
"TTC3>CASD1,-",1
"SMG1>CSDE1,-",1
"NORAD>SSFA2,+",1
"CTNND1>REST,+",1
"ZFP36L2>KBTBD2,+",1
"PPP1R13B>ABI2,+",1
"CASD1>CNOT2,-",1
"ABI2>PPP1R13B,+",1
"TTC3>PPP1R13B,+",1
"MALAT1>EIF5,+",1
"BAZ1B>ZFP36L2,+",1
"TMEM170A>ZFP36L2,+",1
"CCNL1>ZFP36L2,+",1
"KBTBD2>ETNK1,+",1
"FGD5-AS1>ETNK1,+",1
"ATRX>HNRNPC,+",1
"MALAT1>CTNND1,+",1
"SMC4>SEMA4C,+",1
"TTC3>SEMA4C,+",1
"ATRX>SEMA4C,-",1
"SMC4>CCNL1,-",1
"CNOT2>CCNL1,+",1
"CUX1>CCNL1,+",1
"PARP1>SSFA2,+",1
"PARP1>TYW3,+",1
"ATRX>CD93,+",1
"ETNK1>ITSN2,+",1
"ZNF302>PGRMC2,-",1
"ROCK2>SPTAN1,+",1
"ACTR10>TACC1,+",1
"CSDE1>TACC1,+",1
"ZFHX3>SLK,+",1
"TACC1>SLK,+",1
"ZBTB7A>TMEM50B,+",1
"NUCKS1>ATOX1,+",1
"MTRNR2L12>ATOX1,+",1
"BAG6>RAPGEF3,+",1
"AKAP9>RAPGEF3,+",1
"SMG1>MKNK2,+",1
"TACC1>MKNK2,+",1
"CSDE1>MKNK2,+",1
"SPTAN1>ROCK2,+",1
"ACTR10>HPCAL1,+",1
"TACC1>ERG,+",1
"TLK1>LSM5,+",1
"NUCKS1>ACTR10,+",1
"TACC1>NUCKS1,+",1
"HIGD2A>NFAT5,+",1
"SMG1>NFAT5,+",1
"AKAP9>PER3,+",1
"DPYSL3>PER3,+",1
"CFLAR>PER3,+",1
"ATRX>EIF4B,+",1
"PELI1>PRPF38B,+",1
"KMT2A>PRPF38B,+",1
"KBTBD2>CBX6,+",1
"MAF1>CBX6,+",1
"DBNL>CBX6,+",1
"EIF4B>PDLIM5,+",1
"KBTBD2>PDLIM5,-",1
"TMEM170A>MAF1,+",1
"ATRX>DYNC1H1,+",1
"DPYSL3>EBAG9,+",1
"SMG1>PER3,+",1
"TACC1>CYC1,+",1
"MTRNR2L8>MTRNR2L12,+",1
"NOSIP>CCT5,+",1
"RAPGEF3>CCT5,-",1
"RAPGEF3>SHISA5,+",1
"ZBTB7A>SHISA5,-",1
"ZBTB7A>CFLAR,+",1
"ZFHX3>CFLAR,+",1
"MTRNR2L12>MTRNR2L8,+",1
"DDX23>ASAP1,+",1
"FAM208A>MRPL28,+",1
"NOSIP>TM9SF3,+",1
"EGLN1>TM9SF3,+",1
"PTMS>MEIS2,+",1
"NFAT5>ZFHX3,+",1
"ERAP2>AAMP,+",1
"HNRNPUL1>AAMP,+",1
"ABI2>TAOK1,+",1
"DR1>TAOK1,+",1
"NFAT5>HNRNPUL1,+",1
"KMT2A>HNRNPUL1,+",1
"SRRM2>PTPRM,+",1
"HNRNPUL1>PTPRM,+",1
"LRP5>SPTBN1,+",1
"REV3L>SPTBN1,+",1
"PCM1>AKAP9,+",1
"HNRNPUL1>AKAP9,+",1
"PTPRM>AKAP9,+",1
"PCM1>LRP5,+",1
"AKAP9>LRP5,+",1
"ERBIN>LRP5,+",1
"ERAP2>SLIRP,+",1
"MT-CYB>SLIRP,+",1
"REV3L>ANP32E,+",1
"KMT2A>ANP32E,+",1
"SLIRP>ERBIN,+",1
"KMT2A>MEIS2,+",1
"AKAP9>ZFAND6,+",1
"MEIS2>ZFAND6,+",1
"MT-CYB>MT-ATP6,+",1
"CYBC1>EBF1,+",1
"CTSA>SHISA5,+",1
"ERBIN>NDUFC2,+",1
"KMT2A>NDUFC2,+",1
"ZFAND6>APP,-",1
"REV3L>PTMS,+",1
"AKAP9>PTMS,+",1
"MT-CYB>PTMS,+",1
"LRP5>MCAM,-",1
"ERBIN>MCAM,+",1
"STAG2>CCND3,+",1
"MT-CYB>ABI2,+",1
"DR1>STAG2,+",1
"LRP5>REV3L,+",1
"ZFHX3>REV3L,+",1
"HNRNPUL1>TLN1,+",1
"AKAP9>TLN1,+",1
"APP>AFDN,+",1
"MEIS2>AFDN,-",1
"MT-CYB>DR1,+",1
"MEIS2>NEAT1,+",1
"REV3L>ABI2,+",1
"KMT2A>ERBIN,+",1
"PTPRM>BPTF,+",1
"STAG2>BPTF,+",1
"CNBP>EPHA4,+",1
"SPATS2L>TGM2,+",1
"ZNF428>VPS51,+",1
"TGM2>VPS51,+",1
"NFAT5>VPS51,+",1
"SUCLG1>VPS51,+",1
"NRN1>VPS51,+",1
"AAMP>DGKZ,+",1
"RAN>DGKZ,+",1
"CMPK1>DGKZ,+",1
"SELENOW>EPHA4,+",1
"RAN>TAF15,+",1
"CMPK1>PSMB4,+",1
"EPHA4>TAF15,-",1
"RHOA>CEP170,+",1
"SQSTM1>CEP170,-",1
"CHIC2>RAN,+",1
"PTMA>RAN,+",1
"PPDPF>RAN,+",1
"AAMP>PCBP2,+",1
"CMPK1>NFAT5,+",1
"SPATS2L>DAZAP2,+",1
"YBX1>AAMP,+",1
"VPS51>TGM2,+",1
"RHOA>CMPK1,+",1
"DR1>SLC3A2,+",1
"CHIC2>SBDS,+",1
"ERBIN>SLC3A2,+",1
"ERBIN>CDH5,+",1
"APP>CDH5,+",1
"STAG2>PSMB3,+",1
"AAMP>VAT1,+",1
"ERBIN>VAT1,+",1
"PTMS>VAT1,+",1
"DCTN3>CAPN2,+",1
"MT-CYB>TAPBP,+",1
"NDUFC2>TAPBP,+",1
"RHOA>MAP4,+",1
"TGM2>CMPK1,+",1
"SUCLG1>MAP4,+",1
"RAN>PPDPF,+",1
"PPP4R2>SQSTM1,+",1
"LSM5>SQSTM1,+",1
"EIF3H>SQSTM1,+",1
"PPP4R2>CHIC2,-",1
"EPHA4>CHIC2,-",1
"EIF3H>CHIC2,-",1
"NRN1>CD55,+",1
"RAN>CD55,+",1
"PRPF38B>SNRNP200,+",1
"ARPC5>NOSIP,+",1
"ARPC5>SLIRP,+",1
"CBX6>ASAP1,-",1
"TM9SF3>BPTF,+",1
"ZFAND6>HSP90AB1,+",1
"SLC3A2>HSP90AB1,+",1
"RPL8>HSP90AB1,+",1
"PTEN>ACTR10,+",1
"CAPN2>YIPF6,+",1
"EDEM3>ITSN2,+",1
"EDEM3>AAMP,+",1
"ASAP1>PRMT1,-",1
"TMEM167A>ASAP1,+",1
"SLIRP>ASAP1,+",1
"MALAT1>ZFAND6,+",1
"CREB3L2>ASAP1,-",1
"ZFAND6>ASAP1,-",1
"DPYSL3>CTNNA1,+",1
"CBX6>DMAC1,-",1
"ASAP1>DMAC1,+",1
"CTNNA1>DMAC1,+",1
"ITSN2>NDUFA8,+",1
"CYBC1>NDUFA8,+",1
"ARPC5>NDUFA8,+",1
"ARPC5>TGFB1,+",1
"SLK>ZFAND6,+",1
"GRINA>ZFAND6,-",1
"TMEM167A>PLS3,+",1
"SNX3>PPP4R3A,+",1
"YIPF6>TM9SF3,+",1
"NDUFA3>TM9SF3,+",1
"EML4>TM9SF3,+",1
"HPCAL1>TM9SF3,+",1
"SNX3>DYNC1H1,+",1
"CYBC1>PPP1R13B,+",1
"MALAT1>MT-ND3,+",1
"TM9SF3>MT-ND3,+",1
"EDEM3>EML4,-",1
"SMG1>EML4,-",1
"AAMP>PPP4R3A,+",1
"HPCAL1>GRINA,-",1
"MAP4>PPP4R3A,+",1
"SELENOK>EIF4B,+",1
"CYBC1>DDX23,+",1
"YIPF6>DDX23,+",1
"CTNND1>DDX23,+",1
"EDEM3>NPDC1,+",1
"MAP4>NPDC1,+",1
"MAP4>HPCAL1,+",1
"MEF2A>GRINA,+",1
"SLC3A2>GRINA,+",1
"DMAC1>TGFB1,+",1
"DPYSL3>PLS3,-",1
"CTNNA1>AHI1,+",1
"PRPF38B>DGLUCY,-",1
"TAPBP>EID1,+",1
"PLS3>DPYSL3,-",1
"CTSA>DST,+",1
"ARPC5>HOXB2,+",1
"DMAC1>HOXB2,+",1
"NOSIP>MRPL32,+",1
"DCTN3>VAT1,+",1
"ITSN2>EXOC7,+",1
"CBX6>EXOC7,-",1
"CTSA>EXOC7,-",1
"TMEM167A>CREB3L2,+",1
"CTSA>MAP4,+",1
"NDUFB10>CREB3L2,-",1
"SHISA5>SELENOK,+",1
"CREBRF>SELENOK,+",1
"EXOC7>SELENOK,+",1
"ABI2>DCTN3,+",1
"VAT1>DCTN3,+",1
"CCAR1>NDUFB10,+",1
"KLHL5>NDUFB10,-",1
"VAT1>AHI1,+",1
"DGLUCY>AHI1,+",1
"DGLUCY>PRPF38B,-",1
"EXOC7>ZKSCAN1,+",1
"TGFB1>PLS3,+",1
"ARPC5>APLP2,+",1
"CREB3L2>GIMAP4,+",1
"ARPC5>CBX6,-",1
"PRPF38B>CBX6,+",1
"DGLUCY>CBX6,+",1
"TAPBP>COMMD7,+",1
"DCTN3>CTSA,+",1
"ITSN2>CTSA,+",1
"TMEM167A>CYBC1,+",1
"EXOC7>CYBC1,+",1
"CBX6>CYBC1,+",1
"CREBRF>APLP2,+",1
"CREB3L2>ZKSCAN1,-",1
"GIMAP4>GABARAPL2,+",1
"PLS3>TAPBP,+",1
"CREB3L2>TAPBP,+",1
"ARPC5>KLHL5,+",1
"CREB3L2>KLHL5,+",1
"DMAC1>ARPC5,+",1
"EXOC7>ARPC5,+",1
"ITSN2>FAM214A,+",1
"ZFAND6>FAM214A,+",1
"CCAR1>ZKSCAN1,+",1
"BAZ1B>REST,+",1
"GID8>ATP5F1D,+",1
"SERINC3>EGLN1,+",1
"SRGN>TM4SF1,+",1
"SRGN>NDUFA3,+",1
"NEU1>IPO7,+",1
"MAP4>IPO7,+",1
"PLPP1>SLC9A3R2,+",1
"TMEM123>PIK3R3,+",1
"DYNC1H1>PIK3R3,+",1
"EFNB2>SEPT2,+",1
"IL3RA>SEPT2,+",1
"NDUFA3>IGFBP2,+",1
"PIK3R3>IGFBP2,+",1
"SEPT2>PDCD4,+",1
"ATP1B3>CEP57,-",1
"SEPT2>CUTA,+",1
"ATP1B3>CUTA,+",1
"STOM>MEF2A,+",1
"NXN>MEF2A,+",1
"ATP1B3>STOM,+",1
"UBE2H>STOM,+",1
"NEU1>TMEM123,+",1
"PIK3R3>TMEM123,+",1
"SRGN>UBE2H,+",1
"SRGN>FRMD4B,+",1
"CEP57>NDUFA3,+",1
"DYNC1H1>CEP57,+",1
"NONO>ATP1B3,+",1
"CHSY1>PNISR,+",1
"LUC7L3>EEA1,+",1
"RHOC>EEA1,-",1
"CACYBP>ZFAND6,+",1
"MBNL2>VASP,+",1
"COPS2>LUC7L3,+",1
"CACYBP>LUC7L3,+",1
"CEP57>NOSIP,+",1
"DYNC1H1>NOSIP,+",1
"DYNC1H1>EFCAB14,+",1
"COL4A1>PNISR,+",1
"NOSIP>PNISR,+",1
"EFNB2>NXN,+",1
"MBNL2>PNISR,+",1
"PPP2CB>PNISR,-",1
"PITPNC1>MAGI1,+",1
"NOSIP>SMG1,+",1
"RHOC>CALM1,+",1
"CEP57>HSP90AB1,+",1
"RANBP1>HSP90AB1,+",1
"SNRPD3>MAP3K2,+",1
"CEP57>GIMAP4,+",1
"UBE2H>NXN,+",1
"C9orf78>DR1,+",1
"SEPT2>PALMD,+",1
"PRKAA1>SPCS2,+",1
"BEX4>C9orf78,-",1
"ATP5PB>NAPRT,+",1
"ITFG1>NAPRT,+",1
"FRMD4B>GNB2,+",1
"SELENOM>H2AFZ,+",1
"RARRES3>H2AFZ,+",1
"FMR1>ZFAND6,+",1
"MARCKSL1>C19orf24,+",1
"ZFAND6>C19orf24,+",1
"DYNLL1>C19orf24,+",1
"MYL6>ATP1B3,+",1
"ITFG1>TMEM109,+",1
"TAGLN2>SELENOM,+",1
"NHP2>TMEM109,+",1
"NDUFAF3>PLEKHB2,+",1
"TAGLN2>PLEKHB2,+",1
"MORF4L1>EGLN1,+",1
"SELENOW>PSMB3,+",1
"DCTN3>MYADM,-",1
"ATP5PB>MYADM,+",1
"MYL6>TAGLN2,+",1
"DOCK4>NDUFA3,-",1
"SELENOM>MARCKSL1,+",1
"NDUFA3>NAPRT,-",1
"ITFG1>SELENOM,+",1
"SRGN>PALMD,+",1
"CDH5>IL3RA,+",1
"EFNB2>PLPP1,+",1
"DYNC1H1>MMRN2,+",1
"NDUFA3>MPRIP,+",1
"DYNC1H1>ABI2,+",1
"NONO>ABI2,+",1
"TMEM70>PREX2,-",1
"NXN>CBX6,+",1
"STOM>CBX6,+",1
"NFAT5>CBX6,+",1
"KANSL1>IL3RA,+",1
"KANSL1>PGRMC2,+",1
"ZFAND6>SELENOM,+",1
"NDUFA3>PGRMC2,+",1
"SRGN>PGRMC2,+",1
"MYL6>DYNLL1,+",1
"DCTN3>SELENOW,+",1
"RARRES3>SELENOW,+",1
"ITFG1>NHP2,+",1
"DYNLL1>NHP2,+",1
"ZFAND6>NHP2,+",1
"TAGLN2>NHP2,+",1
"PSMB3>SLIRP,+",1
"DPM3>EEA1,-",1
"SNRPD3>FOXO1,+",1
"NDUFAF3>VASP,+",1
"RPL15>LIMS2,+",1
"DDX23>RICTOR,+",1
"FAM84B>RICTOR,+",1
"ZNF292>RICTOR,-",1
"TAPBP>RICTOR,+",1
"RICTOR>GLG1,+",1
"RPSA>GLG1,+",1
"COX6B1>PKM,+",1
"HEG1>SERPINB6,+",1
"RPLP2>RPS27,+",1
"ZNF292>LIMS2,+",1
"HEG1>LIMS2,+",1
"LIMS2>TSC22D3,+",1
"RPL35>ERG,+",1
"PLEKHA3>C11orf58,+",1
"RNPS1>SMIM37,+",1
"NDUFA5>SMIM37,+",1
"RPL15>SMIM37,+",1
"COX6B1>SMIM37,+",1
"MEA1>SMIM37,+",1
"RPSA>HSP90AB1,+",1
"RPL15>WNK1,+",1
"TSC22D3>NDUFAF3,+",1
"CPNE2>TSC22D3,+",1
"TSC22D3>USP7,+",1
"COX6B1>NDUFAF3,+",1
"TSC22D3>TSC22D2,+",1
"HLA-DPB1>COPS2,+",1
"JAG1>CPT1A,+",1
"CHCHD1>CPT1A,+",1
"RIOK3>PTEN,+",1
"WNK1>LAMTOR1,+",1
"RPL15>RPS15A,+",1
"RNPS1>DDX23,-",1
"FAM84B>DDX23,+",1
"NDUFA5>MEA1,+",1
"RPL15>TSC22D2,+",1
"LIMS2>TSC22D2,+",1
"RPL8>RPL13A,+",1
"COX6B1>NDUFA5,+",1
"LIMS2>NDUFA5,+",1
"MEA1>TFPI,-",1
"HSP90AB1>TFPI,+",1
"FAM84B>HEG1,+",1
"TAPBP>HEG1,+",1
"LIMS2>HEG1,+",1
"FAM84B>ZNF292,+",1
"RPL15>GPRC5B,+",1
"RPLP2>RPL35,+",1
"RNPS1>NDUFAF3,+",1
"HEG1>FAM84B,+",1
"COL4A1>MBNL2,+",1
"PRKAA1>CLK4,+",1
"DDX60>ZNF207,+",1
"LUC7L3>DPM3,+",1
"COL4A1>PITPNC1,+",1
"NOSIP>LMBR1L,+",1
"DPM3>LMBR1L,+",1
"CHSY1>COPS2,+",1
"MORF4L1>COPS2,+",1
"LUC7L3>METTL5,+",1
"DDX60>TCEAL4,+",1
"CEP57>MORF4L1,+",1
"PRKAA1>COL4A1,+",1
"MORF4L1>RHOC,+",1
"DYNC1H1>COL4A1,+",1
"PRKAA1>FBXW5,+",1
"DPM3>FBXW5,+",1
"LUC7L3>CSDE1,+",1
"NOSIP>EMD,-",1
"CEP57>EMD,+",1
"LUC7L3>CACYBP,+",1
"MBNL2>MMRN2,+",1
"SNRPD3>MBNL2,+",1
"GIPC1>MBNL2,+",1
"CHSY1>ZNF207,+",1
"DYNC1H1>CENPC,+",1
"RNPS1>COX6B1,+",1
"HEG1>ACTR2,+",1
"RPL35>COX6B1,+",1
"RPS15A>RPL15,+",1
"LIMS2>PTPN14,+",1
"TSC22D3>CPNE2,+",1
"RPL35>RPLP2,+",1
"RPS15A>RPLP2,+",1
"HSP90AB1>MFNG,+",1
"RPL35>RPSA,+",1
"PKM>ACTR2,+",1
"WNK1>ACTR2,+",1
"ERG>NUDCD1,+",1
"CHSY1>RIT1,+",1
"TSC22D3>NUDCD1,+",1
"ZNF292>HIGD2A,+",1
"RPL15>CDC37,+",1
"HEG1>SMG1,+",1
"SMG1>TLK1,-",1
"LIMS2>TLK1,+",1
"COX6B1>PPP1CB,+",1
"LIMS2>ABI2,+",1
"NDUFA5>PTEN,+",1
"MBNL2>TAPBP,+",1
"JAG1>TERF1,+",1
"SELENOM>VASP,+",1
"PELI1>EGLN1,+",1
"MFSD10>BAG5,-",1
"OTUD6B-AS1>CTSL,-",1
"KPNB1>BDH2,+",1
"NFIB>BDH2,+",1
"BAG5>MAGI1,+",1
"OTUD6B-AS1>GTF2A2,+",1
"FLT1>GTF2A2,-",1
"FLT1>PPFIBP1,+",1
"IFNAR1>FGD5-AS1,+",1
"SURF4>PELI1,+",1
"DDOST>BAG5,+",1
"SYPL1>BAG5,+",1
"DDOST>C19orf66,+",1
"MAGI1>PDCD6IP,+",1
"CTSL>PDCD6IP,+",1
"RIT1>KPNB1,+",1
"TCEA2>PPP1CB,+",1
"MBTPS1>PPP1CB,+",1
"GTF2A2>RIT1,-",1
"ALKBH5>LMBR1L,+",1
"HNRNPR>PSENEN,+",1
"SPAG9>HNRNPR,+",1
"CREBBP>HNRNPR,+",1
"PELI1>C19orf66,-",1
"CHORDC1>C19orf66,+",1
"CAPNS1>PSMC5,+",1
"TSNAX>PNPLA8,-",1
"SYPL1>CDC37,+",1
"PQLC1>SYNE1,-",1
"BAG5>LSM4,+",1
"CDC37>CANX,+",1
"ARHGEF12>CANX,+",1
"CDC37>EID1,+",1
"MFSD10>SPTLC2,+",1
"PPFIBP1>PKIG,+",1
"TCEA2>PQLC1,+",1
"CHORDC1>PQLC1,-",1
"IFNAR1>PNPLA8,-",1
"OTUD6B-AS1>CHORDC1,+",1
"DR1>PNPLA8,+",1
"MFSD10>PNPLA8,+",1
"FLT1>PNPLA8,-",1
"OTUD6B-AS1>PNPLA8,+",1
"RIT1>PNPLA8,+",1
"PELI1>SURF4,+",1
"PELI1>LRRC32,+",1
"PQLC1>TCEA2,+",1
"MBTPS1>CHORDC1,+",1
"MFSD10>CHORDC1,-",1
"LMBR1L>ZNF217,+",1
"SCP2>PSMC5,+",1
"SURF4>RAB5A,+",1
"SCP2>HPCAL1,+",1
"UBB>CREBBP,+",1
"BAG5>CREBBP,+",1
"AKAP9>CREBBP,+",1
"COX8A>CREBBP,+",1
"MFNG>CREBBP,+",1
"SCP2>ATF7IP,+",1
"SCP2>CAPNS1,+",1
"NOSIP>ELMO1,+",1
"SPAG9>ELMO1,+",1
"STAG2>RANBP2,+",1
"PDLIM1>HSP90AB1,+",1
"CIRBP>BAG5,+",1
"PDLIM1>EIF3H,+",1
"NOSIP>MFNG,+",1
"HNRNPR>MFNG,+",1
"UPF2>PTEN,+",1
"MAF1>RICTOR,+",1
"BAZ1B>APLP2,+",1
"CTNND1>APLP2,+",1
"SERINC3>NORAD,+",1
"SEMA4C>ETFA,-",1
"CTNND1>ETFA,+",1
"CSDE1>CREBBP,+",1
"SUCLG1>BAG5,+",1
"PSENEN>UBB,+",1
"ALKBH5>EID1,+",1
"NFAT5>AKAP9,+",1
"GID8>PRPF31,-",1
"PDLIM1>PTMA,+",1
"PRPF31>ZNF428,+",1
"LMBR1L>ASAP1,+",1
"PDLIM1>DOCK1,+",1
"GID8>DOCK1,+",1
"UBB>PARK7,+",1
"MFNG>CRBN,+",1
"STAG2>GID8,-",1
"ATP5F1D>NFAT5,+",1
"NOSIP>BAG5,+",1
"AKAP9>NFAT5,+",1
"GID8>NOSIP,-",1
"NME4>RANBP1,+",1
"AKAP9>STAG2,+",1
"MAP4>ZNF428,+",1
"ZNF217>ATP5F1D,+",1
"UPF2>RPS6KA2,+",1
"BAG5>CIRBP,+",1
"ATP5F1D>CIRBP,+",1
"PRPF31>UPF2,+",1
"LSM4>CDC37,+",1
"PPFIBP1>TSNAX,+",1
"DCTN3>ASAP2,+",1
"DNAJB6>KDM2A,-",1
"DLG1>COPS2,+",1
"APPL1>COPS2,+",1
"DNAJB6>C19orf24,+",1
"PTEN>GPX4,+",1
"MYADM>GPX4,+",1
"TMEM165>GPX4,+",1
"COPS2>DDX50,-",1
"ITSN2>MBNL2,+",1
"CCT2>ANXA5,+",1
"KDM2A>CCT2,+",1
"PPP3CA>FAM214A,+",1
"NME4>DNAJB6,+",1
"COPS2>FAM214A,+",1
"DLG1>FAM214A,+",1
"PTEN>PPP1CB,+",1
"DNAJB6>ITSN2,+",1
"MYADM>ITSN2,-",1
"ITGB1>ITSN2,+",1
"DLG1>EIF4H,+",1
"UBE2H>TLN1,+",1
"DLG1>CAVIN2,+",1
"DYNC1H1>CAVIN2,+",1
"ATG5>COPS2,-",1
"COPS2>BCAP29,+",1
"COPS2>SP1,+",1
"DOCK4>PGRMC2,-",1
"SMIM10>ASAP2,+",1
"SELENOM>CBX3,+",1
"TAGLN2>MYL6,+",1
"FMR1>JAG1,+",1
"SELENOW>ITFG1,+",1
"ASAP2>RARRES3,+",1
"ASAP2>DCTN3,+",1
"C9orf78>BEX4,-",1
"MYL6>HYAL2,+",1
"ITFG1>PTMS,+",1
"SELENOW>SNX3,+",1
"APPL1>NDUFAF3,+",1
"PLEKHB2>PTEN,+",1
"SELENOM>PTEN,+",1
"APPL1>FRMD4B,+",1
"MAF1>GABARAPL2,+",1
"APPL1>GABARAPL2,+",1
"PPP1CB>MYADM,+",1
"ATG5>MYADM,+",1
"KDM2A>PPP3CA,+",1
"COPS2>PPP3CA,-",1
"ARGLU1>CLTC,+",1
"COPS2>MYCT1,+",1
"UBE2H>SP1,+",1
"FLT1>TSNAX,-",1
"ATG5>PTEN,+",1
"TLN1>GSDMD,+",1
"BAG5>GSDMD,+",1
"CLTC>GSDMD,+",1
"UBE2H>GSDMD,+",1
"DLG1>RNF213,-",1
"PDCD4>RNF213,+",1
"CLTC>RNF213,+",1
"DPYSL3>CBX3,+",1
"APPL1>NCKAP1,+",1
"JAG2>NCKAP1,+",1
"PNPLA8>OTUD6B-AS1,+",1
"DLG1>PDCD4,+",1
"PQLC1>OTUD6B-AS1,+",1
"MAGI1>OTUD6B-AS1,+",1
"SLK>OTUD6B-AS1,-",1
"CHORDC1>OTUD6B-AS1,+",1
"CTSL>PHF3,+",1
"TCEA2>PHF3,+",1
"SLK>SYPL1,+",1
"PPFIBP1>NPTN,+",1
"NPTN>QSOX1,+",1
"PPFIBP1>MFSD10,-",1
"JAG2>PDCD4,+",1
"ITGB1>MAF1,+",1
"ITSN2>ATG5,-",1
"ATG5>TMEM165,-",1
"COPS2>ATG5,-",1
"TMEM165>ATG5,-",1
"COPS2>ECE1,+",1
"CCT2>ECE1,+",1
"APPL1>ECE1,+",1
"ITGB1>DYNC1H1,+",1
"COPS2>APPL1,+",1
"PDCD4>DLG1,+",1
"CAVIN2>DLG1,+",1
"PPP1CB>TMEM165,+",1
"DDX50>CFAP36,+",1
"CCT2>MAF1,+",1
"PGRMC2>CFAP36,+",1
"DNAJB6>CFAP36,-",1
"DNAJB6>JAG2,+",1
"DLG1>NME4,+",1
"GPX4>NME4,+",1
"FRMD4B>PGRMC2,+",1
"PPP1CB>UBE2H,+",1
"ITGB1>UBE2H,+",1
"ATG5>MAF1,+",1
"APPL1>MAF1,+",1
"LSM5>ZNF428,-",1
"CHIC2>TMEM50B,+",1
"TMEM50B>LSM5,+",1
"CCPG1>BRD4,+",1
"CCPG1>HSP90B1,+",1
"CANX>CCPG1,+",1
"ATP1B3>CCPG1,+",1
"CCPG1>C5orf24,+",1
"KDM2A>C5orf24,+",1
"CDC37>NME4,+",1
"KMT2E>TAPBP,+",1
"CCPG1>DPYSL3,+",1
"NHP2>DPYSL3,+",1
"NHP2>SMC4,-",1
"CANX>SMC4,-",1
"PHB>SMC4,+",1
"MT-ND5>ASH1L,+",1
"MORF4L1>ASH1L,+",1
"HSP90B1>ASH1L,+",1
"ATP1B3>SNX3,+",1
"CCPG1>APP,+",1
"CTNNB1>COPRS,-",1
"USP7>COPRS,+",1
"UVRAG>CTNNB1,+",1
"RAB5IF>CTNNB1,+",1
"DYNC1H1>CTNNB1,+",1
"NCKAP1>ZFP36L1,-",1
"APP>HSP90B1,+",1
"RPL28>RPL15,+",1
"MORF4L1>KDM2A,+",1
"CCPG1>MORF4L1,+",1
"MORF4L1>NHP2,+",1
"COX6C>NHP2,+",1
"ATP1B3>NHP2,+",1
"KMT2E>COX6C,+",1
"IPO7>EIF2S2,+",1
"RPL28>HMGN1,+",1
"RPL28>CDC37,+",1
"COX6C>PGRMC2,+",1
"SLC39A1>MT-ND5,+",1
"RPL28>MT-ND5,+",1
"PHB>SEC22B,+",1
"BAZ1B>SEC22B,+",1
"EIF4B>SCAF11,+",1
"COX6C>KMT2E,+",1
"KDM2A>KMT2E,+",1
"SMC4>RALBP1,+",1
"PHB>CSTB,+",1
"KDM2A>CSTB,+",1
"PGRMC2>PHB,-",1
"RPL28>PHB,+",1
"APP>PHB,-",1
"ATP1B3>CANX,+",1
"SOS1>CANX,+",1
"EGLN1>ZFP36L1,-",1
"CTNNB1>ZFP36L1,-",1
"RAB5IF>ZFP36L1,+",1
"MRPL22>ZFP36L1,-",1
"ZEB1>METRN,+",1
"CSDE1>ZEB1,+",1
"USP7>ZEB1,+",1
"METRN>ZEB1,+",1
"POLR2C>ACTR1A,+",1
"MRPL22>MAP3K2,-",1
"POLR2C>MAP3K2,+",1
"ACTR1A>MAP3K2,+",1
"COPRS>MAP3K2,-",1
"RAB5IF>UBE2R2,+",1
"MRPL22>UBE2R2,+",1
"POLR2C>SNAPIN,+",1
"COPRS>TMEM109,+",1
"MEA1>PTK2B,+",1
"PPP1CB>PTK2B,-",1
"TOR1AIP1>PTK2B,+",1
"CSDE1>USP7,+",1
"ZFP36L1>MRPL22,-",1
"CTNNB1>DYNC1H1,+",1
"SSFA2>ANKRD28,+",1
"ACTR1A>C9orf78,+",1
"CSDE1>C9orf78,+",1
"DYNC1H1>C9orf78,+",1
"DYNC1H1>METRN,-",1
"RAB5IF>METRN,+",1
"PTEN>METRN,+",1
"SNAPIN>EIF3H,-",1
"ABI2>ZFP36L1,-",1
"ACTR1A>DNAJC21,+",1
"RAB5IF>DNAJC21,+",1
"MRPL22>VASP,+",1
"DDOST>VASP,-",1
"RAB5IF>MEA1,-",1
"RILPL2>MEA1,+",1
"C9orf78>MEA1,+",1
"UVRAG>EIF3H,+",1
"DDOST>EIF3H,-",1
"TMEM109>EIF3H,+",1
"USP7>PPP1CB,+",1
"USP7>RAB5IF,+",1
"COPRS>UVRAG,-",1
"UVRAG>GPRC5B,+",1
"TMEM109>ARID5A,+",1
"UVRAG>EGLN1,+",1
"CSDE1>EGLN1,+",1
"COPRS>EGLN1,+",1
"PHF20L1>CBX6,+",1
"EGLN1>PPP1CB,-",1
"POLR2C>PPP1CB,+",1
"RPL15>CTNNA1,+",1
"MORF4L1>YIPF6,+",1
"PSMB4>ZFAND6,+",1
"FUNDC2>NIFK,+",1
"NME1>ABI2,-",1
"PDCD4>LMO4,+",1
"CTNNA1>LMO4,+",1
"FUNDC2>LMO4,+",1
"NIFK>LMO4,+",1
"ASH1L>LMO4,-",1
"TLK1>TMEM259,+",1
"TMEM259>NUDCD1,-",1
"TLK1>NUDCD1,+",1
"ZNF33A>NUDCD1,-",1
"ZFP91>NUDCD1,+",1
"CTNNA1>NUDCD1,+",1
"FUNDC2>PSMC5,-",1
"CTNNA1>ZFP91,+",1
"DDX23>TBC1D15,+",1
"NME1>TBC1D15,+",1
"PPM1G>TBC1D15,+",1
"DDX23>DR1,+",1
"FERMT2>DR1,+",1
"PLD3>DR1,+",1
"TLK1>AFDN,+",1
"ASH1L>AFDN,+",1
"DYNC1H1>AFDN,+",1
"PLEKHA3>SHISA5,+",1
"CTNNA1>ASH1L,+",1
"CANX>YIPF6,+",1
"NIFK>ASH1L,-",1
"RBM3>BRWD1,+",1
"MGP>BRWD1,+",1
"NME4>TAPBP,-",1
"RBCK1>TAPBP,+",1
"TCP1>BRD7,+",1
"SLIRP>IPO7,+",1
"NFAT5>IPO7,+",1
"ERBIN>SLK,+",1
"FDPS>CDK4,-",1
"FDPS>ARPC5,+",1
"RBCK1>ARPC5,+",1
"LAP3>ARPC5,+",1
"ZBTB7A>ACTR2,+",1
"FDPS>NMI,+",1
"KANSL1>ATP6V0B,-",1
"ATXN2L>SPRY1,+",1
"PDCD4>ZFYVE16,+",1
"ASH1L>ZFYVE16,+",1
"ZFP91>UHMK1,+",1
"PDCD4>UHMK1,+",1
"TLK1>FUNDC2,+",1
"CTNNA1>FYN,+",1
"PPM1G>SOS1,+",1
"TLK1>PLD3,+",1
"UHMK1>PLD3,+",1
"PLEKHA3>IFI6,-",1
"NME1>IFI6,+",1
"NME1>PTEN,-",1
"COX6C>SOS1,+",1
"RICTOR>SOS1,+",1
"CCPG1>SOS1,+",1
"PALMD>IPO7,+",1
"RPL28>IPO7,+",1
"CCPG1>ATP1B3,+",1
"IPO7>MRPS16,+",1
"SCAF11>EIF4B,+",1
"RPL15>SLC39A1,+",1
"CTNNA1>RICTOR,-",1
"RALBP1>RICTOR,-",1
"SOS1>RICTOR,+",1
"MRPS16>BAZ1B,+",1
"SEC22B>BAZ1B,+",1
"CANX>BAZ1B,+",1
"EIF4B>BAZ1B,+",1
"CDC37>BAZ1B,+",1
"CDC37>RPL28,+",1
"RPL15>RPL28,+",1
"ATP1B3>GNAS,+",1
"RPL15>GNAS,+",1
"BAZ1B>YIPF6,+",1
"PLEKHA3>MAML2,+",1
"UHMK1>JAG2,+",1
"TLK1>HPCAL1,+",1
"PLD3>TLK1,+",1
"NUDCD1>ZNF33A,-",1
"MAML2>MCAM,+",1
"ASH1L>PPM1G,+",1
"NIFK>PLEKHA3,-",1
"CTNNA1>PLEKHA3,+",1
"ASH1L>GNL1,+",1
"TLK1>KANSL1,+",1
"PPM1G>KANSL1,+",1
"PLD3>ARGLU1,+",1
"KANSL1>ARGLU1,+",1
"DYNC1H1>TLK1,+",1
"PLD3>IGFBP2,+",1
"LMO4>TAPBP,-",1
"TLK1>TAPBP,+",1
"DYNC1H1>TAPBP,+",1
"NIFK>ENY2,+",1
"ZFP91>ENY2,+",1
"DDX23>CPNE3,+",1
"ZFP91>CPNE3,+",1
"TBC1D15>CPNE3,-",1
"LMO4>EID1,-",1
"FYN>IGFBP2,+",1
"MRPL22>SSFA2,+",1
"CTNNB1>SSFA2,+",1
"MEA1>GIMAP4,+",1
"RSRC1>TMEM50B,+",1
"SELENOK>CCDC88A,+",1
"RUNX1T1>PTMS,+",1
"SELENOK>DYNC1H1,+",1
"SMG1>DYNC1H1,+",1
"ITSN2>SNX3,+",1
"PGRMC1>MAML2,+",1
"SNX17>CPT1A,+",1
"FGD5-AS1>CPT1A,+",1
"SELENOK>CPT1A,+",1
"SNX17>PTEN,+",1
"PTEN>PPT1,+",1
"RBX1>PPT1,-",1
"HNRNPK>TMEM160,+",1
"RBCK1>TMEM160,+",1
"NCBP3>VPS26A,+",1
"HDGF>SPTLC2,-",1
"RNF10>SPTLC2,+",1
"ATXN2>SPTLC2,-",1
"MT-ND3>SPTLC2,+",1
"MT-CYB>MT-ND3,+",1
"PNRC2>SPPL2A,+",1
"ZFHX3>SPPL2A,+",1
"MT-ND3>SPPL2A,+",1
"CAVIN1>TMEM50B,+",1
"ITSN2>MAP4,+",1
"CTNNB1>GIMAP4,+",1
"FGD5-AS1>MAP4,+",1
"RPL13A>RPL10A,+",1
"FGD5-AS1>VPS13C,+",1
"RSRC1>FRYL,+",1
"PGRMC1>FRYL,+",1
"CPT1A>FGD5-AS1,+",1
"CCDC88A>TRIP12,+",1
"ITSN2>TRIP12,+",1
"SELENOK>TRIP12,+",1
"PPP1R13B>SUPT16H,+",1
"RPL10A>PPP1R13B,+",1
"MAML2>ITSN2,+",1
"CSDE1>RUNX1T1,+",1
"RSRC1>RUNX1T1,+",1
"CUTA>CALD1,-",1
"FGD5-AS1>CUTA,+",1
"RPL10A>CUTA,+",1
"SNX17>SMG1,+",1
"RSRC1>SMG1,+",1
"RPL10A>NPM1,+",1
"CUTA>PGRMC1,+",1
"CCDC88A>PGRMC1,+",1
"SHISA5>UBR5,+",1
"TAPBP>TAX1BP1,+",1
"NCBP3>SPAG9,-",1
"HNRNPK>SPAG9,+",1
"NCBP3>WASHC4,+",1
"TNFRSF14>WASHC4,-",1
"WASHC4>ZFHX3,+",1
"ZFHX3>RNF10,+",1
"ASPH>RNF10,+",1
"DR1>RNF10,+",1
"VPS26A>VEZT,+",1
"CSDE1>VEZT,+",1
"NCBP3>CD151,+",1
"RNF10>CD151,+",1
"ASPH>METTL5,+",1
"ATXN2>METTL5,-",1
"TMEM160>METTL5,-",1
"ASPH>CREBRF,+",1
"CACYBP>CREBRF,+",1
"CSDE1>CREBRF,+",1
"HDLBP>NUDT3,+",1
"TMEM160>CLK4,-",1
"ASPH>DYNC1H1,+",1
"DR1>EEA1,+",1
"PTEN>LUC7L3,+",1
"DNAJC7>NFAT5,+",1
"PNRC2>LMBR1L,+",1
"ZFHX3>SERPINB6,+",1
"CSDE1>SERPINB6,+",1
"ASPH>PNRC2,+",1
"NCBP3>PNRC2,-",1
"ASPH>ATXN2,-",1
"ZFHX3>SEC63,-",1
"ZFHX3>WASHC4,+",1
"VEZT>TNFRSF14,-",1
"DNAJC7>FAM32A,+",1
"WASHC4>HDLBP,+",1
"ASPH>HSPB1,+",1
"HNRNPK>FRYL,+",1
"VEZT>FRYL,+",1
"ATXN2>STAT3,-",1
"ASPH>CD55,+",1
"TMEM160>ZFAND6,+",1
"VEZT>SEC63,-",1
"TMEM160>ATXN2,+",1
"ZFHX3>CACYBP,+",1
"DR1>HDGF,-",1
"TMEM160>DYNC1LI1,-",1
"HDLBP>DYNC1LI1,+",1
"HNRNPK>DYNC1LI1,+",1
"RNF10>FAM171A1,+",1
"ASPH>FAM171A1,+",1
"HDLBP>FAM171A1,+",1
"HNRNPK>ATXN2,+",1
"RNF10>ATXN2,+",1
"NPM1>RPL10A,+",1
"RPS29>RPL10A,+",1
"SNX17>TPR,+",1
"USP34>TJP1,+",1
"COX8A>SUB1,+",1
"NDUFB1>PPP1CA,+",1
"MAP4>MXRA7,+",1
"MXRA7>TACC1,+",1
"ATP6V0E1>ANKRD12,+",1
"UBC>ANKRD12,+",1
"POLR1D>FKBP1A,+",1
"FKBP1A>DYNC1H1,-",1
"CBX3>UBE2H,+",1
"SLIRP>MAP4,+",1
"MYL6>MAP4,+",1
"ITGB1>MAP4,+",1
"PPP1CA>NDUFC2,+",1
"ATP6V0E1>NDUFC2,+",1
"UBC>DUSP1,+",1
"SLIRP>TMED4,+",1
"PTBP3>USP34,+",1
"FKBP1A>USP34,+",1
"NDUFB1>USP34,+",1
"ATP6V0E1>CCT5,+",1
"CAVIN2>CCT5,+",1
"NDUFC2>RBM42,+",1
"SLIRP>RBM42,+",1
"RPL13A>FTH1,+",1
"PSENEN>KDELR1,+",1
"RPS11>MYL6,+",1
"ZEB1>DDOST,+",1
"TMEM109>GIMAP4,+",1
"MEA1>CSDE1,+",1
"CTNNB1>MED13,+",1
"COPRS>MED13,+",1
"VASP>RILPL2,+",1
"ACTR1A>SMG1,+",1
"POLR2C>BOLA3,+",1
"MRPL22>DDOST,+",1
"VASP>DDOST,-",1
"GPRC5B>DDOST,-",1
"UVRAG>DDOST,+",1
"MAP4>MYL6,+",1
"POLR2C>FDPS,+",1
"RAB5IF>FDPS,+",1
"PPP1CB>FDPS,+",1
"METRN>ABI2,+",1
"UVRAG>ABI2,-",1
"METRN>PTEN,+",1
"TOR1AIP1>PTEN,-",1
"TMED4>EID1,+",1
"SLIRP>RPL13A,+",1
"RPS11>RPL13A,+",1
"NDUFB1>RBM42,+",1
"ANKRD12>TJP1,+",1
"MRPS7>SCAF11,+",1
"PTBP3>RPS5,+",1
"CBX3>NME4,+",1
"CBX6>PTEN,+",1
"SLIRP>PTEN,+",1
"RPL10A>RPL13A,+",1
"RUNX1T1>CSDE1,+",1
"ITSN2>CSDE1,+",1
"RSRC1>SHISA5,+",1
"SNX17>RSRC1,-",1
"CCDC88A>RSRC1,+",1
"SMG1>RSRC1,+",1
"FGD5-AS1>HSBP1,+",1
"PGRMC1>HSBP1,+",1
"RPS29>HSBP1,+",1
"RSRC1>ANKRD28,+",1
"ESYT2>MRPS7,+",1
"TAPBP>ESYT2,+",1
"SELENOK>SELENOS,+",1
"PTEN>SNX17,+",1
"PGRMC1>SNX17,-",1
"CPT1A>SNX17,+",1
"RSRC1>SNX17,-",1
"RPL10A>RPL15,+",1
"FRYL>SCAF11,+",1
"POLR1D>NAPA,+",1
"KDELR1>POLR1D,+",1
"MYL6>POLR1D,+",1
"PTBP3>PSENEN,+",1
"TMED4>COX8A,+",1
"SLIRP>COX8A,+",1
"UBE2H>MALAT1,+",1
"RPL13A>CBX3,+",1
"RPS11>PPP4R3A,+",1
"SLIRP>PPP4R3A,+",1
"LIMA1>PPP4R3A,+",1
"NDUFB1>PSENEN,+",1
"CBX3>PSENEN,+",1
"MXRA7>PSENEN,+",1
"COX8A>SLIRP,+",1
"CBX3>APLP2,+",1
"TMED4>SLIRP,+",1
"UBE2H>SLIRP,+",1
"TM4SF1>PTBP3,+",1
"SLIRP>PTBP3,+",1
"NDUFB1>PTBP3,+",1
"PSENEN>CAVIN2,+",1
"UBE2H>CAVIN2,+",1
"CCT5>CAVIN2,+",1
"MXRA7>CAVIN2,+",1
"RPS11>LIMA1,+",1
"ERBIN>PNN,+",1
"TCP1>NME4,-",1
"BRD7>NME4,+",1
"MRPS34>TXNDC12,+",1
"RNF144B>DNAJC15,+",1
"SLC25A36>DNAJC15,+",1
"BAG5>DNAJC15,+",1
"DAZAP2>APLP2,+",1
"SEPT10>APLP2,+",1
"NDUFA3>RBM39,+",1
"RNF144B>MRPS34,-",1
"TXNDC12>MRPS34,+",1
"SEPT10>MRPS34,+",1
"ATP6V0E1>MRPS34,+",1
"PRPF38B>MRPS34,+",1
"TMEM88>LSM6,+",1
"GNG11>LSM6,+",1
"APLP2>LAMP2,+",1
"COX6C>FRYL,+",1
"LSM6>FRYL,+",1
"SLC25A36>FRYL,-",1
"RNF144B>FRYL,+",1
"CTBS>FRYL,+",1
"LARP1>FRYL,+",1
"BAG5>NCL,+",1
"TXNDC12>BAG5,+",1
"GNG11>BAG5,+",1
"TAPBP>NOSIP,-",1
"MRPS34>SEPT10,+",1
"RAP1B>SHOC2,+",1
"NCL>EGLN1,+",1
"SECISBP2L>CTBS,+",1
"PIK3R3>CTBS,+",1
"FDPS>CTBS,+",1
"APLP2>CTBS,+",1
"NDUFA3>RNF144B,+",1
"RPL15>SNHG7,+",1
"RNF144B>SHISA5,+",1
"NDUFA3>MALAT1,+",1
"RPL15>COX6A1,+",1
"COX6C>ATP6V0E1,+",1
"FDPS>LARP1,-",1
"SLC25A36>NDUFC2,+",1
"SEPT10>NDUFC2,+",1
"RPL15>NDUFC2,+",1
"PIK3R3>NDUFC2,+",1
"BAG5>TMEM88,-",1
"RNF144B>TMEM88,+",1
"SLC25A36>TMEM88,+",1
"PIK3R3>TMEM88,+",1
"ATP6V0E1>TMEM88,+",1
"RPL15>PHB,+",1
"NDUFA3>HLA-A,+",1
"ATP6V0E1>EGLN1,+",1
"BAG5>GNG11,+",1
"ZFYVE21>GNG11,+",1
"ZFYVE21>PIK3R3,+",1
"SEPT10>NDUFA3,+",1
"KAT6A>RARRES3,+",1
"GTF3A>RARRES3,-",1
"SELENOK>RARRES3,+",1
"FMR1>RARRES3,+",1
"CSDE1>RARRES3,+",1
"COPE>UBE2A,+",1
"CSDE1>UBE2A,+",1
"MED29>NDUFA3,-",1
"BRD4>PGRMC1,+",1
"EDF1>PGRMC1,+",1
"KAT6A>TRIP10,+",1
"UBE2A>MXRA7,+",1
"KAT6A>MXRA7,+",1
"NAA10>MAP3K2,+",1
"SELENOK>MAP3K2,-",1
"NME4>MED29,+",1
"GTF3A>MED29,-",1
"SCARB2>MED29,+",1
"AHI1>MED29,-",1
"SELENOK>YBX1,+",1
"SCARB2>YBX1,+",1
"COPE>CSDE1,+",1
"EDF1>CSDE1,+",1
"RARRES3>EIF4B,+",1
"DYNC1H1>FMR1,+",1
"PDLIM5>FMR1,-",1
"SEPT10>EID1,+",1
"ATP6V0E1>AKAP9,+",1
"FDPS>AKAP9,+",1
"NDUFA3>FDPS,+",1
"GNG11>SLC25A36,+",1
"FDPS>SLC25A36,+",1
"NOSIP>NCK1,+",1
"FDPS>NCK1,+",1
"MRPS34>TAPBP,+",1
"ZFYVE21>ABI2,+",1
"SLC25A36>PRPF38B,+",1
"SLC25A36>EID1,+",1
"KAT6A>DYNC1H1,+",1
"PHB>KIAA1551,+",1
"PRPF38B>ARHGAP18,+",1
"GNG11>ARHGAP18,+",1
"FRYL>PTEN,+",1
"AHI1>IFT43,+",1
"SELENOK>IFT43,+",1
"FMR1>KLF3,+",1
"UBE2A>GTF3A,-",1
"PRKD3>GTF3A,-",1
"CSDE1>GTF3A,+",1
"RPL15>RPS7,+",1
"THAP12>TRIM56,+",1
"PPP1R13B>KDM2A,+",1
"DDX17>GIPC2,+",1
"FBL>GSTO1,+",1
"CMPK1>NMI,+",1
"RHOA>TPP1,+",1
"GIPC2>TPP1,+",1
"ACADM>RANBP1,+",1
"RAN>RANBP1,+",1
"MAP4>RANBP1,+",1
"TGM2>PRR13,+",1
"FBL>COX7A2L,+",1
"SPATS2L>COX7A2L,+",1
"SPATS2L>CSDE1,+",1
"NRN1>CNBP,+",1
"KMT2E>PAPOLA,+",1
"POLR2C>LAMTOR2,+",1
"KMT2E>LAMTOR2,+",1
"MED13>LAMTOR2,-",1
"THAP12>MED13,-",1
"KMT2E>MED13,+",1
"DDX17>RHOA,+",1
"PPP1R13B>PICALM,+",1
"FRYL>PICALM,+",1
"MED13>S1PR1,+",1
"AHR>S1PR1,+",1
"TMEM50B>NDUFB1,+",1
"GIPC2>NDUFB1,-",1
"NRN1>TMEM50B,+",1
"PPP4R2>SUCLG1,+",1
"CHCHD2>ZFAND6,+",1
"GIPC2>ZFAND6,+",1
"EIF3H>ZFAND6,+",1
"SPATS2L>ZFAND6,+",1
"PSMB4>GABARAPL2,+",1
"FBL>GABARAPL2,+",1
"CHCHD2>GABARAPL2,+",1
"RAN>GABARAPL2,+",1
"RHOA>GIPC2,+",1
"CHCHD2>SUCLG1,+",1
"SELENOW>SUCLG1,+",1
"CHCHD2>TMEM50B,+",1
"SPATS2L>FBL,+",1
"CNBP>FBL,+",1
"VPS51>NRN1,+",1
"SPATS2L>NRN1,+",1
"TMEM50B>NRN1,+",1
"NRN1>SPATS2L,+",1
"PPP4R2>SPATS2L,+",1
"CNBP>ACADM,+",1
"GIPC2>ACADM,+",1
"MXRA7>CBX6,+",1
"FZD6>GIPC2,-",1
"AAMP>IL3RA,+",1
"TRIM56>CCDC88A,+",1
"DDX17>KMT2E,+",1
"KMT2E>MAP4,+",1
"AAMP>DUSP11,-",1
"MAP4K5>DUSP11,-",1
"CDC37>DUSP11,+",1
"PURA>DDX17,+",1
"DGLUCY>DDX17,+",1
"THAP12>MIA3,-",1
"KMT2E>MIA3,+",1
"FZD6>PPP1CB,-",1
"AAMP>PPP1CB,+",1
"MED29>ERG,+",1
"MIA3>ERG,+",1
"KMT2E>ERG,+",1
"KMT2E>FRYL,+",1
"AAMP>FRYL,+",1
"LAMTOR2>FRYL,+",1
"MIA3>CCND3,+",1
"TRIM56>NFAT5,+",1
"GIPC2>CIAO1,+",1
"KMT2E>CIAO1,+",1
"LAMTOR2>CIAO1,+",1
"CDC37>CDC42SE2,+",1
"S1PR1>CCDC88A,+",1
"MED13>MAP4,+",1
"LAMTOR2>CCDC124,+",1
"XPO1>DGLUCY,-",1
"POLR2C>NOSIP,+",1
"AAMP>POLR2C,+",1
"THAP12>POLR2C,+",1
"MIA3>POLR2C,+",1
"NOSIP>POLR2C,+",1
"LAMTOR2>POLR2C,+",1
"UBR5>CYB5R1,+",1
"DGLUCY>MAP4K5,+",1
"NOSIP>MYH9,+",1
"KMT2E>MYH9,+",1
"XPO1>MYH9,+",1
"PPP1CB>FZD6,-",1
"DDX17>DGLUCY,+",1
"PPP1R13B>NBR1,+",1
"LAMTOR2>NBR1,-",1
"NOSIP>NBR1,-",1
"PPP1R13B>ERC1,+",1
"PURA>PPP1R13B,+",1
"FZD6>AHR,-",1
"CYB5R1>AHR,+",1
"MIA3>AAMP,+",1
"DGLUCY>UBR5,+",1
"CDC37>DGLUCY,+",1
"HPCAL1>SHOC2,+",1
"KAT6A>RNH1,+",1
"SLIRP>LAP3,+",1
"NME4>SPTLC2,+",1
"CD40>PRNP,+",1
"COPS9>PRNP,+",1
"EIF3H>PRNP,+",1
"MAML2>SNX6,+",1
"MAP3K2>SNX6,+",1
"HSPA5>SNX6,+",1
"NME4>GBP4,+",1
"NFIA>CDK4,+",1
"EIF3H>CDK4,+",1
"PSMC5>CDK4,+",1
"AAMP>NDUFS3,+",1
"MAP3K2>NDUFS3,+",1
"EIF3H>NDUFS3,+",1
"NFIA>HNRNPA1,+",1
"RPS24>F8,+",1
"PSMC5>F8,+",1
"CDK4>F8,+",1
"NFIA>F8,+",1
"SPTLC2>NME4,+",1
"C9orf78>CBX1,+",1
"NME4>CBX6,+",1
"BPTF>SELENON,+",1
"C9orf78>SELENON,+",1
"BAG5>PRNP,+",1
"CBX1>USP48,+",1
"AHI1>RNH1,+",1
"PSMC5>USP48,+",1
"COPS9>EIF3D,+",1
"MAP3K2>EIF3D,+",1
"JTB>HPCAL1,+",1
"CDK4>HPCAL1,+",1
"MAP3K2>HPCAL1,+",1
"RPS24>FRMD4B,+",1
"C9orf78>FRMD4B,+",1
"MGST3>FRMD4B,+",1
"BAG5>DCAF5,-",1
"MAP3K2>DCAF5,+",1
"CBX6>JTB,+",1
"PSMC5>JTB,+",1
"NFIA>JTB,+",1
"MAP3K2>JTB,+",1
"EIF3H>CANX,+",1
"RPS24>TMEM219,+",1
"PICALM>TMEM219,+",1
"BPTF>TMEM219,+",1
"USP48>LARP1,+",1
"EIF3H>LARP1,+",1
"MAML2>LARP1,+",1
"HNRNPA1>NFIA,+",1
"LARP1>USP48,+",1
"NME4>HSPA5,+",1
"C9orf78>HSPA5,+",1
"RPS24>NPM1,+",1
"SPTLC2>DYNC1H1,+",1
"SEC63>THBS1,-",1
"EGLN1>LRRC32,+",1
"TCF7L1>RBM3,+",1
"FDPS>RBM3,+",1
"MGP>CTTN,-",1
"RBCK1>EIF4A1,+",1
"EGLN1>EIF4A1,+",1
"NME4>TSNAX,+",1
"FDPS>TSNAX,+",1
"ERBIN>NFAT5,+",1
"RBCK1>NFAT5,+",1
"LAP3>RIOK3,+",1
"IPO7>RIOK3,+",1
"IPO7>CDK13,+",1
"NFAT5>BTG2,+",1
"SEC63>BTG2,+",1
"CDC37>SEC63,+",1
"RBCK1>ZBTB7A,+",1
"FNBP4>ZBTB7A,+",1
"ACTR2>ZBTB7A,+",1
"CTTN>MGP,-",1
"DUSP11>MGP,+",1
"ACTR2>MGP,-",1
"LAP3>PIK3C2B,+",1
"NME4>SLIRP,+",1
"MXRA7>SLIRP,+",1
"CDC37>CREB3L2,+",1
"USP48>EGLN1,+",1
"PSMC5>EGLN1,+",1
"BAG5>C9orf78,+",1
"CBX1>C9orf78,+",1
"SPTLC2>C9orf78,+",1
"CDK4>C9orf78,+",1
"COPS9>C9orf78,+",1
"PRNP>PTEN,+",1
"CBX1>PTEN,+",1
"LAP3>PAFAH1B1,+",1
"ABI2>FDPS,-",1
"DUSP11>PPP1CA,+",1
"MXRA7>DUSP11,+",1
"LAP3>DUSP11,+",1
"LAP3>MYADM,+",1
"BRWD1>MYADM,+",1
"TCP1>MYADM,+",1
"NME4>TCP1,-",1
"RBCK1>TCP1,+",1
"EGLN1>TCP1,+",1
"SEC63>PPP3CA,+",1
"LAP3>RBCK1,+",1
"USP48>PSMC5,+",1
"RPS24>MGST3,+",1
"NFIA>VPS35,+",1
"CAV2>NDUFAF3,+",1
"PGRMC1>CBX6,+",1
"PTEN>RIT1,+",1
"PRKD3>RIT1,+",1
"ZNF503>PRDX6,-",1
"ARMCX3>PLEKHA3,+",1
"EIF3D>PLEKHA3,+",1
"NDUFA6>C1orf43,+",1
"PRDX6>C1orf43,+",1
"CDH5>CCT2,-",1
"NDUFAF8>RPL39,+",1
"RPL15>RPL39,+",1
"CAV2>CDH5,+",1
"RNPS1>ARMCX3,+",1
"PSMC5>ARMCX3,+",1
"MPC2>GINM1,+",1
"PLEKHA3>GINM1,+",1
"RPL15>EEF1B2,+",1
"RAB5A>SPAG9,+",1
"NOSIP>SPAG9,+",1
"CDH5>NDUFAF8,+",1
"NDUFA6>NDUFAF8,+",1
"PPP2CA>PPP4R3A,-",1
"UGCG>PPP4R3A,-",1
"KAT6A>HPCAL1,+",1
"PRKD3>FRMD4B,+",1
"GTF3A>FRMD4B,-",1
"MED29>BCAP29,+",1
"NDUFA3>BEX4,+",1
"GTF3A>BEX4,-",1
"GTF3A>AHI1,-",1
"PRKD3>AHI1,+",1
"NAA10>AHI1,+",1
"KAT6A>AHI1,+",1
"NAA10>EDF1,+",1
"KAT6A>EDF1,+",1
"GTF3A>SCARB2,+",1
"NAA10>BCAP29,+",1
"SERTAD2>BCAP29,+",1
"FMR1>MRPL28,+",1
"FMR1>BCAP29,+",1
"EDF1>NAA10,+",1
"KAT6A>PDLIM5,+",1
"MRPL28>PDLIM5,+",1
"SELENOK>PRKD3,+",1
"AHI1>PRKD3,+",1
"BCAP29>SERTAD2,+",1
"NAA10>SERTAD2,+",1
"MED29>BRD4,-",1
"EDF1>RPL18,+",1
"PRDX6>PPP4R3A,+",1
"CYB5B>NDUFAF3,+",1
"PICALM>VPS35,+",1
"SHISA5>NDUFAF3,+",1
"ARMCX3>IGFBP2,+",1
"NDUFAF3>IGFBP2,+",1
"CDH5>IGFBP2,+",1
"NDUFA6>IGFBP2,+",1
"RAB5A>EIF4B,+",1
"PPP2CA>ANKRD65,+",1
"CLINT1>ANKRD65,-",1
"MAPK3>PSMC5,+",1
"PSMC5>PDAP1,+",1
"MAPK1IP1L>PDAP1,+",1
"CCT2>NOSIP,+",1
"EGLN1>NOSIP,+",1
"PPP2CA>NOSIP,+",1
"AHNAK>PSMC1,+",1
"C9orf78>PSMC1,+",1
"MGST3>PSMC1,+",1
"RPS24>ARPC1B,+",1
"PSMC5>AAMP,+",1
"NME4>MAML2,+",1
"BPTF>MAML2,+",1
"NME4>TCF12,-",1
"F8>TCF12,+",1
"USP48>AHNAK,+",1
"MAPK3>IGFBP2,-",1
"EIF3D>GBP2,+",1
"EIF3D>MAPK3,+",1
"NOSIP>RNPS1,+",1
"GINM1>RALA,+",1
"MAPK3>BPTF,+",1
"MAPK1IP1L>BPTF,+",1
"UGCG>NDUFA6,-",1
"EIF3D>EIF4G2,+",1
"PRDX6>PGK1,+",1
"NDUFA6>PGK1,+",1
"UGCG>ZFP36L1,+",1
"GLUD1>CAV2,+",1
"CYB5B>CAV2,+",1
"KDM2A>NFAT5,+",1
"PRDX6>MAPK3,-",1
"EIF3D>EGLN1,+",1
"NOSIP>CLINT1,-",1
"RPL15>CLINT1,+",1
"PLEKHA3>UGCG,+",1
"MAPK1IP1L>NMI,-",1
"PPP2CA>GLUD1,-",1
"NDUFAF8>GLUD1,-",1
"MAPK1IP1L>RIT1,+",1
"CCT2>MAPK3,+",1
"ARMCX3>MAPK3,+",1
"NOSIP>ASAP1,+",1
"RPL34>NACA,+",1
"ZFAND6>CBX6,-",1
"LRRFIP2>PTBP3,+",1
"LRRFIP2>CD99,+",1
"RBM3>SPTAN1,+",1
"NCKAP1>SPTAN1,+",1
"CBX3>SCP2,+",1
"MXRA7>HSP90B1,+",1
"ID1>GNB2,+",1
"CBX3>MYADM,+",1
"CBX3>PRPF38B,+",1
"PTBP3>ARGLU1,+",1
"PTEN>SMG1,+",1
"NFAT5>MED13,+",1
"NCKAP1>MED13,+",1
"GABARAPL2>ZNF428,+",1
"PRPF38B>CBX3,+",1
"TCEAL4>PER1,+",1
"LRRFIP2>LARP1,+",1
"LIMA1>MXRA7,+",1
"RBM3>CDH5,+",1
"LRRFIP2>PSMC1,+",1
"WWC2>PSMC1,+",1
"LIMA1>FRMD4B,+",1
"TCEAL4>JAG2,+",1
"WWC2>JAG2,+",1
"C1orf43>NME4,+",1
"PTBP3>NME4,+",1
"CD99>WWC2,+",1
"EFNB2>STOM,+",1
"PSMB8>RALA,+",1
"MEF2A>PRKAA1,+",1
"PSMB8>PRKAA1,+",1
"CFLAR>PRKAA1,+",1
"C1orf43>KLF3,+",1
"SYNPO>KLF3,+",1
"TAOK1>KLF3,+",1
"FAM171A1>SPPL2A,+",1
"PTMA>SPPL2A,+",1
"SPCS2>STOM,+",1
"ERG>SMARCE1,+",1
"GAS6>GABARAPL2,+",1
"SDF4>SMARCE1,+",1
"FAM171A1>PLEKHG1,+",1
"TAOK1>PLEKHG1,+",1
"TAOK1>PTMA,+",1
"GIMAP4>MXRA7,+",1
"SPCS2>PTEN,+",1
"ITGB1>CANX,+",1
"CFLAR>CANX,+",1
"WWC2>CANX,+",1
"PRPF38B>GABARAPL2,+",1
"MXRA7>JAG2,+",1
"APLP2>PTBP3,+",1
"CBX6>ABI2,+",1
"VASP>GAS6,-",1
"CCT2>NDUFA5,+",1
"CTNND1>FOXJ3,+",1
"TPR>ETNK1,+",1
"CCT2>HNRNPK,+",1
"IPO7>GIMAP4,-",1
"SLC25A36>GIMAP4,+",1
"OLFM1>GIMAP4,-",1
"HSP90B1>NDUFB1,+",1
"HNRNPK>TSNAX,+",1
"IPO7>TSNAX,+",1
"OLFM1>TSNAX,+",1
"NDUFA5>FRYL,-",1
"NDUFA5>TPR,+",1
"NOSIP>MATN2,+",1
"ATG3>MATN2,-",1
"DCAF5>SEPT10,+",1
"TPR>ERLEC1,+",1
"DCAF5>ERLEC1,+",1
"EIF3D>ERLEC1,+",1
"ARHGAP5>TMEM167A,+",1
"FOXJ3>TMEM167A,+",1
"ABI2>GABPA,+",1
"BNIP2>TGFBR2,+",1
"IPO7>DCAF5,+",1
"DRAP1>PTBP3,+",1
"DCAF5>TNFRSF1B,+",1
"PTBP3>ZFP36L1,-",1
"GNB2>NOSIP,+",1
"NCKAP1>NOSIP,-",1
"GNB2>ITGB1,+",1
"ITGB1>MEF2A,+",1
"LRRFIP2>VASP,+",1
"PTEN>VASP,+",1
"PTEN>TCEAL4,+",1
"C1orf43>LRRFIP2,+",1
"NOSIP>LRRFIP2,+",1
"RBM3>LRRFIP2,+",1
"LRRFIP2>NCKAP1,+",1
"BNIP2>TNFRSF1B,+",1
"NOSIP>NCKAP1,-",1
"NOSIP>ABI2,+",1
"CBX3>SPCS2,+",1
"MXRA7>SPCS2,+",1
"NCKAP1>SPCS2,+",1
"PTBP3>MAP4,+",1
"NME4>SERPINB6,+",1
"ZFP36L1>PTEN,-",1
"PRPF38B>PTEN,+",1
"ERLEC1>TNFRSF1B,+",1
"ABHD17A>ABI2,+",1
"SDF4>PSMB8,+",1
"ERC1>MXRA7,+",1
"SMARCA4>BRD4,+",1
"HSF1>HNRNPD,+",1
"NDUFC2>HNRNPD,+",1
"DPYSL3>HNRNPD,+",1
"ERC1>LEPROTL1,+",1
"HSF1>LEPROTL1,+",1
"MIEN1>NDUFC2,+",1
"CBX6>NOSIP,+",1
"LEPROTL1>MAP3K2,+",1
"LAMTOR2>PELI1,+",1
"DPYSL3>TBC1D5,-",1
"PELI1>TBC1D5,+",1
"DDX42>VDAC2,-",1
"RALA>VDAC2,-",1
"CBX6>VDAC2,-",1
"HNRNPD>VDAC2,+",1
"MRPS10>VDAC2,+",1
"ERC1>GLUD1,+",1
"PLD3>CFDP1,+",1
"HNRNPD>CFDP1,+",1
"NDUFAF3>HADHA,-",1
"RSU1>HADHA,+",1
"MXRA7>HADHA,+",1
"VOPP1>HADHA,+",1
"DAD1>HNRNPD,+",1
"TEK>HNRNPD,+",1
"ERC1>HNRNPD,+",1
"PELI1>RALA,+",1
"VDAC2>MIEN1,+",1
"LAMTOR2>MIEN1,-",1
"CD40>MIEN1,+",1
"VDAC2>DAD1,+",1
"IDS>DAD1,+",1
"SMARCA4>DAD1,+",1
"VDAC2>RALA,-",1
"ERC1>RALA,-",1
"NDUFAF3>RALA,+",1
"IDS>RALA,+",1
"PLD3>ITSN2,+",1
"ERC1>DPYSL3,-",1
"NDUFAF3>ITSN2,-",1
"KLHL5>ITSN2,+",1
"HNRNPD>EIF3H,+",1
"MXRA7>PHB,+",1
"HNRNPD>PHB,+",1
"DPYSL3>HPCAL1,-",1
"RALA>HPCAL1,+",1
"SLK>RYK,+",1
"SMARCA4>RYK,+",1
"DDX42>DPYSL3,+",1
"SMARCA4>HADHA,+",1
"HNRNPD>BRD4,+",1
"SCP2>PSMB8,+",1
"DPYSL3>GNB2,+",1
"PSMB8>C1orf43,+",1
"GIMAP4>C1orf43,+",1
"GNAS>C1orf43,+",1
"CBX6>AKAP9,-",1
"USP7>AKAP9,+",1
"USP7>ERG,+",1
"EFNB2>NAPA,+",1
"USP7>ROCK2,+",1
"PRKAA1>CDH5,+",1
"PSMB8>CDH5,+",1
"EFNB2>CDH5,+",1
"ASAP2>CDH5,+",1
"TAOK1>FRMD4B,+",1
"EFNB2>FRMD4B,+",1
"CFLAR>PPP1CB,+",1
"EFNB2>PPP1CB,+",1
"UBB>NCKAP1,+",1
"MEF2A>NCKAP1,+",1
"C1orf43>GIMAP4,+",1
"TAOK1>GIMAP4,-",1
"C1orf43>SLK,+",1
"SDF4>SLK,+",1
"ABHD17A>CFLAR,+",1
"EFNB2>PGRMC2,+",1
"SPPL2A>C9orf78,+",1
"SPCS2>PPP4R3B,+",1
"PSMB8>ABHD17A,+",1
"UBE2A>GNB2,-",1
"HPCAL1>HSF1,+",1
"NDUFC2>HSF1,+",1
"DAD1>CBX6,+",1
"PLD3>PTEN,+",1
"UBB>TAOK1,+",1
"MEF2A>TAOK1,+",1
"KLF3>TAOK1,+",1
"GIMAP4>TAOK1,-",1
"FAM171A1>TAOK1,+",1
"USP7>ABHD17A,+",1
"C1orf43>NFE2L2,+",1
"ASAP2>ABHD17A,-",1
"SCP2>YBX1,+",1
"CFLAR>USP7,+",1
"C1orf43>UBB,+",1
"CTNND1>UBB,+",1
"CTNND1>CBX6,+",1
"EFNB2>NCK1,+",1
"SDF4>NCK1,-",1
"ERG>MALAT1,+",1
"SPCS2>MALAT1,+",1
"OLFM1>TGFBR2,+",1
"RTF1>ATG3,+",1
"PTBP3>ATG3,+",1
"CCAR1>SMURF2,+",1
"GGCT>MRPL17,+",1
"TOB1>MRPL17,+",1
"CCAR1>MRPL17,+",1
"TOB1>CALM3,+",1
"TRIO>NARS,+",1
"CALM3>NARS,+",1
"ZFP36L2>NARS,+",1
"GGCT>NARS,-",1
"CCDC50>NARS,+",1
"NARS>HSP90AB1,+",1
"CDC42SE2>HPCAL1,+",1
"REXO2>HPCAL1,-",1
"CDC42SE2>CDC42EP5,+",1
"ARGLU1>CDC42EP5,-",1
"CDC42SE2>TOB1,-",1
"TOB1>CPNE3,+",1
"GGCT>TRIO,-",1
"COPS2>MRPL28,+",1
"MORF4L1>MRPL28,+",1
"CALU>TSR3,-",1
"COPS2>CCDC50,-",1
"NARS>CCDC50,+",1
"NARS>GGCT,-",1
"NEDD9>MRPL17,+",1
"THBD>MRPL17,+",1
"CDC42SE2>SIGIRR,+",1
"NEDD9>PPIB,+",1
"ATP2B4>KANSL1,-",1
"SPTAN1>MOB4,-",1
"CENPC>TRIM56,+",1
"NFAT5>PTEN,+",1
"CDC42SE2>ZFP36L2,+",1
"PRDM2>ZFP36L2,+",1
"MRPL28>PPIB,+",1
"PRDM2>PPIB,-",1
"MORF4L1>PPIB,+",1
"GGCT>PPIB,+",1
"COPS2>CDC42SE2,+",1
"CCDC50>SIGIRR,+",1
"DPYSL3>CDC42SE2,+",1
"ZFP36L2>CDC42SE2,+",1
"CCAR1>ZFAND6,+",1
"BLCAP>PURA,-",1
"NEDD9>PURA,+",1
"CDC42SE2>NEDD9,+",1
"ZFP36L2>NEDD9,-",1
"MORF4L1>RFK,-",1
"MRPL17>THBD,+",1
"TRIO>BLCAP,+",1
"HPCAL1>GGCT,-",1
"DST>ARGLU1,+",1
"BNIP2>RTF1,+",1
"NARS>SMIM10,+",1
"SMURF2>FAM214A,+",1
"ARGLU1>FAM214A,+",1
"RNF115>ABI2,+",1
"RNF115>SMG1,+",1
"CHSY1>RILPL2,+",1
"SNRNP200>RILPL2,+",1
"SUCLG1>RILPL2,+",1
"FRMD4B>CREBRF,+",1
"SNRNP200>ARPC5,+",1
"NDUFC2>ARPC5,+",1
"SNRNP200>CYC1,-",1
"ARPC5>CYC1,+",1
"RANBP1>CYC1,+",1
"ODF2L>CYC1,-",1
"CAP1>MAP4K5,+",1
"HOXD9>MAP4K5,+",1
"SUCLG1>MAP4K5,+",1
"SPCS2>ODF2L,+",1
"TSNAX>CAP1,+",1
"ARPC5>CSDE1,+",1
"ERC1>RHOC,+",1
"SNRNP200>RHOC,-",1
"CYC1>SAP30BP,-",1
"CCAR1>FAM214A,+",1
"CDC42SE2>FAM214A,+",1
"RNF115>FAM214A,+",1
"CDC42SE2>FAM208B,+",1
"HPCAL1>REXO2,-",1
"CDC42SE2>REXO2,-",1
"NEDD9>REXO2,+",1
"CDC42EP5>PRDM2,-",1
"COPS2>GPATCH2L,-",1
"MRPL28>GPATCH2L,-",1
"CCDC50>COPS2,-",1
"ZFAND6>COPS2,+",1
"TOB1>CBX6,-",1
"RNF115>FAM208B,+",1
"CALM3>EPN2,-",1
"HPCAL1>NSRP1,+",1
"BRWD1>EPN2,+",1
"CCAR1>EPN2,+",1
"TOB1>EPN2,-",1
"SIGIRR>DPYSL3,-",1
"HPCAL1>DPYSL3,+",1
"LARP1>DPYSL3,+",1
"CALM3>DPYSL3,-",1
"CDC42SE2>DPYSL3,+",1
"CCDC50>DPYSL3,+",1
"PURA>NSRP1,+",1
"SPTAN1>SNX3,+",1
"MOB4>TXNDC12,+",1
"SNX13>TXNDC12,-",1
"PRPF38B>TXNDC12,+",1
"ARHGAP5>POLR1D,+",1
"FOXJ3>DPYSL3,+",1
"TMEM167A>DPYSL3,+",1
"NOSIP>DPYSL3,+",1
"BNIP2>NOSIP,+",1
"CCT2>PTEN,+",1
"IPO7>PTEN,+",1
"NFAT5>EEA1,+",1
"TROVE2>EEA1,-",1
"MEF2A>INTS3,-",1
"CSDE1>INTS3,+",1
"DYNC1H1>TROVE2,+",1
"COQ10B>SPTAN1,-",1
"APP>SPTAN1,+",1
"TROVE2>PRPF38B,+",1
"COQ10B>GIPC2,-",1
"AKAP9>GIPC2,+",1
"TROVE2>GIPC2,-",1
"FAM171A1>GIPC2,+",1
"PTEN>COQ10B,-",1
"SEPT7>COQ10B,+",1
"FCHO2>CENPC,+",1
"SNX13>BEX3,+",1
"FAM208A>DYNC1H1,+",1
"RTF1>CNOT2,+",1
"TPR>CNOT2,-",1
"DRAP1>CTNND1,+",1
"BNIP2>EIF4B,+",1
"EIF3D>CPQ,+",1
"CCT2>PPM1F,+",1
"TGFBR2>PPM1F,+",1
"ERLEC1>PPM1F,+",1
"TRIM56>CALCOCO2,+",1
"PTEN>CCT2,+",1
"BNIP2>DRAP1,+",1
"IPO7>DRAP1,+",1
"NOSIP>DRAP1,+",1
"TSNAX>ABI2,-",1
"TGFBR2>APLP2,+",1
"BNIP2>ABI2,+",1
"TPR>ABI2,+",1
"SLC25A36>EIF3D,+",1
"TMEM167A>FRMD4B,+",1
"DCAF5>IPO7,+",1
"ARHGAP5>OLFM1,+",1
"TSNAX>OLFM1,+",1
"MATN2>PRDM2,+",1
"GIMAP4>PRDM2,+",1
"OLFM1>APLP2,+",1
"ADSS>SLK,+",1
"CENPC>SEPT7,+",1
"SNX13>F2R,+",1
"CENPC>FAM171A1,+",1
"ABI2>MORF4L1,+",1
"GIPC2>HLA-F,+",1
"NFAT5>HLA-F,+",1
"GIPC2>MEF2A,+",1
"TXNDC12>ADSS,+",1
"NFAT5>ADSS,-",1
"TROVE2>ADSS,-",1
"ZFAND6>ADSS,+",1
"INTS3>ADSS,+",1
"GIPC2>FAM171A1,+",1
"SNX13>NFAT5,+",1
"COQ10B>KPNB1,-",1
"TROVE2>HSP90AB1,-",1
"SPTAN1>ABI2,+",1
"ADSS>ESAM,+",1
"COQ10B>SPTBN1,-",1
"FAM171A1>SPTBN1,+",1
"TROVE2>SPTBN1,+",1
"ABI2>SPTBN1,+",1
"APP>SPTBN1,+",1
"ZKSCAN1>CSDE1,+",1
"SNX13>CSDE1,-",1
"NFAT5>MORF4L1,+",1
"CENPC>FCHO2,+",1
"ADSS>VAMP2,-",1
"ABI2>CBX1,+",1
"SNX13>PKP4,+",1
"ABI2>PKP4,-",1
"MORF4L1>AKAP9,+",1
"TROVE2>AKAP9,+",1
"ZFAND6>FBN1,+",1
"ABI2>C6orf48,+",1
"NFAT5>ATP2B4,+",1
"SPTAN1>ATP2B4,+",1
"CSDE1>ATP2B4,-",1
"DYNC1H1>ATP2B4,-",1
"FAM171A1>SNX13,+",1
"DYNC1H1>FCHO2,+",1
"PKP4>SNX13,+",1
"SNX13>ZKSCAN1,+",1
"CSDE1>ZKSCAN1,+",1
"TROVE2>ZKSCAN1,-",1
"TROVE2>ZFAND6,+",1
"ABI2>ZFAND6,+",1
"ATP2B4>RNF213,-",1
"ADSS>RNF213,-",1
"PKP4>RNF213,+",1
"NFAT5>RNF213,+",1
"DAD1>MIEN1,+",1
"LAMTOR2>MXRA7,+",1
"NCOA4>TACC1,+",1
"PLPP1>YWHAH,+",1
"MRPL28>SHISA5,+",1
"MBD2>GLUD1,+",1
"MYH9>MORF4L1,+",1
"SNX3>AKAP9,+",1
"MYH9>SMG1,+",1
"MYH9>DYNC1H1,+",1
"PPP1R11>DYNC1H1,+",1
"MYH9>SLK,+",1
"SUCLG1>HPCAL1,+",1
"MINDY2>PTEN,+",1
"DCTN3>ZNF83,+",1
"RPL18>SUCLG1,+",1
"NOSIP>SUCLG1,+",1
"RALA>ARID1A,+",1
"ANP32E>ARID1A,+",1
"PPP1R13B>DCTN3,+",1
"YWHAH>DCTN3,+",1
"RPL18>UBL5,+",1
"YWHAH>PLPP1,+",1
"TM4SF1>PLPP1,+",1
"HOXD9>SFT2D2,+",1
"RPL18>SFT2D2,+",1
"TMEM230>MXRA7,+",1
"MYH9>MRPL28,+",1
"PPP4R3A>MRPL28,+",1
"MYH9>EGLN1,+",1
"MBNL2>ASAP2,+",1
"HPCAL1>RILPL2,-",1
"MBNL2>RILPL2,+",1
"MBNL2>NORAD,+",1
"EGLN1>GIMAP4,+",1
"LPGAT1>RAB5A,+",1
"RAB5A>LIMS2,-",1
"MYH9>LIMS2,+",1
"GIMAP4>LIMS2,+",1
"ASAP2>MBNL2,+",1
"TXNDC12>MBNL2,+",1
"MYH9>ASAP2,+",1
"EHD2>RIT1,+",1
"RILPL2>GABARAPL2,+",1
"HPCAL1>GABARAPL2,+",1
"CTNNB1>GABARAPL2,+",1
"SUCLG1>MYH9,+",1
"SHISA5>MYH9,+",1
"LPGAT1>CBX6,+",1
"MBD2>YBX1,+",1
"HPCAL1>SUCLG1,+",1
"MBD2>RIT1,-",1
"MYH9>RIT1,+",1
"CCT2>MXRA7,+",1
"MXRA7>EIF4A1,+",1
"TXNDC12>PPDPF,+",1
"KIAA0355>EIF4A1,+",1
"IGFBP2>SYNE1,+",1
"RALA>SYNE1,-",1
"PTEN>SYNE1,+",1
"ANP32E>NFAT5,+",1
"RPL18>NFAT5,+",1
"ANP32E>NAPA,-",1
"PPP1R13B>NAPA,+",1
"CTSL>NAPA,+",1
"RPL18>IGFBP2,+",1
"PPP1R13B>BPTF,+",1
"PNN>NME4,+",1
"RALA>RGL2,-",1
"NOSIP>RGL2,+",1
"NOSIP>CSDE1,+",1
"PNN>TMEM165,+",1
"PLPP1>TMEM165,+",1
"ARID1A>TAPBP,+",1
"STAT3>HOXD9,+",1
"RALA>HOXD9,+",1
"SYNE1>PTEN,+",1
"USP7>UACA,+",1
"DPP8>KDM2A,-",1
"DR1>KDM2A,+",1
"PPP1R13B>SERPINB6,+",1
"DCTN3>RPL18,+",1
"HSP90AB1>RPL18,+",1
"DCTN3>FNBP1L,+",1
"CTSL>TMEM230,+",1
"CCT2>TMEM230,+",1
"KIAA0355>RPS6KA2,+",1
"SYNE1>SMIM37,+",1
"TMEM230>ABI2,+",1
"RPL18>MEF2A,+",1
"PTMA>MEF2A,+",1
"NFAT5>ANP32E,+",1
"RALA>FNBP1L,+",1
"PPP1R13B>FNBP1L,+",1
"SUCLG1>KIAA0355,+",1
"KIAA0355>RALA,-",1
"RPL18>CALM1,+",1
"DCTN3>ANXA5,+",1
"KDM2A>SPCS2,+",1
"ARID1A>STAT3,+",1
"SYNE1>STAT3,+",1
"HSP90AB1>PTMA,+",1
"RPL18>PTMA,+",1
"PPP1R13B>HSP90AB1,+",1
"NOSIP>RALA,+",1
"RGL2>RALA,-",1
"CBX6>ERC1,+",1
"EGLN1>PPDPF,+",1
"LEPROTL1>PIK3R3,+",1
"FGD5-AS1>ZFP91,-",1
"DST>TAPBP,+",1
"NDRG1>SUMO1,+",1
"PNPLA8>IFI16,+",1
"PNPLA8>TXNDC12,-",1
"DMAC1>CLTA,+",1
"VAT1>SUCLG1,+",1
"SLC3A2>SUCLG1,+",1
"PNPLA8>SUCLG1,-",1
"PNPLA8>TMEM219,+",1
"LIMS2>TMEM219,-",1
"ARMC10>TMEM219,+",1
"EGLN1>SELENOW,+",1
"DMAC1>FAM120A,+",1
"C1orf54>FAM120A,-",1
"PNPLA8>FAM120A,-",1
"SLC3A2>ARMC10,+",1
"DYNC1H1>NUMA1,+",1
"TXNDC12>MYC,-",1
"SLC3A2>MYC,+",1
"DR1>MYC,-",1
"NUMA1>NDRG1,+",1
"LIMS2>NDRG1,+",1
"SPAG9>NDRG1,+",1
"LIMS2>ZMYM4,+",1
"FGD5-AS1>ZMYM4,+",1
"C1orf54>ADGRG1,-",1
"SLC3A2>C1orf54,-",1
"TAPBP>ASAP1,+",1
"DST>ASAP1,-",1
"EGLN1>ASAP1,+",1
"VAT1>DST,+",1
"SPAG9>DST,+",1
"TAPBP>RBPMS,+",1
"SLC3A2>KDM2A,+",1
"ZMYM4>KDM2A,+",1
"CLTA>C1orf54,+",1
"ARMC10>C1orf54,+",1
"TAPBP>C1orf54,-",1
"SLC3A2>RILPL2,+",1
"TXNDC12>C1orf54,+",1
"SPAG9>C1orf54,+",1
"DST>C1orf54,-",1
"RBPMS>C1orf54,+",1
"PNPLA8>ZC3H7A,+",1
"ZC3H7A>ZFP36L1,+",1
"DST>ZFP36L1,-",1
"SLC3A2>PNPLA8,+",1
"EGLN1>PNPLA8,-",1
"FGD5-AS1>VAT1,+",1
"ZMYM4>NDRG1,-",1
"DYNC1H1>SPAG9,+",1
"PPP1R11>MINDY2,+",1
"PNPLA8>SPAG9,-",1
"EHD2>LPGAT1,+",1
"MYH9>EHD2,-",1
"ERC1>ETFA,-",1
"SHISA5>ETFA,-",1
"MINDY2>PPP1R11,+",1
"SUCLG1>PPP1R11,+",1
"GABARAPL2>PPP1R11,+",1
"ASAP2>MXRA7,+",1
"ERH>MXRA7,+",1
"YBX1>MXRA7,+",1
"SLC3A2>UBB,-",1
"MYH9>UBB,+",1
"LIMS2>CTNNB1,+",1
"MRPL28>CTNNB1,+",1
"RAB5A>ROCK2,+",1
"GABARAPL2>ERH,+",1
"SNX3>ERH,+",1
"MBNL2>MED13,+",1
"ERC1>MED13,+",1
"MBNL2>SNX3,+",1
"ASAP2>PTMA,+",1
"GABARAPL2>PTMA,+",1
"EHD2>SLC3A2,+",1
"SLC3A2>LPGAT1,+",1
"ERH>LPGAT1,-",1
"RAB5A>LPGAT1,+",1
"NUMA1>PPP1CB,-",1
"VAT1>MXRA7,+",1
"ASAP1>MXRA7,+",1
"ADGRG1>MXRA7,+",1
"DYNC1H1>LIMS2,+",1
"TAPBP>LIMS2,-",1
"PNPLA8>HOXB2,-",1
"SUMO1>HOXB2,-",1
"C1orf54>HOXB2,+",1
"NDRG1>HOXB2,+",1
"LIMS2>HOXB2,-",1
"LIMS2>PPP1CB,+",1
"SPAG9>PPP4R3A,+",1
"TAPBP>COMMD7,-",1
"SLC3A2>COMMD7,+",1
"DST>MORF4L1,-",1
"TAPBP>MORF4L1,+",1
"COMMD7>AAMP,+",1
"ADGRG1>URI1,+",1
"TXNDC12>EDN1,-",1
"DMAC1>POLR2C,+",1
"LIMS2>POLR2C,+",1
"PPP1R11>C19orf24,+",1
"URI1>KDM2A,+",1
"TRIP11>ARHGAP29,+",1
"CYC1>ARHGAP29,+",1
"KDM2A>SSR1,+",1
"PRDM2>DST,-",1
"EIF3H>DST,+",1
"HSP90AB1>MSN,+",1
"UBE2K>MSN,+",1
"DST>COPS2,+",1
"HSP90AB1>RB1CC1,+",1
"KDM2A>RB1CC1,+",1
"PRDM2>SYNGR2,+",1
"RB1CC1>SYNGR2,+",1
"SSR1>CASC4,+",1
"KDM2A>CASC4,-",1
"SMG1>LAPTM4A,+",1
"HSP90AB1>LAPTM4A,+",1
"IPO7>ATF7IP,+",1
"LAPTM4A>ATF7IP,+",1
"NUCKS1>ATF7IP,+",1
"ROCK2>ATF7IP,+",1
"MT-ND1>RPL13A,+",1
"RPS27>RPL13A,+",1
"GUK1>IPO7,+",1
"HSP90AB1>ADCY4,+",1
"PRDM2>ADCY4,+",1
"RPL29>HSP90AB1,+",1
"SSR1>NOSIP,+",1
"KDM2A>SMG1,+",1
"ATRX>SMG1,+",1
"IPO7>GUK1,+",1
"SASH1>HSD17B10,+",1
"MORF4L1>HSD17B10,+",1
"RPL13A>TAPBP,+",1
"HNRNPD>PRPF38B,+",1
"IPO7>SHOC2,-",1
"HSP90AB1>SHOC2,+",1
"RAP1B>CLK1,+",1
"SLC38A2>UBE2K,+",1
"SSR1>UBE2K,+",1
"EIF3H>UBE2K,+",1
"HSP90AB1>GUK1,+",1
"PRDM2>COX8A,+",1
"RPL29>EIF3H,+",1
"UBE2K>SLC38A2,+",1
"RPL29>SLC38A2,+",1
"SSR1>SLC38A2,+",1
"EIF3H>RPL29,+",1
"RPS27>RPL29,+",1
"RPL29>RPL8,+",1
"CASC4>KDM2A,-",1
"NOSIP>PKM,+",1
"RPL29>RPL18,+",1
"HSP90AB1>SSR1,+",1
"IPO7>SSR1,+",1
"SNX3>ARHGAP29,+",1
"RPL29>SSR1,+",1
"LAMTOR2>NDUFAF3,+",1
"IDS>NDUFAF3,+",1
"LEPROTL1>NDUFAF3,+",1
"LAMTOR2>CASKIN2,+",1
"RALA>ABCG2,+",1
"LEPROTL1>ERC1,+",1
"HNRNPD>PLD3,-",1
"LAMTOR2>PLD3,+",1
"ITSN2>PLD3,+",1
"ERC1>PLD3,-",1
"RALA>TEK,-",1
"HNRNPD>TEK,+",1
"MXRA7>TEK,+",1
"UBE2A>TEK,+",1
"MIEN1>CD40,+",1
"DPYSL3>CD40,+",1
"MXRA7>LAMTOR2,+",1
"LEPROTL1>LAMTOR2,+",1
"NDUFC2>LAMTOR2,+",1
"KLHL5>APP,+",1
"PLD3>APP,+",1
"MRPS10>APP,-",1
"NDUFC2>PIK3R3,+",1
"NOSIP>DYNC1H1,+",1
"DAD1>SMARCA4,+",1
"MRPS10>SMARCA4,-",1
"PRDM2>CSDE1,+",1
"UBE2K>SSR1,+",1
"HSP90AB1>NORAD,+",1
"MT-ND2>MT-ND1,+",1
"ADCY4>NUCKS1,+",1
"ATF7IP>NFAT5,+",1
"NUCKS1>ROCK2,+",1
"HSP90AB1>ROCK2,+",1
"RPL29>RPL15,+",1
"CASC4>TACC1,+",1
"NUCKS1>CSDE1,+",1
"ATF7IP>CSDE1,+",1
"CBX6>SMARCA4,+",1
"SSR1>DCTN3,-",1
"MT-ND1>MT-ND2,+",1
"NDUFC2>HOXD9,+",1
"CBX6>HOXD9,+",1
"MRPS10>HOXD9,-",1
"KLHL5>UBE2A,+",1
"NDUFAF3>UBE2A,+",1
"NOSIP>VOPP1,+",1
"LEPROTL1>KLHL5,+",1
"IDS>KLHL5,+",1
"GRINA>HSD17B10,+",1
"SPAG9>HSD17B10,-",1
"SPAG9>HNRNPD,+",1
"SMG1>HNRNPD,-",1
"TSPAN14>CALM1,+",1
"CRYBG3>CYC1,+",1
"DGKH>URI1,+",1
"PCAT19>URI1,+",1
"KDM2A>URI1,+",1
"HOXD9>SCP2,+",1
"TRIP11>SCP2,+",1
"BRWD1>SCP2,+",1
"HIF1A>PUM2,+",1
"PCAT19>PUM2,+",1
"DPP8>PUM2,+",1
"OGA>PUM2,+",1
"HIF1A>PSMC2,+",1
"LMBR1L>RIT1,+",1
"URI1>RIT1,+",1
"URI1>NME4,+",1
"CHSY1>NME4,+",1
"BRWD1>ITGA1,+",1
"TSPAN14>MAP4K5,+",1
"CYC1>MAP4K5,+",1
"MAP4K5>MEF2A,+",1
"CALM1>MEF2A,+",1
"URI1>PTEN,+",1
"SCP2>CTNND1,+",1
"ARHGAP29>CTNND1,+",1
"NFIA>CTNND1,+",1
"HOXD9>PKP4,+",1
"PCAT19>VPS4B,+",1
"HOXD9>MALAT1,+",1
"DR1>DPP8,+",1
"DNM3>DPP8,+",1
"CRYBG3>DPP8,+",1
"HOXD9>CDC37,+",1
"TRIP11>CRYBG3,+",1
"CYC1>CRYBG3,+",1
"MEF2A>PODXL,+",1
"TRIP11>SMG1,+",1
"DPP8>PKP4,+",1
"SNX3>MT-CYB,+",1
"USP7>SPCS2,+",1
"MT-CO1>TRIP11,+",1
"CRYBG3>TRIP11,+",1
"SMG1>TRIP11,+",1
"HOXD9>RILPL2,+",1
"DR1>PCAT19,+",1
"URI1>TSPAN14,+",1
"URI1>LMBR1L,+",1
"MAP4K5>DNM3,+",1
"DR1>STT3B,+",1
"MT-ND6>RSBN1L,+",1
"GRINA>RSBN1L,+",1
"RPL13A>PPP1R15A,+",1
"RAD21>UBE2H,+",1
"CDH5>KPNA4,+",1
"ZBTB20>EIF4G1,+",1
"SASH1>EIF4G1,+",1
"TEK>ERBIN,+",1
"RAP1B>ERBIN,+",1
"ABI2>KLHL5,+",1
"CDH5>KLHL5,+",1
"MORF4L1>ZBTB20,+",1
"BRWD1>ZBTB20,+",1
"SPAG9>ZBTB20,+",1
"MORF4L1>MBNL2,+",1
"BRWD1>KPNA4,+",1
"STAT3>RPL13A,+",1
"FKBP1A>RPL13A,+",1
"RPL13A>TEK,+",1
"CDH5>TEK,+",1
"ZBTB20>ABI2,+",1
"KLHL5>CDH5,+",1
"PPP1R15A>NFAT5,+",1
"EFCAB14>SPTAN1,+",1
"RECQL>NCKAP1,+",1
"STAT3>NCKAP1,+",1
"RPL13A>KPNA4,+",1
"PDLIM5>BRWD1,-",1
"KLHL5>SMG1,+",1
"RPL15>RPL37A,+",1
"SASH1>SMG1,+",1
"RPL37A>NECAP2,+",1
"MORF4L1>RAP1B,+",1
"RPL37A>RAP1B,+",1
"MT-ND4>AKAP11,+",1
"RPL37A>SASH1,+",1
"BRWD1>SASH1,+",1
"STAT3>SASH1,+",1
"PABPC1>MT-ND6,+",1
"STAT3>RPL37A,+",1
"SPTAN1>PTTG1IP,+",1
"KLHL5>BRWD1,+",1
"GRINA>PTTG1IP,+",1
"RAP1B>RPL15,+",1
"CDH5>PDLIM5,+",1
"KPNA4>FCHO2,+",1
"RPL13A>RPS6,+",1
"RPL15>RPS6,+",1
"SPTAN1>EFCAB14,+",1
"STAT3>MORF4L1,+",1
"KPNA4>MORF4L1,+",1
"CDH5>BRWD1,+",1
"TMED2>DCTN3,+",1
"FRMD4B>BRWD1,+",1
"SNRNP200>RSF1,+",1
"EMP2>GNAQ,+",1
"TGFBR2>PSMC1,+",1
"PNN>FAM84B,+",1
"PURA>MORF4L1,+",1
"MT-ND4>MORF4L1,+",1
"RPSA>IRF2BP2,+",1
"RPL15>SLC3A2,+",1
"MT-ND4>NUDCD1,+",1
"CTNND1>NUDCD1,+",1
"PURA>ELK3,+",1
"PNN>ELK3,+",1
"RPL15>SCP2,+",1
"TGFBR2>NOSTRIN,+",1
"RPSA>NOSTRIN,+",1
"RPL15>NOSTRIN,+",1
"COMMD3>FKBP2,+",1
"DYNC1H1>FKBP2,+",1
"CTNND1>FKBP2,+",1
"PTTG1IP>FKBP2,+",1
"C11orf58>PURA,+",1
"RPL15>PURA,+",1
"SLC3A2>RPL15,+",1
"RPSA>RPL15,+",1
"PSMC1>GNAQ,+",1
"GNS>PSMC1,+",1
"MT-ND2>PSMC1,+",1
"NOSTRIN>ICE2,+",1
"MT-ND2>MT-ND4,+",1
"BEX4>SAP30BP,+",1
"RIT1>MIEN1,+",1
"HLA-DRB5>EIF4B,+",1
"TRIP10>EIF4B,+",1
"MT-ND4>MT-ATP6,+",1
"RPL15>RPSA,+",1
"MT-ND4>MT-ND2,+",1
"GNS>ATP6V0E1,-",1
"HSP90AB1>ATP6V0E1,+",1
"PNN>ATP6V0E1,+",1
"PNRC2>PTTG1IP,+",1
"RPL15>PHKB,+",1
"MT-ND4>PTTG1IP,+",1
"MT-ND4>RPL13A,+",1
"PTTG1IP>DYNC1H1,+",1
"GNS>TMCC3,+",1
"NOSTRIN>TMCC3,+",1
"PKM>GABPA,+",1
"PKP4>EMP2,+",1
"DYNC1H1>EMP2,+",1
"GNS>EMP2,-",1
"TGFBR2>TGFBR3,+",1
"GNS>GNAQ,+",1
"DYNC1H1>PNRC2,+",1
"BAG5>TRIP10,+",1
"ICE2>XAF1,-",1
"POLR2C>CLTC,+",1
"VPS4B>PLEKHG1,+",1
"SSFA2>EIF3H,+",1
"VPS4B>SARAF,+",1
"ABI2>PELI1,+",1
"AKAP9>PELI1,-",1
"KLHL5>MED13,+",1
"POLR2C>NR1D2,+",1
"CTDSP1>NR1D2,+",1
"AKAP9>NR1D2,+",1
"CLTA>NR1D2,-",1
"MED13>NR1D2,+",1
"SSFA2>TIMP3,+",1
"CLTC>TIMP3,+",1
"KDM2A>RSF1,+",1
"SYNE1>MYADM,+",1
"VPS4B>PPP1CB,+",1
"HPCAL1>PPP1CB,+",1
"EIF3H>AKAP9,+",1
"PPP1R13B>AKAP9,+",1
"CLTA>AKAP9,-",1
"HPCAL1>AKAP9,+",1
"KDM2A>RIT1,-",1
"TMEM165>SLK,+",1
"RIT1>ITSN2,+",1
"KDM2A>ITSN2,+",1
"SARAF>VPS4B,+",1
"PKM>TUT7,-",1
"GNS>TUT7,+",1
"EMP2>PKP4,+",1
"TGFBR2>PKP4,+",1
"DYNC1H1>KDM2A,+",1
"TAPBP>FCHO2,+",1
"RPSA>NFAT5,+",1
"FAM84B>TAPBP,+",1
"PPP1R13B>TMEM165,+",1
"TACC1>VPS4B,+",1
"POLR2C>VPS4B,+",1
"TACC1>ITSN2,+",1
"HPCAL1>VPS4B,+",1
"KLHL5>DOCK1,+",1
"ITSN2>SERINC3,+",1
"PPP1R13B>TAPBP,+",1
"SYNE1>TAPBP,+",1
"HPCAL1>CTDSP1,+",1
"TAPBP>KDM2A,+",1
"ITSN2>KDM2A,+",1
"MED13>KDM2A,+",1
"VPS4B>KDM2A,+",1
"NDUFA3>EID1,+",1
"HLA-DRB5>HLA-DMA,+",1
"RAB4A>RSF1,+",1
"SPPL2A>NDUFC2,+",1
"RPL29>FBXW5,+",1
"ITFG1>FBXW5,+",1
"SNRNP70>FBXW5,+",1
"RPL37>RPL13,+",1
"RPL13>HLA-DPB1,+",1
"RPL37>HLA-DPB1,+",1
"ITFG1>PDCD6IP,+",1
"RPL29>PDCD6IP,+",1
"GLUD1>PDCD6IP,+",1
"DR1>ABI2,+",1
"PDCD6IP>NME4,+",1
"TMEM230>NME4,+",1
"FBXW5>SLIRP,+",1
"SMARCE1>PPP1R13B,+",1
"DR1>PPP1R13B,+",1
"FBXW5>EFCAB14,+",1
"DR1>EFCAB14,+",1
"KMT2A>CREBRF,+",1
"ANXA5>KANSL1,+",1
"SNRNP70>KANSL1,+",1
"GIMAP4>KANSL1,+",1
"BEX4>COX7A2L,+",1
"RIT1>PSMC5,+",1
"RPL37>KDELR1,+",1
"KDELR1>DNAJC21,+",1
"ITFG1>DNAJC21,+",1
"GLUD1>WWC2,+",1
"RPL13>RPL13A,+",1
"GIMAP4>TLN1,+",1
"RPL29>ANXA5,+",1
"SMC4>ANXA5,+",1
"TACC1>ANXA5,+",1
"RPL13>HEXA,+",1
"DR1>SMARCE1,-",1
"GIMAP4>SMARCE1,+",1
"DNAJC21>WWC2,+",1
"FBXW5>WWC2,-",1
"PDCD6IP>GLUD1,+",1
"HSP90AB1>DNAJC21,+",1
"DNAJC21>LYPLA1,+",1
"KMT2A>LYPLA1,-",1
"NME4>LYPLA1,+",1
"DR1>NFAT5,+",1
"KMT2A>MALAT1,+",1
"RPL29>NDUFC2,+",1
"GLUD1>NDUFC2,+",1
"NME4>NDUFC2,+",1
"RPL34>RPL37,+",1
"RPL13>RPS5,+",1
"BEX4>NDUFC2,+",1
"TBCB>MVP,-",1
"RBCK1>RNPS1,+",1
"HLA-DRB5>MVP,+",1
"HLA-DRB5>RBM3,+",1
"RIT1>RBM3,+",1
"SPPL2A>DR1,+",1
"ADH5>DR1,-",1
"SELENOW>RBCK1,+",1
"RNPS1>RBCK1,+",1
"ABI2>SPPL2A,+",1
"BAG5>SPPL2A,+",1
"EIF4B>KMT2A,+",1
"RPS13>ERGIC2,+",1
"CNBP>ERGIC2,+",1
"EIF4B>ERGIC2,+",1
"TMED7>BEX4,+",1
"MVP>BEX4,+",1
"NDUFA3>NFAT5,+",1
"PSMC5>PELI1,+",1
"RPS13>EHD2,+",1
"HLA-DRB5>BAG5,+",1
"RPS13>RANBP1,+",1
"TRIP10>RANBP1,+",1
"WDR33>RANBP1,+",1
"BEX4>RNPS1,+",1
"KMT2A>RNPS1,+",1
"MIEN1>RBM3,+",1
"SPPL2A>RBM3,+",1
"MIEN1>RIT1,+",1
"RPS13>TBCB,+",1
"BEX4>MVP,+",1
"PSMC5>KDM2A,+",1
"NFAT5>LAMP1,+",1
"TRIP10>LAMP1,+",1
"NFAT5>DST,+",1
"RPS13>HLA-DRB5,+",1
"WDR33>CDC37,+",1
"PSMC5>WDR33,+",1
"ABI2>TBCB,+",1
"HLA-DRB5>TBCB,+",1
"BAG5>TBCB,+",1
"RIT1>EIF4A1,+",1
"HLA-DRB5>ATP6AP1,+",1
"NFAT5>ATP6AP1,+",1
"FRMD4B>RAC1,+",1
"BAG5>ADH5,+",1
"TRIP10>ABI2,+",1
"BAG5>SEPT7,+",1
"MVP>SEPT7,+",1
"NFAT5>SEPT7,+",1
"NFAT5>SELENOW,+",1
"EHD2>SELENOW,+",1
"POLR2C>SSFA2,+",1
"KDM2A>SSFA2,+",1
"MED13>VAT1,+",1
"RPL27>RIOK3,+",1
"DDX50>NFAT5,+",1
"PGRMC2>NDUFAF3,+",1
"AAMP>LIMS2,+",1
"DCTN3>SERTAD1,-",1
"SEC63>SERTAD1,+",1
"C9orf78>LEPROTL1,+",1
"KLF3>DCTN3,-",1
"SERTAD1>DCTN3,-",1
"DDX50>EHD2,+",1
"GPRC5B>EHD2,+",1
"COX8A>EHD2,+",1
"NDUFAF3>EHD2,+",1
"SMIM37>COX8A,+",1
"PTEN>COX8A,+",1
"ORMDL1>COX8A,-",1
"WNK1>CALM1,+",1
"SPRY1>KDM2A,+",1
"VASP>KDM2A,+",1
"DCTN3>FAM84B,+",1
"ATN1>USP7,+",1
"CHCHD2>USP7,+",1
"SMG1>HNRNPK,+",1
"RPL7>RPL34,+",1
"VPS26A>LARP1,+",1
"DR1>LARP1,+",1
"COX8A>ORMDL1,-",1
"EFNB2>EFCAB14,+",1
"KLF3>AAMP,+",1
"DDX50>AAMP,-",1
"DCTN3>AAMP,+",1
"ORMDL1>AAMP,-",1
"DCTN3>TPRKB,+",1
"LARP1>GTF2I,+",1
"KLF3>GTF2I,+",1
"DR1>MMADHC,+",1
"NDUFAF3>ZBTB7A,+",1
"MMADHC>EFCAB14,+",1
"TPRKB>TTC28,+",1
"DR1>ORMDL1,-",1
"VPS26A>TTC28,+",1
"NDUFAF3>GPRC5B,+",1
"SPRY1>GPRC5B,+",1
"FMR1>DR1,+",1
"PTEN>DR1,+",1
"TPRKB>PGRMC2,+",1
"NFAT5>CD55,+",1
"SEC63>CD55,+",1
"ORMDL1>VASP,-",1
"LARP1>ORMDL1,+",1
"RPL34>RPL7,+",1
"CPT1A>RIOK3,+",1
"VPS4B>VAT1,+",1
"C9orf78>RIOK3,+",1
"RNPS1>AKAP9,-",1
"CCDC68>AKAP9,+",1
"CHCHD2>YWHAB,+",1
"CHCHD2>NOSIP,+",1
"KAT6A>NOSIP,-",1
"ZFAND6>NOSIP,+",1
"JAG1>NCOA4,+",1
"SMG1>NCOA4,+",1
"C9orf78>ZFAND6,+",1
"HLA-DPB1>ZFAND6,+",1
"PPP1R13B>CCDC68,+",1
"EEF1D>CCDC68,+",1
"AKAP9>CCDC68,+",1
"NCOA4>SLK,+",1
"CPT1A>FRMD4B,+",1
"UPF3A>FRMD4B,+",1
"RIOK3>C9orf78,+",1
"NCOA4>C9orf78,+",1
"CHCHD2>C9orf78,+",1
"UPF2>ARIH2,+",1
"HLA-DPB1>ITGB4,+",1
"ASAP1>RANBP1,+",1
"NCOA4>RANBP1,+",1
"CCDC68>ARPC1A,+",1
"KAT6A>FAF2,+",1
"CCDC68>FAF2,+",1
"PTEN>CHCHD1,+",1
"UPF3A>RIOK3,+",1
"NCOA4>PURA,+",1
"EEF1D>DCTN3,+",1
"ZFAND6>DCTN3,+",1
"RIOK3>DCTN3,+",1
"JAG1>DCTN3,+",1
"NCOA4>JAG1,+",1
"C9orf78>CHCHD2,+",1
"RPL7>CHCHD2,+",1
"HLA-DPB1>EIF4B,+",1
"SMG1>CHCHD1,+",1
"KDELR1>NDUFC2,+",1
"SMG1>KDELR1,+",1
"CCDC68>RNPS1,-",1
"PTEN>RNPS1,+",1
"CCDC68>TJP1,+",1
"NOP53>VPS51,+",1
"PPP1R13B>VPS51,+",1
"HNRNPK>DDX60,+",1
"RPL34>RPL27,+",1
"FAF2>RPL27,+",1
"RPL7>RPL27,+",1
"VPS26A>JAG1,+",1
"LARP1>C9orf78,+",1
"NFAT5>GNB2,+",1
"KLF3>GNB2,+",1
"IGFBP4>RAP1B,+",1
"HNRNPUL1>RAP1B,+",1
"RHOA>RAP1B,+",1
"HLA-DPB1>AGO3,+",1
"DR1>AGO3,+",1
"GNB2>AGO3,-",1
"HLA-DPB1>AIG1,+",1
"RHOA>SLK,+",1
"HNRNPUL1>RPL5,+",1
"C9orf78>ITSN2,-",1
"CSDE1>ITSN2,+",1
"TGFBR2>TRIM56,+",1
"FRYL>TRIM56,+",1
"RAP1B>IGFBP4,+",1
"CD74>IGFBP4,+",1
"HNRNPUL1>TAF15,+",1
"URI1>TAF15,+",1
"URI1>RANBP1,+",1
"CSDE1>RANBP1,+",1
"HLA-DRA>HLA-DPA1,+",1
"HNRNPUL1>FRYL,+",1
"ZBTB7A>FRYL,+",1
"ERBIN>FRYL,+",1
"HLA-DPB1>TGFBR2,+",1
"IGFBP4>HLA-DPB1,+",1
"CD74>HLA-DRA,+",1
"PPP1R13B>ANXA7,+",1
"NDUFB8>PPP1R13B,+",1
"KLHL5>PPP1R13B,+",1
"DOCK1>SYNE1,+",1
"MED13>HSP90AB1,+",1
"ANXA7>HSP90AB1,+",1
"KDM2A>CCDC88A,+",1
"ZBTB7A>ABI2,+",1
"KDM2A>ABI2,+",1
"ARID5A>ZBTB7A,+",1
"ZBTB7A>PTPN14,+",1
"KLHL5>ANXA7,+",1
"NR1D2>HPCAL1,+",1
"KDM2A>BPTF,+",1
"CDC42BPA>NFAT5,+",1
"SYNE1>NFAT5,+",1
"CTDSP1>MRPL28,+",1
"SYNE1>MRPL28,+",1
"TAPBP>TACC1,+",1
"PLEKHG1>TACC1,+",1
"ZBTB7A>TACC1,+",1
"PPP1R13B>DYNC1H1,+",1
"SARAF>HPCAL1,+",1
"CCT2>EIF4H,+",1
"RPS13>RPL8,+",1
"HNRNPUL1>KPNB1,+",1
"VPS26A>SMIM37,+",1
"DCTN3>CLTA,+",1
"DR1>PTEN,+",1
"PGRMC2>TMF1,+",1
"NFAT5>TMF1,+",1
"NDUFAF3>TMF1,+",1
"PTEN>TMF1,-",1
"NES>WNK1,+",1
"SMIM37>CHCHD2,+",1
"LARP1>CHCHD2,+",1
"CAPNS1>CHCHD2,+",1
"CHCHD2>SMIM37,+",1
"HLA-DRA>NOSIP,+",1
"DDX50>SEC63,+",1
"CHCHD2>CAPNS1,+",1
"ABI2>SPRY1,-",1
"JAG1>KCTD12,+",1
"KCTD12>FMR1,+",1
"ORMDL1>DDX50,-",1
"AAMP>ABI1,+",1
"ATN1>ABI1,+",1
"DCTN3>ABI1,-",1
"KLF3>NES,+",1
"RBX1>POLR2C,+",1
"CSDE1>NOSIP,+",1
"CREBRF>KPNB1,+",1
"HLA-DRA>CD74,+",1
"RBX1>ZBTB7A,+",1
"RHOA>ZBTB7A,+",1
"AGO3>DR1,+",1
"HNRNPUL1>DR1,-",1
"RAP1B>DR1,+",1
"ZBTB7A>RBX1,+",1
"AGO3>GNB2,-",1
"HNRNPUL1>GNB2,+",1
"RHOA>TXNDC12,+",1
"HLA-DPB1>CD74,+",1
"KPNB1>DCTN3,+",1
"CREBRF>ASAP1,+",1
"ZBTB7A>DCTN3,+",1
"CLTA>DCTN3,+",1
"HNRNPUL1>COX7A2L,+",1
"CREBRF>COX7A2L,+",1
"ZBTB7A>ERBIN,+",1
"TGFBR2>EIF4B,+",1
"CCT2>EIF4B,+",1
"PCBP2>SELENOW,+",1
"CCT2>SHC1,+",1
"CSDE1>ASAP1,+",1
"SMARCE1>DYNC1H1,+",1
"RPL34>SNHG7,+",1
"NME4>TMEM230,+",1
"SLC30A7>PLEKHG1,+",1
"DPYSL3>CYC1,+",1
"SPAG9>ABI2,+",1
"GFOD1>SRRM2,+",1
"CD93>CDH5,+",1
"ABI2>PITPNB,+",1
"PEPD>TM4SF1,+",1
"BPTF>DAD1,+",1
"HPCAL1>DAD1,+",1
"ERBIN>EIF4E,+",1
"CBX6>EIF4E,+",1
"DPYSL3>EIF4E,+",1
"ZNF428>VASP,+",1
"ABI2>DYNC1H1,+",1
"PLEKHG1>DYNC1H1,+",1
"MIR99AHG>A2M,-",1
"SPAG9>TAPBP,+",1
"SEC61G>DPYSL3,+",1
"SLC30A7>SPAG9,+",1
"USF2>SPAG9,+",1
"HPCAL1>SPAG9,-",1
"USF2>HOOK3,+",1
"UBE2Q1>HOOK3,+",1
"SMIM37>HOOK3,+",1
"DAD1>CD79B,+",1
"PNISR>CD79B,+",1
"HPCAL1>PEPD,+",1
"HPCAL1>NCK1,+",1
"GFOD1>FYN,+",1
"DPYSL3>FYN,+",1
"ZNF428>FYN,-",1
"CBX6>RAB5C,+",1
"CREBRF>RAB5C,+",1
"MIR99AHG>RAB5C,-",1
"BPTF>CD93,+",1
"A2M>CD93,+",1
"SLC30A7>ERBIN,+",1
"CYC1>NCK1,+",1
"RAB5C>NCK1,+",1
"CBX6>BPTF,-",1
"GFOD1>CREBRF,+",1
"SPAG9>CREBRF,+",1
"CDH5>PNISR,+",1
"SEC61G>PNISR,+",1
"USF2>PNISR,+",1
"MIR99AHG>PNISR,+",1
"CD93>PNISR,+",1
"CREBRF>PNISR,+",1
"DPYSL3>LRRC32,+",1
"NOSIP>LRRC32,+",1
"PITPNB>PLEKHG1,+",1
"CBX6>GFOD1,+",1
"NFAT5>CAVIN1,+",1
"GFOD1>KPNB1,+",1
"PRDM2>HNRNPC,+",1
"VPS26A>PRDM2,+",1
"NRIP1>PRDM2,+",1
"MAGT1>PRDM2,+",1
"CFLAR>PRDM2,+",1
"MAP3K11>HIP1,-",1
"HNRNPC>HIP1,+",1
"HNRNPC>BTG2,+",1
"WSB1>BTG2,+",1
"VPS26A>SMC4,+",1
"CRBN>SMC4,+",1
"VPS26A>JUND,-",1
"TTC17>NCKAP1,+",1
"REV3L>USP14,+",1
"PTBP3>USP14,+",1
"ZBTB7A>USP14,+",1
"CFLAR>USP14,+",1
"TTC17>VPS26A,+",1
"CRBN>CCDC88A,+",1
"PRDM2>REV3L,+",1
"CFLAR>XAF1,+",1
"ZFHX3>CCL4,+",1
"C19orf53>CCL4,+",1
"C19orf53>HNRNPC,+",1
"SOS1>RPS6KA2,+",1
"MAGT1>RPS6KA2,+",1
"WSB1>KLHL5,+",1
"CREBRF>RSF1,+",1
"DYNC1H1>RSF1,+",1
"RAB5C>EMP2,+",1
"SLC30A7>EMP2,+",1
"SEC61G>SMIM37,+",1
"BPTF>SMIM37,+",1
"DAD1>EGLN1,+",1
"DPYSL3>NDUFAF3,+",1
"SPAG9>NDUFAF3,+",1
"SEC61G>CBX6,+",1
"CFLAR>KLHL5,+",1
"MYCT1>TTC17,+",1
"CFLAR>MAP3K11,+",1
"FNBP1L>MAGT1,-",1
"ACTR2>MAGT1,+",1
"NFAT5>LRRFIP1,+",1
"USP14>TMEM179B,-",1
"CCDC88A>PTBP3,-",1
"MYCT1>PTBP3,+",1
"PRDM2>PTBP3,+",1
"PTEN>PTBP3,+",1
"USP14>PTBP3,+",1
"CD40>PTEN,+",1
"PHC2>SLC25A36,+",1
"ESAM>CDC37,+",1
"CBX6>CDC37,+",1
"ERC1>ARID1A,+",1
"YWHAB>ARID1A,+",1
"CAPN2>PNP,-",1
"SUCLG1>PNP,-",1
"RAB4A>SMG1,+",1
"SLK>PPP1CB,+",1
"ARPC5>C11orf58,+",1
"SUCLG1>C11orf58,+",1
"RANBP1>C11orf58,+",1
"BRWD1>BAZ1B,+",1
"CAP1>TMED2,+",1
"BRWD1>TMED2,+",1
"SNRNP200>TACC1,+",1
"RAB4A>MXRA7,+",1
"FRMD4B>NDUFC2,+",1
"GPBP1L1>PTEN,+",1
"CBX6>TAX1BP1,+",1
"ESAM>CBX6,-",1
"UBR5>CBX6,+",1
"CAPZA1>MAGI1,+",1
"CD40>MAGI1,+",1
"NOSIP>MAGI1,+",1
"CTNNA1>SBNO2,-",1
"TMED2>SLK,+",1
"ERC1>SLK,+",1
"CAP1>SLK,+",1
"MAF1>CHSY1,-",1
"YWHAB>SPCS2,+",1
"SNRNP200>CTTN,+",1
"RILPL2>CTTN,-",1
"BRWD1>ROCK2,+",1
"VASP>CAPN2,+",1
"HOXD9>GNAS,+",1
"SPCS2>HOXD9,+",1
"ERC1>HOXD9,+",1
"SPCS2>CLTA,+",1
"SPCS2>YWHAB,+",1
"ERC1>CHSY1,-",1
"SNRNP200>SLK,-",1
"SPCS2>BTG2,+",1
"BRWD1>SNRNP200,+",1
"YWHAB>SNRNP200,+",1
"SLK>SNRNP200,-",1
"GPBP1L1>SUCLG1,-",1
"C11orf58>SUCLG1,+",1
"SNRNP200>SUCLG1,+",1
"YWHAB>SUCLG1,+",1
"ERC1>RAB4A,+",1
"BTG2>SLK,+",1
"EPHA4>SBNO2,-",1
"CEP57>NDUFC2,+",1
"NOSIP>NDUFC2,+",1
"EPHA4>ESAM,+",1
"PPIC>PPP1R13B,+",1
"ESAM>RPS6KA2,+",1
"HYAL2>RPS6KA2,+",1
"EPHA4>SNX3,+",1
"NDUFC2>SNX3,+",1
"ESAM>UBR5,-",1
"EPHA4>GLUD1,+",1
"PHC2>CAPZA1,+",1
"CEP57>PPIC,+",1
"NDUFC2>PPIC,+",1
"CAPZA1>MCAM,+",1
"PPP1R13B>DPYSL3,+",1
"NDUFC2>MCAM,+",1
"CBX6>STAG2,-",1
"SAP30BP>MAP3K2,+",1
"NDUFC2>MAP3K2,+",1
"CEP57>DYNC1H1,+",1
"MAP3K2>PRPF38B,+",1
"CBX6>PRPF38B,+",1
"ESAM>PSMC5,+",1
"CBX6>PSMC5,+",1
"CMTM6>NOSIP,+",1
"ATOX1>HYAL2,+",1
"CBX6>DPYSL3,+",1
"CD40>UTRN,+",1
"CEP57>MYH9,+",1
"SLC25A36>UTRN,+",1
"DYNC1H1>UTRN,+",1
"MRPL40>RAPGEF3,+",1
"SAP30BP>RAPGEF3,+",1
"NDUFC2>RAPGEF3,+",1
"CEP57>RAPGEF3,+",1
"LRP10>RAPGEF3,+",1
"CD40>BAZ1B,+",1
"STAG2>APLP2,+",1
"LRP10>MYH9,+",1
"STAG2>CTNNA1,+",1
"GLUD1>EPHA4,+",1
"CEP57>CTNNA1,+",1
"PHC2>SAP30BP,+",1
"MAP3K2>SAP30BP,+",1
"LRP10>PHC2,+",1
"EPHA4>PHC2,+",1
"PPIC>UBE2H,+",1
"CMTM6>UBE2H,+",1
"CBX6>PSENEN,+",1
"CD40>ATOX1,+",1
"LRP10>PTPN14,+",1
"PTBP3>CAVIN1,+",1
"C19orf53>PURA,+",1
"RPL29>TMEM230,+",1
"CSTB>KIAA1551,+",1
"APOL3>CFAP36,+",1
"CSDE1>PAFAH1B1,+",1
"PNPLA8>SPAG9,+",1
"PPP1R15A>SPAG9,+",1
"SHISA5>IRF2BP2,-",1
"CDH5>IRF2BP2,+",1
"CSDE1>CPNE3,+",1
"EIF4B>CPNE3,+",1
"ZNF106>ZMYM4,+",1
"CSTB>ZMYM4,+",1
"NFAT5>PSMB3,+",1
"CSDE1>PSMB3,+",1
"MFNG>SPTLC2,+",1
"CDH5>SPTLC2,+",1
"SMG1>SPTLC2,+",1
"CLU>SPTLC2,+",1
"CLU>MAF1,+",1
"NDUFA3>MAF1,+",1
"TAPBP>MAF1,+",1
"CSDE1>CAST,+",1
"NFAT5>TRIM13,+",1
"PAFAH1B1>TRIM13,-",1
"NDUFA3>KIAA1551,+",1
"NDUFA3>CFAP36,+",1
"CCDC50>CFAP36,-",1
"NFAT5>CFAP36,-",1
"PAFAH1B1>CSTB,+",1
"SMG1>PSMC5,-",1
"PNPLA8>PSMC5,+",1
"NDUFA3>PSMC5,+",1
"CCDC50>PSMC5,+",1
"CSTB>PSMC5,+",1
"CLU>PSMC5,+",1
"CDH5>PPP1R15A,+",1
"CSTB>PPP1R15A,+",1
"APOL3>CSTB,+",1
"ZMYM4>CSTB,+",1
"CLU>CSTB,+",1
"ZNF106>PPP1R13B,+",1
"PSMC5>CSTB,+",1
"ZMYM4>MED13,+",1
"AHCTF1>MED13,+",1
"AHCTF1>NDUFA3,-",1
"DNAJC7>NDUFA3,+",1
"SLC3A2>NFAT5,-",1
"NDUFA3>APOL3,+",1
"PSMC5>CLU,+",1
"PPP1R15A>CLU,+",1
"SPTLC2>CLU,+",1
"PPP1R15A>KIAA1551,+",1
"EIF4B>SLC3A2,+",1
"C19orf53>PABPC1,-",1
"ZNF106>CDH5,+",1
"UBE2E3>HDGF,+",1
"CLU>HPCAL1,+",1
"SLK>HPCAL1,+",1
"APOL3>UBE2E3,+",1
"PAFAH1B1>TAPBP,+",1
"CSDE1>TAPBP,+",1
"CSTB>TAPBP,+",1
"SPAG9>GABPA,+",1
"AHCTF1>GABPA,+",1
"PSMC5>GABPA,+",1
"GABPA>PTEN,+",1
"PSMC5>PTEN,+",1
"RPL37>RPS8,+",1
"HSP90AB1>DR1,+",1
"EFCAB14>DR1,+",1
"RPL18A>RPL29,+",1
"RPL37>RPL34,+",1
"RPL13>RPL8,+",1
"FBXW5>SNRNP70,+",1
"DR1>SNRNP70,+",1
"PDCD6IP>SMC4,+",1
"ITFG1>TMEM230,+",1
"DNAJB6>TMEM230,+",1
"PTEN>PNPLA8,-",1
"PAFAH1B1>PNPLA8,-",1
"PSMC5>PNPLA8,+",1
"PAFAH1B1>EIF4B,+",1
"EIF4B>PKM,+",1
"HPCAL1>CCDC50,+",1
"AHCTF1>CCDC50,+",1
"ZNF106>CCDC50,+",1
"PPP1R13B>ZNF106,+",1
"PSMC5>CSDE1,+",1
"ASAP1>CSDE1,+",1
"CCDC50>AHCTF1,+",1
"PNPLA8>AHCTF1,+",1
"NDUFA3>CLTA,+",1
"SHISA5>DNAJC7,+",1
"CCDC50>PNPLA8,-",1
"NFAT5>DNAJC7,+",1
"ZMYM4>SSR4,+",1
"GABPA>SSR4,-",1
"CCDC50>SSR4,-",1
"SMG1>SSR4,-",1
"NDUFA3>SHISA5,+",1
"TRIM56>SHISA5,+",1
"NFAT5>ITSN2,+",1
"NDUFA3>ITSN2,+",1
"NDUFA3>PNPLA8,+",1
"CDH5>PSMC5,+",1
"GABPA>DYNC1H1,+",1
"PAFAH1B1>DYNC1H1,+",1
"DNAJC7>FCHO2,+",1
"WSB1>PTEN,+",1
"MAP3K11>PTEN,+",1
"AAMP>CSRNP1,+",1
"GLUD1>CSRNP1,-",1
"NCK1>CSRNP1,-",1
"EIF4B>RPL15,+",1
"SERPINB6>VEGFB,+",1
"NFAT5>SPCS2,+",1
"FCHO2>PLEKHA1,+",1
"FCHO2>NOSIP,+",1
"DYNC1I2>RPS6KA2,+",1
"SERPINB6>RPS6KA2,+",1
"RPL15>NPM1,+",1
"DYNC1I2>HPCAL1,-",1
"MAPK1>HPCAL1,-",1
"OSBPL9>HPCAL1,-",1
"REV3L>HPCAL1,+",1
"SERPINB6>CREBRF,+",1
"NFAT5>CREBRF,+",1
"DYNC1I2>MRPS26,+",1
"AAMP>MRPS26,+",1
"RPS6KA2>MRPS26,+",1
"CBX6>EMD,+",1
"CPNE3>TAPBP,+",1
"PRDM2>USP1,+",1
"CRBN>PPP4R3A,+",1
"PTBP3>CAVIN2,+",1
"LRRFIP1>CRBN,+",1
"CPNE3>UBC,+",1
"MAGT1>MYCT1,+",1
"NRIP1>MYCT1,+",1
"TTC17>MYCT1,+",1
"PTBP3>ACTR2,-",1
"REV3L>ACTR2,+",1
"HNRNPC>ACTR2,+",1
"CAVIN2>WSB1,+",1
"PRDM2>WSB1,+",1
"HNRNPC>CAVIN2,+",1
"CPNE3>MBNL2,+",1
"MAGT1>KPNB1,+",1
"CRBN>KPNB1,+",1
"PRDM2>KPNB1,+",1
"RPS6KA2>CPNE3,+",1
"CFLAR>CPNE3,+",1
"PNN>ZBTB7A,+",1
"PRDM2>NRIP1,+",1
"MAGT1>FNBP1L,-",1
"NFAT5>PPP1CB,+",1
"PRDM2>PPP1CB,+",1
"PLEKHA1>EMD,+",1
"SMIM37>GLUD1,+",1
"PPP1CA>GLUD1,+",1
"OSBPL9>EIF4B,+",1
"DYNC1I2>SERPINB6,-",1
"CCPG1>DYNC1I2,+",1
"MAPK1>DYNC1I2,-",1
"SPCS2>MAPK1,+",1
"FCHO2>MAPK1,+",1
"SNX3>REV3L,+",1
"EIF4B>REV3L,+",1
"SPCS2>HTRA2,+",1
"CBX6>EIF4B,+",1
"SPCS2>EIF4B,+",1
"DYNC1I2>EIF4B,+",1
"SUZ12>CCPG1,+",1
"CPNE3>COX7A2L,-",1
"PLEKHA1>EGLN1,+",1
"FCHO2>EGLN1,+",1
"AAMP>PSMC5,+",1
"PPP1CA>PSMC5,+",1
"SNX3>TAPBP,+",1
"SPCS2>HIP1,+",1
"SUZ12>BPTF,+",1
"CBX6>NFAT5,+",1
"DYNC1I2>NFAT5,+",1
"SPCS2>CCPG1,+",1
"OSBPL9>SOX7,-",1
"RPS6KA2>PPP1CA,+",1
"HTRA2>CLTA,+",1
"NCK1>SPAG9,+",1
"SPCS2>SPAG9,+",1
"NFAT5>SPAG9,+",1
"SPCS2>ATG3,+",1
"FCHO2>ATG3,+",1
"DYNC1I2>ATG3,+",1
"DYNC1I2>SUZ12,+",1
"SERPINB6>SUZ12,+",1
"GLUD1>SMIM37,+",1
"SUZ12>CPNE3,+",1
"RPL15>CLTA,+",1
"CPNE3>SOX7,+",1
"RPS6KA2>ZBTB7A,+",1
"DPYSL3>ZBTB7A,+",1
"VEGFB>ZBTB7A,+",1
"HTRA2>RALA,+",1
"VEGFB>RALA,+",1
"NCK1>RALA,+",1
"AAMP>FBN1,+",1
"PPP1CA>FBN1,+",1
"SPCS2>FBN1,+",1
"CPNE3>FBN1,+",1
"FAM89B>DDX60,-",1
"MZT2A>MEF2A,-",1
"SPAG9>DDX60,+",1
"DYNC1I2>PTBP3,+",1
"RALA>ABI2,+",1
"ATF4>CDC37,+",1
"PPP4R2>GPATCH2L,-",1
"CYB5B>GPATCH2L,-",1
"ACTR10>GPATCH2L,-",1
"PTEN>CDH5,+",1
"PTMA>CBX3,+",1
"HSP90AB1>CBX3,+",1
"PPP4R3A>HIP1,+",1
"PLRG1>SMG1,-",1
"DYNC1I2>SMG1,+",1
"SERINC3>ACTR10,+",1
"CPNE3>NFAT5,+",1
"SMG1>CRBN,+",1
"SEM1>CRBN,+",1
"PLRG1>CRBN,+",1
"MRPS18B>CRBN,+",1
"REV3L>RHOA,+",1
"GHITM>HPCAL1,+",1
"ABI2>PTEN,+",1
"HMGB1>SET,+",1
"SEMA4C>SET,-",1
"TIMP3>C1orf115,+",1
"PLRG1>ABI2,-",1
"CDH5>PICALM,+",1
"CCDC50>REV3L,+",1
"REV3L>KPNB1,+",1
"HSP90AB1>SLK,+",1
"PPP4R3A>PURA,+",1
"GHITM>PURA,+",1
"MRPS18B>PURA,+",1
"CDH5>PURA,+",1
"RTN3>EGLN1,-",1
"CYB5B>PPP4R2,-",1
"REV3L>PPP4R3A,-",1
"PPP4R3A>KPNB1,+",1
"CCDC50>KPNB1,+",1
"GHITM>KPNB1,+",1
"PPP4R3A>REV3L,-",1
"PPP4R3A>ATF4,+",1
"SEM1>ATF4,+",1
"CBX3>ATF4,+",1
"PPP4R3A>ZFP36L1,-",1
"CDC37>ZFP36L1,-",1
"REV3L>ZFP36L1,-",1
"CCDC50>ZFP36L1,+",1
"ABI2>RALA,+",1
"CPNE3>SPOP,+",1
"PTBP3>SPOP,-",1
"CALM1>HMGB1,+",1
"MT-ND4>MT-ND3,+",1
"HMGB1>MTRNR2L12,+",1
"MT-ND3>MT-ND4,+",1
"TXNDC12>SHISA5,+",1
"HSP90AB1>SHISA5,+",1
"EGLN1>SHISA5,+",1
"SHISA5>ITGB1,+",1
"HNRNPD>ITGB1,+",1
"SEMA4C>NOSIP,+",1
"PBX2>NOSIP,+",1
"MAP3K2>HNRNPD,-",1
"HMGB1>HNRNPD,+",1
"PBX2>HNRNPD,+",1
"CLTC>ZMYM4,+",1
"CLTA>TXNDC12,+",1
"SELENOS>ZMYM4,+",1
"TIMP3>ZMYM4,+",1
"ZMYM4>PBX2,+",1
"NONO>PBX2,+",1
"SAP30BP>ABI2,+",1
"MXRA7>KANSL1,-",1
"HIPK2>KANSL1,+",1
"SHISA5>KANSL1,+",1
"TXNDC12>KANSL1,+",1
"CLTA>TMEM106B,+",1
"MORF4L1>CLTA,+",1
"NONO>MYADM,+",1
"MYADM>MTRNR2L12,-",1
"FRMD4B>CLTC,+",1
"TIMP3>FRMD4B,+",1
"MYADM>MXRA7,+",1
"TIMP3>PPP1R13B,+",1
"HMGB1>PPP1R13B,+",1
"MT-ND3>RPL13A,+",1
"HSP90AB1>RPL13A,+",1
"HMGB1>DUT,+",1
"SHISA5>DUT,-",1
"MT-ND4>MT-CO2,+",1
"TXNDC12>SPART,+",1
"TIMP3>SELENOS,-",1
"MT-ND3>MAP3K2,+",1
"HMGB1>SELENOS,+",1
"CALM1>SELENOS,+",1
"NONO>SAP30BP,+",1
"MORF4L1>SEMA4C,+",1
"SHISA5>PPP1CB,+",1
"NOSIP>PPP1CB,+",1
"CLTC>TACC1,+",1
"MT-ND4>MAP4,+",1
"SHISA5>MAP4,+",1
"MYADM>MAP4,+",1
"PPP4R3A>SLK,+",1
"CDC37>TACC1,+",1
"MEF2A>DDX60,-",1
"PPP4R3A>RBPMS,-",1
"SREK1>EIF5A,+",1
"ZMYM4>EIF5A,-",1
"SRM>EIF5A,+",1
"CD40>DPM3,+",1
"SPTAN1>PDLIM5,+",1
"ADCY4>SDHA,-",1
"LARP1>SDHA,+",1
"SRM>SDHA,-",1
"TXNDC12>SDHA,-",1
"SPTAN1>SDHA,-",1
"SREK1>CUTA,-",1
"SHISA5>CUTA,+",1
"DPM3>CUTA,+",1
"ZFAND6>MRPS7,+",1
"CUTA>AKAP9,-",1
"SHISA5>PHKB,-",1
"LARP1>PHKB,+",1
"TXNDC12>FRMD4B,+",1
"PHKB>BHLHE40,+",1
"TXNDC12>BHLHE40,-",1
"IFI16>BHLHE40,+",1
"ZMYM4>OSMR,+",1
"SRM>OSMR,-",1
"SHISA5>CD40,+",1
"SPTAN1>CD40,-",1
"IFI16>NEDD9,+",1
"SREK1>SRM,-",1
"PRKAA1>UBE2B,+",1
"SENP7>UBE2B,+",1
"CALM1>UBE2B,+",1
"TSPAN14>NFAT5,+",1
"TSPAN14>PTEN,+",1
"CBX6>SUPT16H,-",1
"SPTAN1>SUPT16H,+",1
"CD40>SUPT16H,+",1
"DUSP11>IER2,+",1
"ABI2>IER2,-",1
"ADCY4>DUSP11,-",1
"ZFAND6>NEDD9,+",1
"CBX6>DUSP11,+",1
"LARP1>DUSP11,+",1
"SRM>DUSP11,-",1
"TXNDC12>IFI16,+",1
"BHLHE40>IFI16,+",1
"SPTAN1>KHSRP,-",1
"SREK1>KHSRP,+",1
"SUPT16H>ADCY4,+",1
"TXNDC12>ADCY4,+",1
"MLLT6>NEDD9,+",1
"IFI16>OSMR,+",1
"PHKB>SHISA5,-",1
"LARP1>SHISA5,+",1
"PHKB>ZFAND6,+",1
"C19orf66>LYRM1,+",1
"TXNDC12>LYRM1,+",1
"LARP1>LYRM1,-",1
"PKP4>SMC4,+",1
"PABPN1>SOCS3,-",1
"DPM3>PABPN1,+",1
"IFI16>DYNC1H1,+",1
"PDLIM5>DYNC1H1,+",1
"ZMYM4>ITGA1,+",1
"CD40>CBX6,+",1
"EGLN1>ZFAND6,+",1
"PPP4R3A>NUCB2,+",1
"DYNC1I2>CLIC4,+",1
"SEM1>SNX3,+",1
"CDH5>SNX3,+",1
"ABI2>PLRG1,-",1
"ATF4>RAP1B,+",1
"HSP90AB1>CCDC50,+",1
"PLRG1>RTN3,+",1
"REV3L>MYH9,+",1
"ATF4>MYH9,-",1
"CPNE3>SEM1,-",1
"OSMR>EGLN1,-",1
"SPTAN1>PPP4R3A,+",1
"DUSP11>IMP3,+",1
"CBX6>C11orf96,-",1
"SRM>IMP3,+",1
"TXNDC12>IMP3,-",1
"MLLT6>IMP3,-",1
"XAF1>IMP3,-",1
"SPTAN1>IGFBP2,-",1
"ABI2>XAF1,+",1
"PHKB>PKP4,+",1
"PHKB>UPF2,-",1
"LARP1>UPF2,+",1
"MLLT6>UPF2,-",1
"REST>C11orf96,-",1
"SDHA>TXNDC12,-",1
"DUSP11>C11orf96,+",1
"ABI2>C11orf96,-",1
"LARP1>ZMYM4,+",1
"RCAN1>ZMYM4,+",1
"ZFAND6>ZMYM4,+",1
"ZMYM4>RCAN1,+",1
"DUSP11>LARP1,+",1
"ZMYM4>LARP1,+",1
"SRM>REST,-",1
"PKP4>COX8A,+",1
"TXNDC12>TMEM106B,+",1
"MT-ND3>TMEM106B,+",1
"CLTC>DYNC1H1,+",1
"DUT>DYNC1H1,+",1
"FGD6>TAP1,-",1
"PEPD>TAP1,+",1
"BRWD1>PHKB,+",1
"CFDP1>PHKB,+",1
"TRIO>PHKB,-",1
"IPO7>PHKB,+",1
"ADSS>PHKB,+",1
"SERTAD3>DR1,+",1
"TMEM109>DR1,+",1
"EDF1>BRWD1,-",1
"EIF4B>BRWD1,+",1
"GLUD1>ADSS,-",1
"EIF4B>ADSS,+",1
"DR1>TRIO,-",1
"MEF2A>TRIO,-",1
"NDUFAF3>MAP4,+",1
"EDF1>MAP4,+",1
"RPL23A>MEF2A,+",1
"IPO7>MEF2A,+",1
"CBX6>KANSL1,-",1
"CBX6>EAPP,+",1
"TRIO>EAPP,+",1
"ABI2>EAPP,+",1
"CFDP1>CAVIN2,+",1
"CBX6>CAVIN2,+",1
"NDUFAF3>CAVIN2,+",1
"ABI2>KIAA1551,+",1
"TRIO>SAR1A,-",1
"PRDM2>HOXB2,+",1
"RPL23A>HOXB2,+",1
"FGD6>HOXB2,+",1
"NDUFAF3>LMBR1L,-",1
"GLUD1>LMBR1L,+",1
"BRWD1>LMBR1L,+",1
"TAP1>LMBR1L,+",1
"CBX6>LMBR1L,-",1
"NDUFAF3>GLUD1,+",1
"TMEM109>NDUFAF3,+",1
"TMEM109>TCERG1,+",1
"BRWD1>EIF4B,+",1
"ADSS>EIF4B,+",1
"FGD6>PKP4,+",1
"TMEM109>PKP4,+",1
"KANSL1>PKP4,+",1
"CAVIN2>EDF1,+",1
"RPL23A>RPL35A,+",1
"RPLP2>RPL35A,+",1
"RPL23A>RPS6,+",1
"PRDM2>TCERG1,+",1
"PEPD>IPO7,+",1
"DYNC1H1>MAGI1,+",1
"KDELR1>DPYSL3,+",1
"TIMP3>NES,+",1
"ASAP2>KLHL5,+",1
"SNX3>KLHL5,+",1
"TIMP3>CDH5,+",1
"TIMP3>FAM208B,+",1
"INSR>FAM208B,+",1
"TIMP3>MBNL2,+",1
"PHACTR4>NEU1,+",1
"CBX6>TIMP3,+",1
"MORF4L1>HSD17B12,+",1
"SMG1>NES,+",1
"INSR>SLC3A2,+",1
"INSR>PPP4R2,+",1
"SMG1>ESAM,+",1
"PITPNC1>ESAM,+",1
"MXRA7>ESAM,+",1
"CBX6>ZFAND6,+",1
"ASAP2>WSB1,+",1
"TIMP3>WSB1,+",1
"SMG1>WSB1,+",1
"ESAM>MXRA7,+",1
"NOTCH4>PITPNC1,+",1
"ZFAND6>PITPNC1,+",1
"MORF4L1>KLHL5,+",1
"SNX3>PPP4R2,+",1
"TRIO>NFAT5,+",1
"SNX3>RBMS1,+",1
"ABI2>NFAT5,+",1
"RPL23A>PDLIM1,+",1
"TMEM109>PDLIM1,+",1
"ABI2>PDLIM1,+",1
"IPO7>DYNC1H1,+",1
"KANSL1>DYNC1H1,+",1
"TMEM109>ABI2,+",1
"ADSS>ABI2,+",1
"MOB4>PTEN,+",1
"NOTCH4>RBMS1,+",1
"TMEM88>RBMS1,+",1
"PHACTR4>MORF4L1,+",1
"SMG1>ERAP2,+",1
"ARF1>PPP1CC,+",1
"NEU1>PPP1CC,-",1
"CBX3>TMEM88,+",1
"NOTCH4>TMEM88,+",1
"MORF4L1>TMEM88,+",1
"SMG1>TMEM88,+",1
"ASAP2>NOTCH4,+",1
"PITPNC1>NOTCH4,+",1
"PHACTR4>NOTCH4,+",1
"PEPD>SAR1A,-",1
"EDF1>SAR1A,+",1
"KANSL1>KDELR1,+",1
"USP14>POLR2C,+",1
"MOB4>YBX3,+",1
"ZC3H13>YBX3,+",1
"ZC3H13>FZD4,+",1
"GPATCH2L>FZD4,-",1
"SLC3A2>RND3,+",1
"CD93>RND3,+",1
"ANXA5>CPNE3,+",1
"NFAT5>CPNE3,+",1
"HPCAL1>CPNE3,+",1
"SLC3A2>POLR2C,+",1
"ANXA5>POLR2C,+",1
"HPCAL1>ANXA5,+",1
"USP14>SLC3A2,-",1
"SMIM37>SLC3A2,+",1
"ZFAND5>SLC3A2,-",1
"CLU>CCDC68,+",1
"MOB4>FOXO1,+",1
"HPCAL1>FOXO1,+",1
"CD93>NFAT5,+",1
"SPAG9>TACC1,+",1
"GID8>WWC2,+",1
"CD93>WWC2,+",1
"NFAT5>YBX3,+",1
"USP14>ANXA5,+",1
"ZFAND5>BCAP29,+",1
"ZFAND5>RAD21,-",1
"TIMP3>DYNC1H1,+",1
"SEMA4C>DYNC1H1,+",1
"FRMD4B>NONO,+",1
"TIMP3>PTEN,+",1
"MOB4>CAPN2,+",1
"CCDC68>SELENOK,-",1
"ZFAND5>PPP1CB,-",1
"TMEM50B>MOB4,+",1
"NFAT5>MOB4,+",1
"ARGLU1>MOB4,+",1
"TACC1>RAD21,+",1
"ZFP91>ANXA5,+",1
"SPAG9>RAD21,+",1
"POLR2C>MIA3,-",1
"ACTR10>MIA3,+",1
"ZFAND5>MIA3,-",1
"NFAT5>MIA3,+",1
"GPATCH2L>HMGN3,+",1
"CD93>AHNAK,+",1
"SLC3A2>TMEM50B,+",1
"CD93>TMEM50B,+",1
"MOB4>TMEM50B,+",1
"DYNLL2>WWC2,+",1
"CD93>USP14,+",1
"MEF2A>KDELR1,+",1
"RPL23A>HLA-DMA,+",1
"RPL35A>RPLP2,+",1
"GLUD1>PEPD,+",1
"BRWD1>PEPD,-",1
"CBX6>PEPD,+",1
"SAR1A>PEPD,-",1
"PEPD>C1orf54,+",1
"ADSS>HLA-DMA,+",1
"BRWD1>HLA-DMA,-",1
"SAR1A>HLA-DMA,+",1
"LMBR1L>HLA-DMA,-",1
"RPL23A>CFDP1,+",1
"KDELR1>C9orf78,+",1
"GLUD1>RARRES3,+",1
"HOXB2>PRDM2,+",1
"ADSS>PRDM2,+",1
"CBX6>PRDM2,+",1
"LMBR1L>PRDM2,+",1
"FGD6>CBX6,-",1
"DR1>CBX6,+",1
"PEPD>CBX6,+",1
"CBX6>KDELR1,+",1
"FGD6>KDELR1,+",1
"RPL23A>RPLP2,+",1
"NDUFAF3>C9orf78,+",1
"DYNLL2>GPATCH2L,-",1
"HMGN3>SERTAD2,+",1
"CD93>ITSN2,+",1
"CPNE3>ARGLU1,+",1
"CPNE3>ACTR10,+",1
"FZD6>ZFAND5,+",1
"GPATCH2L>ZFAND5,+",1
"NFAT5>CD93,+",1
"DYNLL2>SPAG9,+",1
"TACC1>SPAG9,+",1
"CLTA>SERTAD2,+",1
"ANXA5>SERTAD2,+",1
"ZC3H13>SERTAD2,+",1
"HPCAL1>PTEN,+",1
"SPAG9>CLU,+",1
"DYNLL2>CLU,+",1
"FZD6>LRRFIP2,+",1
"FZD4>FZD6,-",1
"ZFP91>ZFP36L1,-",1
"ARGLU1>ZFP36L1,+",1
"ANXA5>ABI2,+",1
"TACC1>ADCY4,+",1
"GID8>PPP1R3B,-",1
"CD93>PPP1R3B,+",1
"NOB1>UBE2B,+",1
"OGA>UBE2B,+",1
"FMR1>TAPBP,+",1
"MAF1>C19orf24,+",1
"EGLN1>EP400,+",1
"HPCAL1>EP400,+",1
"MXRA7>EP400,+",1
"TRIM56>C19orf24,+",1
"HPCAL1>ZFAND6,+",1
"UPF2>PUM3,+",1
"PLP2>CREBRF,+",1
"CUTA>CREBRF,+",1
"UPF2>CREBRF,-",1
"ILF3>CREBRF,+",1
"TMEM50B>DST,+",1
"CUTA>CLTC,-",1
"CBX6>CLTC,+",1
"HSP90AB1>EIF4B,+",1
"MRPS18B>FEZ2,+",1
"CUTA>EGLN1,-",1
"ILF3>SRRM2,+",1
"UPF2>SRRM2,+",1
"MRPS18B>SRRM2,+",1
"SMIM30>PLP2,-",1
"MORF4L1>PLP2,-",1
"MRPS18B>PLP2,+",1
"FEZ2>CBX6,+",1
"CREBRF>SMIM30,+",1
"TXNDC12>CUTA,+",1
"TRIM56>CUTA,+",1
"TXNDC12>MORF4L1,+",1
"MXRA7>GLUD1,+",1
"RAN>GLUD1,+",1
"HNRNPD>GLUD1,+",1
"URI1>HNRNPUL1,+",1
"RPL27>SELENOW,+",1
"SCP2>DPYSL3,+",1
"UBE2E3>DPYSL3,+",1
"MXRA7>SERPINB6,+",1
"COPS9>SERPINB6,+",1
"TLN1>SERPINB6,+",1
"C19orf24>COPS9,+",1
"ZNF428>EIF1AX,+",1
"PLP2>COPS9,+",1
"SMIM30>ZNF326,+",1
"CUTA>ILF3,+",1
"ZNF428>EIF4G2,+",1
"EGLN1>UPF2,+",1
"ZNF326>AHNAK,+",1
"TXNDC12>AHNAK,+",1
"TRIM56>HSP90AB1,+",1
"ZNF428>HSP90AB1,+",1
"COPS9>HSP90AB1,+",1
"CUTA>CBX6,+",1
"ZNF428>TXNDC12,+",1
"COPS9>TXNDC12,+",1
"DAP>DICER1,+",1
"DNAJB11>MRPL33,+",1
"C19orf24>MRPL33,+",1
"MAF1>MRPL33,+",1
"MRPL33>WSB1,+",1
"SELENOW>WSB1,+",1
"PPA1>WSB1,+",1
"PIK3C2B>WSB1,+",1
"ORAI1>WSB1,+",1
"TCERG1>DICER1,-",1
"PTEN>DICER1,-",1
"PGRMC2>DICER1,+",1
"C19orf24>USP15,-",1
"ANXA5>DICER1,+",1
"MAF1>FAM107A,+",1
"SLC9A3R2>FAM107A,+",1
"PGRMC2>FAM107A,+",1
"PEPD>POLR2E,+",1
"NR4A1>EGR1,+",1
"SELENOW>EGR1,+",1
"KLF2>JUN,+",1
"SLC9A3R2>PLPP1,+",1
"TCERG1>DNAJB11,+",1
"UBE2H>USP15,+",1
"PPA1>USP15,-",1
"AHNAK>HECTD1,+",1
"FN1>UBE2H,+",1
"ILF3>MRPS18B,-",1
"MORF4L1>HMGN1,+",1
"EIF4G2>PDCD4,+",1
"MXRA7>ERG,+",1
"SMIM30>POLR2C,+",1
"ZNF428>POLR2C,+",1
"TXNDC12>POLR2C,+",1
"MXRA7>POLR2C,+",1
"PUM3>DPYSL3,+",1
"MXRA7>DPYSL3,+",1
"PPA1>RBM3,+",1
"SLC39A7>DAP,+",1
"C19orf24>RBM3,+",1
"FRMD4B>NR4A1,+",1
"KLF2>NR4A1,+",1
"PGRMC2>NR4A1,+",1
"PIK3C2B>LAP3,+",1
"SRP14>FN1,+",1
"PRKD3>PIK3C2B,+",1
"IL1R1>DAP,-",1
"RBM3>DAP,+",1
"PRKD3>DAP,+",1
"RILPL2>PRKAR2A,+",1
"DPYSL3>PRKAR2A,+",1
"MAGT1>PRKAR2A,+",1
"LIMS2>AK2,-",1
"PNN>HPCAL1,-",1
"JPX>HPCAL1,+",1
"MESD>GNL1,-",1
"ASAP1>EIF3H,+",1
"AAMP>ABI2,+",1
"LMBR1L>ABI2,+",1
"HPCAL1>ZFHX3,+",1
"GNL1>ZFHX3,+",1
"PIEZO1>TACC1,+",1
"PEPD>TACC1,+",1
"C14orf119>AK2,+",1
"ZFAND6>C14orf119,-",1
"GNL1>RUNX1T1,+",1
"EIF3H>PURA,+",1
"C14orf119>PURA,-",1
"DDX60>CNOT6L,+",1
"ASAP1>CNOT6L,-",1
"TAX1BP1>CNOT6L,+",1
"SNX3>PTEN,+",1
"RILPL2>SLC3A2,+",1
"HNRNPD>MT-ND4,+",1
"NOSIP>TMEM88,+",1
"TACC1>DCHS1,-",1
"DDX60>C14orf119,-",1
"SH3BGRL>ATP5F1C,+",1
"PPP4R2>RILPL2,+",1
"EIF3H>PIEZO1,+",1
"SNX3>NOL7,+",1
"TACC1>NOL7,+",1
"MESD>NOL7,+",1
"RILPL2>C11orf58,+",1
"HPCAL1>EIF4B,+",1
"DCHS1>CD40,+",1
"HPCAL1>CD40,+",1
"MESD>PEPD,+",1
"PGRMC2>PEPD,+",1
"PEPD>RILPL2,+",1
"PGRMC2>ARID5A,+",1
"AAMP>SOX18,+",1
"C14orf119>SOX18,-",1
"SNHG7>RAB18,+",1
"AAMP>RAB18,+",1
"PNN>LIMS2,-",1
"NOL7>LIMS2,+",1
"ERBIN>LIMS2,-",1
"TAX1BP1>LIMS2,+",1
"EIF3H>LIMS2,+",1
"HPCAL1>ARID5A,+",1
"C9orf78>RILPL2,-",1
"LMAN1>ATP5F1C,+",1
"MAGT1>CYB5B,+",1
"RILPL2>C9orf78,-",1
"TMEM88>LAMTOR2,+",1
"SCP2>JAM2,+",1
"RPS11>JAM2,+",1
"RILPL2>JAM2,+",1
"TMEM88>JAM2,+",1
"RPL27>RPL38,+",1
"URI1>MAGT1,+",1
"ESAM>URI1,+",1
"NRN1>RAN,+",1
"NRN1>C9orf78,+",1
"ARL4A>EGLN1,+",1
"DPYSL3>LAMTOR2,+",1
"LAMTOR2>SRRM2,+",1
"RILPL2>SRRM2,+",1
"RILPL2>MXRA7,+",1
"NRN1>FTH1,+",1
"RPL27>RPS11,+",1
"NDUFB1>ATP5PB,-",1
"URI1>ATP5PB,+",1
"RPS11>ATP5PB,+",1
"HNRNPD>CYB5B,+",1
"URI1>CYB5B,+",1
"HACD3>LAMTOR2,+",1
"MXRA7>NOSIP,+",1
"NOSIP>CLTA,+",1
"TMEM88>SH3BGRL,+",1
"NRN1>CLTA,+",1
"SLC3A2>CLTA,+",1
"RAN>LMAN1,+",1
"MT-ND4>ARL4A,+",1
"HNRNPD>ARL4A,+",1
"DPYSL3>MAP4K5,+",1
"RPL27>MAP4K5,+",1
"URI1>STOM,+",1
"ATP5F1C>SH3BGRL,+",1
"RAN>SH3BGRL,+",1
"SCP2>HACD3,+",1
"ESAM>TGFB1,+",1
"URI1>HACD3,+",1
"LAMTOR2>SERPINB6,+",1
"RPS11>CAT,+",1
"RPL27>NRN1,+",1
"CAT>NRN1,+",1
"GLUD1>UBE2E3,-",1
"HNRNPD>RPL27,+",1
"RPL27>COPS9,+",1
"RPS11>TGFB1,+",1
"MXRA7>TGFB1,+",1
"PRKD3>DNAJB11,+",1
"SLC39A7>C19orf24,+",1
"TSPAN14>TAPBP,+",1
"LAP3>C19orf24,+",1
"DYNC1H1>MXRA7,+",1
"ERBIN>MXRA7,+",1
"RPS29>MXRA7,+",1
"HNRNPD>ZFAND6,+",1
"HSPG2>NCKAP1,+",1
"HPCAL1>NCKAP1,+",1
"MXRA7>MCAM,+",1
"PER3>MCAM,+",1
"SETD5>CDH5,+",1
"HNRNPD>CSDE1,+",1
"CRBN>CSDE1,+",1
"ERBIN>GNAQ,+",1
"PRPF38B>MALAT1,+",1
"RPS29>MALAT1,+",1
"PSMC5>MALAT1,+",1
"PRPF38B>SNX3,+",1
"HSPG2>SPTBN1,+",1
"MXRA7>SPTBN1,+",1
"PRKAA1>SCP2,+",1
"CAVIN1>ETNK1,+",1
"RALA>PPP4R2,-",1
"TMEM165>PPP4R2,+",1
"PPP4R2>RHOA,+",1
"TMED2>SETD5,+",1
"SETD5>CREBBP,+",1
"SEPT10>CREBBP,+",1
"TMED2>IRF2BP2,+",1
"HSPG2>COL4A2,+",1
"TMED2>SUCLG1,+",1
"PRPF38B>SLC40A1,+",1
"HSPG2>SLC40A1,-",1
"SEPT10>SLC40A1,+",1
"SETD5>ZC3H13,+",1
"UBE2H>ZC3H13,+",1
"RPS29>ZC3H13,+",1
"MAGT1>ZC3H13,+",1
"PSMC5>IRF2BP2,+",1
"ZC3H13>TMEM230,+",1
"ERBIN>CREBBP,+",1
"SEPT10>HPCAL1,+",1
"PER3>HPCAL1,+",1
"HPCAL1>HMGB1,+",1
"PRPF38B>ERBIN,+",1
"HPCAL1>CRBN,+",1
"CREBBP>SPTAN1,+",1
"UBE2H>SPTAN1,+",1
"DYNC1H1>PRPF38B,+",1
"COL4A2>PRPF38B,+",1
"PSMC5>MORF4L1,+",1
"RBM7>CAVIN2,+",1
"PRKAA1>TSPAN4,+",1
"SLC3A2>TSPAN4,+",1
"CAVIN1>SORBS2,+",1
"RALA>PRKAA1,+",1
"VPS26A>FMR1,+",1
"TSPAN14>FMR1,+",1
"ARL2BP>FMR1,+",1
"RALA>PTMS,+",1
"FMR1>PTMS,+",1
"PRKAA1>TSPAN14,+",1
"SORBS2>TSPAN14,-",1
"ARL2BP>SPAG9,+",1
"PPP4R2>PRDM2,+",1
"DDX5>SORBS2,+",1
"VPS26A>PRKAA1,+",1
"EGLN1>DDX5,+",1
"TSPAN14>CCND3,+",1
"SENP7>RALA,+",1
"PTMS>RALA,+",1
"DDX5>EIF3D,+",1
"PTMS>EIF3D,+",1
"RALA>MAML2,+",1
"CALM1>PPP1CC,+",1
"PRKAA1>PPP1CC,+",1
"ARL2BP>PPP1CC,+",1
"RHOA>PRKAA1,-",1
"MT-ATP6>MT-ND2,+",1
"ARL2BP>TSPAN4,+",1
"TMEM165>NOB1,+",1
"ARL2BP>RBM7,+",1
"MT-ATP6>MT-ND4,+",1
"SLC3A2>SENP7,+",1
"FMR1>CALM1,+",1
"PTMS>ARPC5,+",1
"DYNC1H1>PELI1,+",1
"CALCOCO2>TMEM165,+",1
"TSPAN14>TMEM165,+",1
"SPAG9>VPS26A,+",1
"CALM1>FDPS,+",1
"RHOA>RPS6KA3,+",1
"DDX5>CALCOCO2,+",1
"PRKAA1>OGA,+",1
"MT-ATP6>DYNC1H1,+",1
"SORBS2>ADGRL4,+",1
"ARL2BP>PRRC2C,+",1
"ARPC5>ATG3,+",1
"TSPAN14>ARL2BP,+",1
"SENP7>ARL2BP,+",1
"EGLN1>ARL2BP,+",1
"RBM7>ARL2BP,+",1
"VPS26A>CALCOCO2,+",1
"HSPG2>ELF2,+",1
"SEPT10>ATRX,+",1
"SPTAN1>UBE2H,+",1
"DPYSL3>CREBBP,+",1
"NMI>IL3RA,+",1
"FLNB>IL3RA,+",1
"PSMB3>NUCKS1,+",1
"PSMB3>TNFRSF1B,+",1
"MPHOSPH10>TNFRSF1B,-",1
"TRIM44>TLE1,+",1
"IL3RA>MRPS34,+",1
"NMI>PURA,+",1
"MRPS34>PURA,+",1
"CCDC50>PURA,+",1
"FMR1>CREBBP,+",1
"FRMD4B>PTEN,+",1
"SPAG9>CREBBP,+",1
"NUCKS1>STAT3,+",1
"KAT7>STAT3,+",1
"FLNB>STAT3,+",1
"PSMB3>PRPF38B,+",1
"CFLAR>PRPF38B,+",1
"CREBBP>FMR1,+",1
"TRIM44>VPS26A,+",1
"MRPS34>VPS26A,+",1
"PPP4R3A>VPS26A,+",1
"ANXA5>PTEN,+",1
"PPA1>PTMA,+",1
"IL3RA>SENP7,+",1
"PRKD3>GNAS,+",1
"IL1R1>TRIM56,+",1
"MAF1>TRIM56,+",1
"PPA1>SRP14,+",1
"DR1>PRKD3,+",1
"TCERG1>PRKD3,+",1
"DICER1>MAF1,-",1
"PTMA>MAF1,+",1
"SRP14>PPA1,+",1
"MAF1>FTH1,+",1
"PPA1>SLC9A3R2,+",1
"CBX3>SLIRP,+",1
"ORAI1>CBX3,-",1
"PTEN>IL1R1,-",1
"SLC39A7>NDUFA3,+",1
"LAP3>KLF2,+",1
"IDI1>DR1,+",1
"PGRMC2>DR1,+",1
"PRKD3>DR1,+",1
"UBE2H>DR1,+",1
"SLC39A7>MXRA7,+",1
"PRKD3>JAG2,+",1
"PRKD3>CBX3,+",1
"SRSF2>SENP7,+",1
"PPP4R3A>CAVIN2,+",1
"CREBBP>TMED2,+",1
"MXRA7>PSAP,+",1
"SMIM14>CCDC50,+",1
"TNFRSF1B>APOPT1,+",1
"KDM2A>PPP1R13B,+",1
"MPHOSPH10>SPAG9,-",1
"KDM2A>SPAG9,+",1
"CREBBP>SPAG9,+",1
"SMG1>SPAG9,+",1
"IL3RA>NFAT5,+",1
"RPL7>MPHOSPH10,-",1
"MPHOSPH10>PTEN,-",1
"SEPT10>PSAP,+",1
"PSMC5>PSMB3,+",1
"SEPT10>PSMC5,+",1
"HNRNPD>NPM1,+",1
"DYNC1H1>MRPS34,+",1
"NPM1>MRPS34,+",1
"SEPT10>RPL15,+",1
"NPM1>RPL15,+",1
"RPS29>RPL15,+",1
"SUCLG1>HIP1,+",1
"RPL15>RPS29,+",1
"MXRA7>TMED2,+",1
"CFLAR>CCDC50,+",1
"TLE1>ITSN2,+",1
"KAT7>ARGLU1,+",1
"SMIM14>CFLAR,+",1
"KAT7>MBNL2,+",1
"NUCKS1>LRRFIP2,+",1
"KDM2A>LRRFIP2,+",1
"SENP7>LRRFIP2,+",1
"VPS26A>SLK,-",1
"MPHOSPH10>SLK,-",1
"MRPS34>SMIM14,+",1
"SENP7>SMIM14,+",1
"KAT7>SHISA5,+",1
"RPL7>SHISA5,+",1
"CAVIN2>CFLAR,+",1
"FMR1>DYNC1H1,+",1
"FMR1>CFLAR,+",1
"MRPS34>KAT7,+",1
"SMG1>KAT7,+",1
"IL3RA>KAT7,+",1
"CFLAR>KAT7,+",1
"MBNL2>KAT7,+",1
"IL3RA>FLNB,+",1
"ABI2>AKAP9,+",1
"TLE1>ABI2,+",1
"SMIM14>DYNC1H1,+",1
"ESAM>PITPNC1,+",1
"NOL7>CBX6,+",1
"CBX3>USP14,+",1
"ARL2BP>RIT1,+",1
"NFAT5>SNHG7,+",1
"DCTN3>TMEM141,+",1
"USP14>TMEM141,+",1
"SLC3A2>PSMB4,+",1
"PER3>DCTN3,+",1
"HPCAL1>CMPK1,+",1
"NFAT5>CMPK1,+",1
"USP14>CFAP36,+",1
"PPP1R13B>CFAP36,+",1
"USP14>NOSTRIN,+",1
"CRBN>IQGAP1,-",1
"TMEM141>IQGAP1,+",1
"HPCAL1>IQGAP1,+",1
"TMEM141>EIF3D,+",1
"UHMK1>ZBTB7A,+",1
"RBM25>ZBTB7A,+",1
"ASAP1>AKAP9,+",1
"SLC3A2>YIPF3,+",1
"IRF2BP2>GNAQ,+",1
"TMEM141>GNAQ,+",1
"UHMK1>PPM1G,+",1
"BRWD1>ASAP1,+",1
"ZBTB7A>ASAP1,-",1
"UHMK1>SNHG7,+",1
"UHMK1>BRWD1,+",1
"TMEM141>BRWD1,+",1
"PTEN>DCTN3,+",1
"DPYSL3>CREBRF,+",1
"FBXW5>RAC1,+",1
"RPL32>RPS6,+",1
"PFDN5>RPS26,+",1
"RPL41>RPS26,+",1
"RPL8>RPL18,+",1
"ZFAND6>FBXW5,+",1
"RPL41>RPS15,+",1
"RPL32>HSP90AB1,+",1
"HSP90AB1>DCTN3,+",1
"RB1CC1>DCTN3,+",1
"ASAP1>BRWD1,+",1
"MRPL32>NOSIP,+",1
"SCP2>RPL15,+",1
"RPL32>RPL15,+",1
"RPL32>UBB,+",1
"VAT1>PPP3CA,+",1
"ZFAND6>PPP3CA,+",1
"RPL32>RPL8,+",1
"EIF3D>PMP22,+",1
"NFAT5>PMP22,+",1
"USP14>BRWD1,+",1
"CALCOCO2>VAT1,+",1
"SNHG7>CSDE1,+",1
"HPCAL1>RBM25,+",1
"NFAT5>AAMP,-",1
"CMPK1>FBXL5,+",1
"UHMK1>FBXL5,+",1
"SPAG9>PPP1CB,+",1
"UHMK1>PPP1CB,+",1
"GNAQ>ABI2,+",1
"EIF3D>ABI2,+",1
"ASAP1>HPCAL1,+",1
"TMEM141>HPCAL1,+",1
"ATG3>NUDCD1,+",1
"SLC3A2>AAMP,+",1
"CREBBP>AAMP,+",1
"USP14>PKM,+",1
"ZEB1>ATG3,+",1
"C11orf58>YIPF6,+",1
"AKAP9>SQSTM1,+",1
"STAG2>IGFBP4,+",1
"SERTAD3>PDLIM5,+",1
"ATP5MD>PDLIM5,+",1
"SERTAD3>NFAT5,+",1
"AAMP>NFAT5,-",1
"SPAG9>AKAP9,+",1
"STAG2>AKAP9,+",1
"WSB1>PKM,+",1
"WSB1>MXRA7,+",1
"UHMK1>LAMP1,+",1
"MXRA7>WSB1,+",1
"NFIA>TAPBP,+",1
"CMPK1>UBL3,+",1
"EIF3D>SPAG9,-",1
"PPP1R13B>SPAG9,+",1
"TBC1D5>PPP1R13B,+",1
"PER3>PPP1R13B,+",1
"USP14>HDGF,+",1
"EIF3D>HDGF,+",1
"CMPK1>SMIM37,-",1
"TMEM141>WSB1,+",1
"NFIA>WSB1,+",1
"TMEM141>MXRA7,+",1
"UHMK1>CALCOCO2,+",1
"HDGF>RAB18,+",1
"UHMK1>TBC1D5,-",1
"CRBN>TBC1D5,-",1
"PER3>TBC1D5,-",1
"HDGF>CDC42EP3,+",1
"CALCOCO2>ROCK2,+",1
"TMEM141>ROCK2,+",1
"UHMK1>ROCK2,+",1
"RBM25>ROCK2,+",1
"PFDN5>CREBRF,+",1
"RPL32>RPLP2,+",1
"ZFAND6>ST13,+",1
"DGLUCY>RICTOR,+",1
"FAM214A>IFI44,+",1
"SPTAN1>PURB,+",1
"TLK1>EXOC3L2,-",1
"IFI44>EXOC3L2,+",1
"CLDND1>EXOC3L2,+",1
"CSRNP1>EXOC3L2,-",1
"BRD4>EXOC3L2,+",1
"NORAD>EXOC3L2,-",1
"IFITM1>RICTOR,+",1
"FAM214A>RICTOR,+",1
"SELENOW>RICTOR,+",1
"FAM214A>ARGLU1,+",1
"SHOC2>NKTR,+",1
"BPTF>NKTR,+",1
"URI1>DHPS,+",1
"IFITM1>SYNGR2,+",1
"BRD4>SYNGR2,+",1
"URI1>MGLL,+",1
"TIMP2>PPP4R3A,+",1
"CSRNP1>PPP4R3A,-",1
"RICTOR>PPP4R3A,+",1
"IFITM1>PPP4R3A,+",1
"MAF1>IFI44,+",1
"RB1CC1>ARGLU1,+",1
"URI1>NFAT5,+",1
"FRMD4B>YBX1,+",1
"SPTAN1>TLK1,+",1
"DHPS>NOSIP,+",1
"CLDND1>NOSIP,+",1
"C1orf115>MRPL28,+",1
"SPTAN1>MRPL28,+",1
"TIMP2>ATP5F1C,+",1
"SLC3A2>ATP5F1C,+",1
"SYNGR2>ATP5F1C,+",1
"RICTOR>ATP5F1C,-",1
"MRPL28>MAP4,+",1
"TIMP2>FAM214A,+",1
"CLDND1>SPTAN1,+",1
"IFI44>FAM214A,+",1
"TIMP2>CDH5,+",1
"NORAD>CDH5,+",1
"FAM214A>CDH5,+",1
"CLTC>MLEC,+",1
"YBX1>MAF1,+",1
"YBX1>SELENOW,+",1
"CLDND1>SELENOW,+",1
"TLK1>CNOT4,+",1
"IFITM1>CNOT4,+",1
"CLTC>PPP4R3A,+",1
"IFITM1>NFAT5,+",1
"VAT1>ST13,+",1
"RPS18>CTNND1,+",1
"RPL32>RPL21,+",1
"PCBP2>RB1CC1,+",1
"VAT1>RB1CC1,+",1
"RPL32>RPL35A,+",1
"CTNND1>CDC37,+",1
"SERPINB6>CDC37,+",1
"RPS6>RPL23A,+",1
"RPL32>RPL23A,+",1
"RB1CC1>CTNND1,+",1
"RPL41>CTNND1,+",1
"UPF2>CTNND1,+",1
"RPL32>PFDN5,+",1
"RPL18>FAU,+",1
"HSP90AB1>VAT1,+",1
"MRPL32>VAT1,+",1
"PTEN>VAT1,+",1
"PPP3CA>VAT1,+",1
"CTNND1>APRT,+",1
"MRPL32>APRT,-",1
"RPL41>EEF1A1,+",1
"RPS18>RPL9,+",1
"PPP3CA>ZFAND6,+",1
"RPS26>PFDN5,+",1
"RPS26>SERPINB6,+",1
"MRPL28>DGLUCY,+",1
"RPL11>DPYSL3,+",1
"RB1CC1>GLUD1,-",1
"PURB>PTEN,+",1
"RICTOR>PTEN,+",1
"RPS26>HSP90AA1,+",1
"UPF2>HSP90AA1,-",1
"MRPL32>HSP90AA1,+",1
"RPL32>PCBP2,+",1
"RPL32>RPL11,+",1
"RPL32>RPL41,+",1
"PFDN5>DPYSL3,-",1
"FBXW5>DPYSL3,+",1
"FBXW5>SERPINB6,+",1
"RPL41>RPS24,+",1
"VAT1>MRPL32,+",1
"APRT>MRPL32,-",1
"DPYSL3>MRPL32,-",1
"HSP90AB1>MT-ND2,+",1
"FBXW5>MT-ND2,+",1
"VAT1>JAM2,+",1
"APRT>JAM2,+",1
"FBXW5>JAM2,+",1
"PFDN5>SERPINB6,+",1
"ARL2BP>SERTAD3,+",1
"SERTAD3>MT-ND2,+",1
"FAM214A>IFITM1,+",1
"AKAP9>MT-ND2,+",1
"NSFL1C>PTEN,+",1
"KPNB1>HSPB1,+",1
"HNRNPK>HSPB1,+",1
"NCK1>FAM208A,-",1
"MRPL28>FAM208A,+",1
"ZFAND6>COMMD3,+",1
"HPCAL1>COMMD3,+",1
"STAT3>GPR146,+",1
"ERG>STAT3,-",1
"HNRNPK>PACS1,+",1
"RWDD1>PACS1,+",1
"NCK1>PACS1,+",1
"PTEN>DDOST,-",1
"SPAG7>ZNF428,+",1
"KPNB1>ERG,+",1
"ZNF428>HLA-DMA,+",1
"MAT2B>HLA-DMA,+",1
"SPAG7>COX8A,+",1
"STAT3>COX8A,+",1
"DR1>CENPC,+",1
"ERG>USP1,+",1
"MECOM>USP1,+",1
"KPNB1>APP,+",1
"PTP4A2>PTEN,+",1
"HNRNPR>DYNC1H1,+",1
"PRKAA1>NUCB2,+",1
"PTP4A2>LARP1,+",1
"APP>NME4,+",1
"PCMTD1>NME4,+",1
"TAPBP>BPTF,+",1
"RILPL2>MEF2A,+",1
"PNISR>DPM3,+",1
"ARHGDIA>CSDE1,+",1
"PIK3C2A>CSDE1,+",1
"ELMO1>CSDE1,+",1
"REL>LARP1,+",1
"PIK3C2A>LARP1,+",1
"DPM3>C11orf58,+",1
"BPTF>NUCB2,+",1
"CBX6>TAPBP,+",1
"EPAS1>TAPBP,+",1
"EGLN1>TAPBP,+",1
"TPM3>HNRNPD,+",1
"ARHGDIA>MALAT1,+",1
"PRRC2C>SNX3,+",1
"EGLN1>SNX3,+",1
"DYNC1H1>ITSN2,+",1
"CBX6>HNRNPH1,+",1
"EPAS1>NUCB2,+",1
"KDM2A>APP,+",1
"SPAG7>HPCAL1,+",1
"MECOM>DST,+",1
"DR1>GAS6,+",1
"HPCAL1>SPAG7,+",1
"STAT3>UPF3A,+",1
"FAM208A>CBX3,+",1
"KDM2A>HNRNPK,+",1
"STAT3>HNRNPK,+",1
"MECOM>THSD7A,+",1
"SPAG7>DR1,-",1
"CENPC>DR1,+",1
"ERG>DR1,+",1
"SMC1A>DR1,+",1
"GHITM>GAS6,+",1
"CYC1>ZFAND6,+",1
"SPAG7>COPS2,+",1
"DR1>JAG2,+",1
"ZNF428>JAG2,+",1
"MECOM>JAG2,+",1
"FAM208A>DYNC1I2,+",1
"UPF3A>DYNC1I2,+",1
"KDM2A>LDB2,+",1
"ZNF428>CBX6,+",1
"ZFAND6>ABI2,+",1
"SPAG7>MRPL28,+",1
"ZNF428>NCK1,+",1
"TMEM259>ZFAND6,+",1
"SPAG7>PLRG1,-",1
"UPF3A>LSM5,+",1
"TXNDC12>PLRG1,+",1
"FAM208A>KPNB1,+",1
"UPF3A>KPNB1,+",1
"MRPL28>KPNB1,+",1
"KPNB1>CLTC,+",1
"PLRG1>CLTC,+",1
"DDOST>CYC1,+",1
"UPF3A>CYC1,+",1
"COX8A>CYC1,-",1
"STAT3>HNRNPAB,+",1
"COMMD3>KANSL1,+",1
"MECOM>FN1,+",1
"STAT3>KANSL1,+",1
"ZNF428>KANSL1,+",1
"SPAG7>MAT2B,+",1
"FAM208A>MAT2B,+",1
"SMC1A>MAT2B,+",1
"RWDD1>MAT2B,+",1
"TXNDC12>SLK,+",1
"KDM2A>SLK,+",1
"STAT3>TXNDC12,+",1
"SMC1A>TXNDC12,+",1
"PNISR>NME4,+",1
"ELMO1>EGLN1,+",1
"PTP4A2>MAGT1,+",1
"STAG2>C11orf58,+",1
"TSHZ2>HYAL2,+",1
"TMED7>HYAL2,+",1
"STAG2>HYAL2,+",1
"MRPL22>IGFBP2,+",1
"ATG3>IGFBP2,+",1
"ANP32E>STAG2,+",1
"MRPL22>SLC3A2,+",1
"AAMP>SLC3A2,+",1
"ANP32E>SLC3A2,+",1
"SPAG9>SLC3A2,+",1
"HYAL2>C11orf58,+",1
"SERTAD3>USP7,+",1
"MRPL22>C11orf58,+",1
"CREBBP>ARL2BP,+",1
"SERTAD3>ARL2BP,+",1
"CCDC124>ARL2BP,-",1
"ANP32E>ARL2BP,+",1
"HYAL2>MCAM,+",1
"MRPL22>MCAM,+",1
"AKAP9>MCAM,+",1
"ST13>CCDC124,+",1
"TSHZ2>CCDC124,-",1
"TMED7>MRPL22,+",1
"MRPL22>USP7,+",1
"SERTAD3>ADAR,-",1
"ARL2BP>CREBBP,+",1
"CREBBP>PHC2,+",1
"ST13>CHSY1,+",1
"YIPF6>CHSY1,+",1
"ST13>ATP5MD,+",1
"ZEB1>ATP5MD,+",1
"STAG2>ATP5MD,+",1
"ARL2BP>MAP4K4,-",1
"YBX1>MAP4K4,-",1
"STAG2>MAP4K4,+",1
"TSHZ2>GNB2,+",1
"ZEB1>CREBBP,+",1
"SPAG9>SETD5,+",1
"CREBBP>SMIM37,+",1
"SERTAD3>SMIM37,+",1
"MRPL22>SMIM37,+",1
"ANP32E>NONO,+",1
"STAG2>NONO,+",1
"SLC3A2>ANP32E,+",1
"ARL2BP>RAP1B,+",1
"TSHZ2>ATP5ME,+",1
"YIPF6>SETD5,+",1
"ST13>SETD5,+",1
"YIPF6>CCDC124,+",1
"SERTAD3>FTX,+",1
"PRRC2C>PIK3C2A,+",1
"PRRC2C>ELMO1,-",1
"PKP4>NME3,+",1
"RILPL2>LMBR1L,+",1
"PRRC2C>PRKAA1,+",1
"BPTF>CBX6,-",1
"ELMO1>CBX6,+",1
"NSFL1C>PKP4,+",1
"PRRC2C>EPAS1,+",1
"PTP4A2>KDM2A,+",1
"APP>KDM2A,+",1
"CBX6>ELMO1,+",1
"PRKAA1>PRRC2C,+",1
"ARHGDIA>DNAJC3,+",1
"ARHGDIA>NFAT5,+",1
"TPM3>NFAT5,+",1
"NME4>TGFBR2,+",1
"ELMO1>TGFBR2,+",1
"APP>TGFBR2,+",1
"MAGT1>KMT2E,-",1
"NME4>PTBP3,+",1
"SMARCA5>PTBP3,+",1
"ELMO1>PIK3C2A,+",1
"TPM3>PIK3C2A,+",1
"LARP1>APP,+",1
"PTBP3>PTP4A2,+",1
"HYAL2>SEPT2,+",1
"ARL2BP>PTEN,+",1
"ARL2BP>SEPT2,+",1
"YIPF6>ABI2,+",1
"YBX1>ABI2,+",1
"YIPF6>IFI6,-",1
"ARL2BP>LY6E,+",1
"ANP32E>AHNAK,+",1
"HYAL2>TMED7,+",1
"ANP32E>TMED7,+",1
"CREBBP>ZBTB7A,+",1
"STAG2>ZBTB7A,+",1
"ZBTB7A>PTEN,+",1
"LAP3>PTP4A2,+",1
"SMARCA5>HECTD1,+",1
"PTP4A2>LAP3,+",1
"SMARCA5>REL,+",1
"LARP1>REL,+",1
"EPAS1>PCMTD1,+",1
"LARP1>PCMTD1,+",1
"LAMTOR2>PCMTD1,+",1
"NME4>CBX3,+",1
"DYNC1H1>NSFL1C,+",1
"LAMTOR2>PNISR,+",1
"CLDND1>TLK1,+",1
"CLDND1>IFITM1,+",1
"SNX3>USP14,+",1
"PDLIM1>GLUD1,+",1
"TRIP11>HOXD9,+",1
"RPL18>FAM133B,+",1
"RPL34>BPTF,+",1
"PCAT19>MEF2A,+",1
"HOXD9>PCMTD1,+",1
"PRKAA1>PCMTD1,+",1
"NFAT5>CREB3L2,+",1
"PNRC2>CREB3L2,+",1
"DDX50>CREB3L2,+",1
"FAM133B>PSMA7,+",1
"PCMTD1>PSMA7,+",1
"SET>PSMA7,+",1
"TRIP11>PNRC2,+",1
"SET>PNRC2,+",1
"RPS9>RPL22,+",1
"PNRC2>ABI2,+",1
"RPL22>ABI2,+",1
"TRIP11>JAG2,+",1
"FAM133B>JAG2,+",1
"PCMTD1>PRKAA1,+",1
"MXRA7>PRKAA1,+",1
"TRIP11>SNX3,+",1
"TAPBP>SNX3,+",1
"TAPBP>HOXD9,+",1
"EIF4G3>SPTSSA,+",1
"NFAT5>SPTSSA,+",1
"RPL37A>ATP5MC2,+",1
"CHSY1>PTEN,+",1
"USP53>PTEN,+",1
"TTC17>PTEN,+",1
"RPL22>RPS9,+",1
"HOXD9>EIF4G3,+",1
"TAPBP>TRIP11,+",1
"YBX1>SHOC2,+",1
"KANSL1>SHOC2,-",1
"DDX50>SHOC2,+",1
"HOXD9>ATP5MC2,+",1
"SPTSSA>DR1,+",1
"LMBR1>SPTSSA,+",1
"BPTF>DR1,+",1
"ABI2>DR1,+",1
"DST>DR1,+",1
"DR1>CREBRF,+",1
"TRIP11>CREBRF,+",1
"RPLP2>RPL15,+",1
"DR1>PACS1,-",1
"TRIP11>PACS1,+",1
"SMG1>PACS1,+",1
"PCMTD1>PACS1,+",1
"RPL34>RPL39,+",1
"KANSL1>MAP3K2,+",1
"PCAT19>COPS9,+",1
"AK2>PDLIM1,+",1
"CREBRF>CAPRIN1,+",1
"GLUD1>CAPRIN1,-",1
"TMEM127>CAPRIN1,+",1
"NDUFV2>EBF1,+",1
"CAPRIN1>EBF1,+",1
"AK2>EBF1,+",1
"EXOC7>EBF1,-",1
"HPCAL1>EXOC7,+",1
"THAP12>EXOC7,+",1
"NDUFA10>EXOC7,-",1
"CREBRF>LEPROT,-",1
"DCTN3>SHOC2,+",1
"CAPRIN1>LEPROT,+",1
"GPBP1>KIAA1551,+",1
"TMEM127>MCTP1,+",1
"MCTP1>HLA-DMA,+",1
"DST>AMD1,+",1
"CAPRIN1>TMEM127,+",1
"CAT>GPBP1,+",1
"THOC7>GPBP1,+",1
"CYSTM1>GPBP1,+",1
"HPCAL1>GLUD1,+",1
"DCTN3>CAPRIN1,-",1
"GPBP1>SHOC2,+",1
"RPS9>COPS9,+",1
"CAPRIN1>CTDSPL2,+",1
"TRIP11>HSP90AB1,+",1
"CREBRF>SMG1,+",1
"EIF4G3>MRPL28,+",1
"MRPL28>PTEN,+",1
"EXOC7>NDUFA10,-",1
"CPNE3>NDUFA10,+",1
"HPCAL1>SELENOK,+",1
"HLA-DMA>SELENOK,+",1
"GPBP1>SELENOK,+",1
"SAT1>DST,+",1
"CIB1>CTDSPL2,+",1
"DST>SHOC2,+",1
"PDLIM1>AK2,+",1
"AK2>DCTN3,-",1
"DST>CAT,+",1
"EBF1>CPNE3,+",1
"THOC7>S1PR1,+",1
"NDUFA10>KMT2E,+",1
"SHISA5>KMT2E,-",1
"MCTP1>KMT2E,+",1
"CREBRF>C1orf123,+",1
"GPBP1>C1orf123,+",1
"RPL13A>CSDE1,+",1
"CENPC>CSDE1,+",1
"POLR2E>HPCAL1,+",1
"POLR2E>EIF1,+",1
"CSDE1>HIP1,+",1
"HPCAL1>SMIM37,+",1
"SMIM37>MYADM,-",1
"SELENOK>MYADM,+",1
"HPCAL1>USP53,+",1
"SMIM37>USP53,-",1
"PTMA>ANP32E,+",1
"MALAT1>ANP32E,+",1
"POLR2C>ANP32E,+",1
"USP53>ANP32E,+",1
"RPL13A>EIF1,+",1
"PDLIM5>HIP1,+",1
"PTMA>EIF1,+",1
"SMIM37>EIF1,+",1
"MYADM>RPLP2,+",1
"RPL13A>RPLP2,+",1
"LSM4>CALM1,+",1
"ITGB4>CALM1,-",1
"CHSY1>CALM1,+",1
"PTMA>CALM1,+",1
"RPL13A>MYH9,+",1
"TTC17>MYH9,+",1
"TTC17>HIP1,+",1
"USP53>CLU,+",1
"MYADM>POLR2C,+",1
"ERAP2>CFLAR,+",1
"MXRA7>NCK1,+",1
"MORF4L1>NCK1,+",1
"INSR>NCK1,+",1
"SMG1>ASAP2,+",1
"ASAP2>ABI2,+",1
"ARF1>ABI2,+",1
"PHACTR4>ABI2,+",1
"RBMS1>CALCOCO2,+",1
"ARGLU1>CALCOCO2,+",1
"TIMP3>CFLAR,+",1
"CBX6>MED13,+",1
"EIF1>CLU,+",1
"INSR>TAPBP,+",1
"MORF4L1>TAPBP,+",1
"NEU1>NCKAP1,+",1
"NCK1>CBX3,+",1
"CDH5>CBX3,+",1
"SMG1>PARP14,+",1
"KLHL5>PARP14,+",1
"PITPNC1>PTEN,+",1
"PTMA>CLU,-",1
"POLR2E>CLU,-",1
"EIF1>MYH9,+",1
"YBX1>TAX1BP3,+",1
"USP53>HPCAL1,+",1
"PDLIM5>MXRA7,+",1
"ITGB4>POLR2E,+",1
"USP53>POLR2E,+",1
"MYADM>TTC17,-",1
"ITGB4>TTC17,+",1
"POLR2E>PDLIM5,+",1
"PTMA>RICTOR,+",1
"POLR2C>RICTOR,+",1
"TTC17>VASP,+",1
"USP53>VASP,+",1
"LSM4>MXRA7,+",1
"YBX1>S100A11,+",1
"MYADM>POLR2E,+",1
"EIF1>RPL13A,+",1
"RPL13A>MT-ATP6,+",1
"SMIM37>MT-ATP6,+",1
"MXRA7>ARPC1B,+",1
"S100A11>ARPC1B,+",1
"TAGLN2>LIMS2,+",1
"MXRA7>LIMS2,+",1
"MYADM>PPDPF,+",1
"SMIM37>PPDPF,+",1
"MXRA7>PPDPF,+",1
"TTC17>POLR2E,+",1
"RPLP2>POLR2E,+",1
"PTMA>TAX1BP3,+",1
"SMIM37>MEIS2,+",1
"ECE1>TAX1BP3,+",1
"SMIM37>TAX1BP3,+",1
"RICTOR>ECE1,+",1
"PTMA>SLC38A2,+",1
"POLR2E>LSM4,+",1
"SMIM37>LSM4,+",1
"YBX1>LSM4,+",1
"LSM4>MEIS2,+",1
"MYADM>MEIS2,+",1
"POLR2C>MEIS2,-",1
"CHSY1>S100A6,+",1
"RPL13A>ITGB4,+",1
"LSM4>YBX1,+",1
"PTMA>YBX1,+",1
"PTMA>AHNAK,+",1
"CALM1>AHNAK,+",1
"PDLIM5>TTC28,+",1
"RPL13A>LMBR1L,+",1
"CHSY1>LMBR1L,+",1
"MYADM>LMBR1L,+",1
"YBX1>PRRC2C,+",1
"CALM1>ITGB4,-",1
"AK2>GLUD1,-",1
"NDUFV2>GLUD1,-",1
"ATP5F1C>SLC3A2,+",1
"SELENOW>GLUD1,+",1
"HLA-E>PTGES3,+",1
"PANK3>SERPINB6,+",1
"PDCD6IP>SERPINB6,+",1
"BAZ1B>VASP,+",1
"GNAQ>RSF1,+",1
"BAZ1B>PTEN,+",1
"RILPL2>CBX3,+",1
"RAN>PPP4R2,+",1
"TLN1>NDUFC2,+",1
"PPP4R3A>TMEM165,+",1
"DST>KCTD12,+",1
"MPG>TM4SF1,+",1
"NME4>ZBTB20,+",1
"MPG>ZBTB20,+",1
"UBE2E3>HNRNPK,+",1
"OS9>HNRNPK,+",1
"SMG1>CBX6,+",1
"PPP4R3A>LRP10,+",1
"IPO7>LRP10,+",1
"FAM171A1>LRP10,+",1
"SUMF2>LRP10,-",1
"PPP4R3A>OS9,+",1
"IPO7>TLN1,+",1
"HLA-E>AKAP9,+",1
"SPTLC2>ERBIN,+",1
"HDAC1>ERBIN,+",1
"AKAP9>CREBRF,+",1
"MGAT1>NDUFA10,+",1
"USP14>ABI2,-",1
"DENND4C>ABI2,+",1
"CANX>ABI2,+",1
"DENND4C>PANK3,+",1
"BPTF>PANK3,+",1
"HLA-E>DOC2B,+",1
"PANK3>BPTF,+",1
"PANK3>KPNB1,+",1
"PDCD6IP>KPNB1,+",1
"USP14>HDAC1,+",1
"BPTF>EGLN1,+",1
"TNKS2>HDAC1,+",1
"BPTF>CANX,+",1
"CAV2>PHC2,+",1
"GNAQ>PHC2,+",1
"ETFB>CAV2,+",1
"HLA-F>CAV2,+",1
"BPTF>CAV2,+",1
"PHC2>COX7A2L,+",1
"PANK3>COX7A2L,+",1
"GLUD1>MARCKSL1,+",1
"CBX6>TLN1,+",1
"PEPD>TLN1,+",1
"NDUFC2>TLN1,+",1
"TIMP2>CENPB,+",1
"SPCS3>SLK,+",1
"UBE2E3>SLK,+",1
"LRP10>CAVIN2,+",1
"BAZ1B>RILPL2,+",1
"YBX1>FRMD4B,+",1
"CENPB>TIMP2,+",1
"URI1>TIMP2,+",1
"RB1CC1>CLTC,+",1
"DGLUCY>CLTC,+",1
"URI1>CLTC,+",1
"TMEM106B>NPDC1,+",1
"IL3RA>CPNE3,+",1
"TIMP2>NPDC1,+",1
"MAF1>C1orf115,+",1
"RB1CC1>CLDND1,+",1
"CLDND1>URI1,+",1
"CSRNP1>URI1,+",1
"TIMP2>URI1,+",1
"URI1>NORAD,-",1
"IFITM1>NORAD,+",1
"RICTOR>NORAD,+",1
"MAF1>ZEB1,+",1
"TRIM56>TACC1,+",1
"CHSY1>MXRA7,+",1
"IPO7>APLP2,+",1
"IPO7>PEPD,-",1
"PIK3R3>APLP2,+",1
"KCTD12>STOM,+",1
"BAZ1B>SMG1,+",1
"NME4>SMG1,-",1
"SMG1>PGRMC2,-",1
"SUMF2>TRIM56,+",1
"ZBTB20>MPG,+",1
"IPO7>RAN,+",1
"PPP4R3A>RAN,+",1
"KCTD12>PEPD,+",1
"NDUFC2>CHSY1,+",1
"UBE2E3>MXRA7,+",1
"SUMF2>CHSY1,+",1
"KCTD12>DST,+",1
"CHSY1>NFAT5,+",1
"PPP4R2>BAZ1B,+",1
"PTEN>NEU1,+",1
"PPP4R2>GABARAPL2,+",1
"KCTD12>GABARAPL2,+",1
"NDUFC2>VPS13C,+",1
"NDUFC2>MXRA7,+",1
"NME4>MXRA7,+",1
"PDCD6IP>NDUFA10,+",1
"TNKS2>USP14,+",1
"PTGES3>DNAJC21,+",1
"POLR2E>EIF4A1,+",1
"MRPL52>POLR2E,+",1
"TACC1>POLR2E,+",1
"PIAS1>SP110,+",1
"EIF4A1>RAB5A,+",1
"RER1>RAB5A,+",1
"PIAS1>CPNE8,+",1
"PTMS>CPNE8,+",1
"HSP90AB1>PICALM,+",1
"MRPL52>EIF4A1,+",1
"HSP90AB1>EIF4A1,+",1
"DCAF7>PSMD12,+",1
"DHPS>PIK3C2B,+",1
"COX8A>PSMD12,+",1
"EGLN1>RER1,+",1
"RPL38>EEF1B2,+",1
"UBA52>CCDC85B,+",1
"PIK3C2B>CCDC85B,+",1
"RAB5A>EIF3H,+",1
"DHPS>ZNF280D,+",1
"CPNE8>ZNF280D,+",1
"EGLN1>EIF3L,+",1
"SPOP>FRMD4B,+",1
"PIAS1>MT-ATP6,+",1
"UBA52>RPL38,+",1
"RHOA>FRMD4B,+",1
"S1PR1>SRPK2,-",1
"GPBP1>SAT1,+",1
"DCTN3>MET,-",1
"THOC7>MET,+",1
"NDUFB1>MET,+",1
"GPBP1>MET,+",1
"CPNE3>HPCAL1,+",1
"SELENOK>HPCAL1,+",1
"NDUFV2>MARCKSL1,+",1
"GPBP1>CYSTM1,+",1
"PDLIM1>CYSTM1,+",1
"AK2>SRPK2,+",1
"FRMD4B>SERBP1,+",1
"SAT1>SMARCC2,-",1
"GLUD1>CD320,+",1
"AK2>MXRA7,-",1
"THOC7>SHISA5,+",1
"C1orf123>SELENOW,+",1
"AK2>PTEN,-",1
"MRPL52>RBM3,+",1
"COX8A>SERPINB6,+",1
"PIK3C2B>SNRPE,+",1
"UBA52>SNRPE,+",1
"PIK3C2B>FRMD4B,+",1
"PIK3C2B>URI1,+",1
"DENND4C>DNAJC21,-",1
"DENND4C>SNHG7,+",1
"SEC22B>SPTLC2,+",1
"CAV2>SPTLC2,+",1
"PDCD6IP>SPTLC2,+",1
"TAPBP>ETFB,+",1
"BAZ1B>ETFB,+",1
"PTGES3>SEC22B,+",1
"SEC22B>EHD2,+",1
"SEC22B>DENND4C,+",1
"MARCKSL1>GLUD1,+",1
"HDAC1>SNHG7,-",1
"HLA-E>SNHG7,+",1
"BAZ1B>SLK,+",1
"AKAP9>CFLAR,+",1
"GLUD1>CFLAR,+",1
"PANK3>HLA-E,+",1
"DNAJC21>ZFAND6,+",1
"PANK3>GNAQ,+",1
"PHC2>GNAQ,+",1
"HDAC1>NUAK1,+",1
"HDAC1>TMEM259,+",1
"GNAQ>MORF4L1,-",1
"PANK3>MORF4L1,+",1
"HDAC1>SLK,+",1
"ETFB>SLK,-",1
"CPNE8>URI1,+",1
"DHPS>PSMC1,-",1
"RER1>HSP90AB1,+",1
"MRPL52>HSP90AB1,+",1
"MRPL52>SELENOW,+",1
"EIF3H>MRPL52,+",1
"URI1>MRPL52,+",1
"POLR2E>MRPL52,+",1
"CPNE8>MRPL52,+",1
"MRPL52>PIAS1,+",1
"SERPINB6>PIAS1,-",1
"PIK3C2B>PSMC1,+",1
"RER1>EGLN1,+",1
"MRPL52>PTEN,+",1
"MRPL52>MAP4,+",1
"BAD>DHPS,+",1
"SELENOW>SRRM2,+",1
"RER1>RNF10,+",1
"PIAS1>RNF10,+",1
"MRPL52>RNF10,+",1
"RPL38>SLC3A2,+",1
"PIK3C2B>DST,+",1
"CPNE8>PELI1,+",1
"UBA52>ABI2,+",1
"EIF3H>INTS3,+",1
"AAMP>INTS3,+",1
"SEC22B>INTS3,+",1
"PITPNC1>FCHO2,+",1
"EGLN1>APP,+",1
"SMARCE1>APP,+",1
"PDS5A>APP,+",1
"PPP4R3A>SMARCE1,-",1
"CYC1>SMARCE1,+",1
"PPP4R3A>PSMC1,-",1
"UBL3>PSMC1,+",1
"SMARCE1>PSMC1,+",1
"COX6C>MARCKSL1,+",1
"PPP4R3A>CYC1,+",1
"SMARCE1>CYC1,+",1
"DNAJB14>KPNB1,+",1
"BAG5>KPNB1,+",1
"PDS5A>KPNB1,+",1
"ASH1L>RALA,+",1
"COX6C>SNX3,+",1
"SNRNP70>COX6C,+",1
"MARCKSL1>COX6C,+",1
"SERPINB6>MOB4,+",1
"ASH1L>CREBRF,+",1
"PTBP3>FRYL,+",1
"ZNF638>FRYL,+",1
"PDS5A>FRYL,+",1
"CYC1>DIAPH1,+",1
"MALAT1>HPCAL1,+",1
"EGLN1>HPCAL1,-",1
"HOXD9>SUPT16H,+",1
"DPYSL3>ANKRD12,-",1
"ASH1L>BAG5,+",1
"DYNC1H1>BAG5,+",1
"SERPINB6>HOXD9,+",1
"MOB4>HDAC1,+",1
"PTBP3>HDAC1,+",1
"PTBP3>SLC39A10,+",1
"CYC1>SLC39A10,+",1
"BAG5>SLC39A10,-",1
"RALA>SLC39A10,-",1
"MAGT1>ZNF638,+",1
"DNAJB14>PPP1R13B,+",1
"CREB3L2>ZNF638,+",1
"MAGT1>PDS5A,+",1
"PPP4R3A>PDS5A,+",1
"DYNC1H1>ADNP,+",1
"EGLN1>ADNP,+",1
"UBL3>PTBP3,+",1
"MARCKSL1>PTBP3,+",1
"CYC1>PTBP3,+",1
"SLC39A10>PTBP3,+",1
"DYNC1H1>PPP1R13B,+",1
"COX6C>APLP2,+",1
"RALA>APLP2,+",1
"MARCKSL1>APLP2,+",1
"EIF4G2>SMARCE1,+",1
"GOLGA8A>SYF2,+",1
"SEPT10>SYF2,+",1
"ZNF207>SPTLC2,+",1
"SMARCE1>MAGI1,+",1
"RNF10>SNX3,+",1
"CYC1>SNX3,+",1
"CREBRF>SNX3,+",1
"RNF10>NUCB2,+",1
"GOLGA8A>HNRNPK,+",1
"SMARCE1>OXR1,+",1
"CREBRF>SMARCE1,-",1
"HNRNPK>BAG5,+",1
"PITPNC1>FAM208B,+",1
"RIT1>PRPF38B,+",1
"MAGI1>PRPF38B,+",1
"FAM171A1>EGLN1,+",1
"MAP3K2>KDM5A,+",1
"PSIP1>KDM5A,+",1
"PTP4A2>KDM5A,+",1
"PTP4A2>PLEKHA1,+",1
"EGLN1>GOLGA8A,+",1
"PLEKHA1>PITPNC1,+",1
"PITPNC1>BAG5,+",1
"SMARCE1>CREBRF,-",1
"DPYSL3>PTEN,+",1
"KDM5A>MAP3K2,+",1
"PLEKHA1>SNRNP70,-",1
"PITPNC1>SNRNP70,+",1
"CTNND1>SNRNP70,+",1
"FAM208B>SEPT10,+",1
"NME4>SEPT10,+",1
"CTNND1>SEPT10,+",1
"PITPNC1>SEPT10,+",1
"SYF2>SEPT10,+",1
"CYC1>MAP3K2,-",1
"PTP4A2>MAP3K2,+",1
"HNRNPK>SRPRA,+",1
"GOLGA8A>CREBRF,-",1
"RIT1>SRPRA,+",1
"CREBRF>PTP4A2,+",1
"PLEKHA1>PTP4A2,+",1
"PSIP1>PTP4A2,+",1
"RNF10>ZNF207,+",1
"MAGI1>ZNF207,+",1
"GOLGA8A>ZNF207,+",1
"SERINC1>SLAIN2,+",1
"MAGI1>LAMTOR1,-",1
"RNF10>LAMTOR1,+",1
"MALAT1>ANKRD12,+",1
"PDS5A>ANKRD12,+",1
"CREB3L2>ANKRD12,+",1
"DNAJB6>MTRF1L,+",1
"DNAJB6>LAMTOR2,+",1
"ITGB1>CST3,+",1
"TMEM167A>CST3,+",1
"PARK7>CST3,+",1
"BCAP31>SEPT2,+",1
"PARK7>HNRNPUL1,+",1
"NPDC1>C19orf24,+",1
"EIF4A1>C19orf24,+",1
"UBE2E3>MTRF1L,+",1
"TMEM173>MTRF1L,+",1
"RSF1>OS9,+",1
"TMEM106B>LAMTOR2,+",1
"CBX6>RBMS1,+",1
"SEPT2>RBMS1,+",1
"NME4>RBMS1,+",1
"SCARB2>RBMS1,+",1
"SEPT2>HPCAL1,+",1
"BCAP31>TMEM106B,+",1
"PTBP3>MOB4,+",1
"HPCAL1>MOB4,+",1
"DPYSL3>PDCD4,+",1
"NPDC1>RPL15,+",1
"PARK7>LAMTOR2,+",1
"KLHL24>PTEN,-",1
"PARK7>CBX6,+",1
"KLHL24>HK1,+",1
"RAB5A>MRPS7,+",1
"DICER1>RAB5A,-",1
"KLHL24>RAB5A,-",1
"PDCD10>ATP6V0E1,+",1
"DYNLT1>ATP6V0E1,+",1
"DIAPH1>CBX6,+",1
"ACTR10>PTPA,+",1
"MRPL22>PTPA,+",1
"KLHL24>TAPBP,-",1
"KIAA0355>TAPBP,+",1
"CBX6>TAX1BP3,-",1
"VGLL4>PQBP1,-",1
"CFDP1>KPNB1,+",1
"KLHL24>KPNB1,+",1
"PDCD10>PSMB3,+",1
"PQBP1>PSMB3,+",1
"VGLL4>DPYSL3,-",1
"KIAA0355>TBC1D5,-",1
"MRPS7>WASL,+",1
"ACTR10>MRPL22,+",1
"RAB5A>MRPL22,+",1
"PDCD10>PQBP1,+",1
"DCAF5>PHKB,+",1
"HPCAL1>NDUFB1,+",1
"RALA>DNAJB14,-",1
"PITPNC1>CREB3L2,+",1
"NME4>HSP90AB1,+",1
"NME4>TXNDC12,+",1
"MTRF1L>NME4,+",1
"NDUFB1>PTEN,+",1
"PDS5A>CANX,+",1
"SMARCE1>CANX,+",1
"PITPNC1>ASH1L,-",1
"DYNC1H1>SYNE2,+",1
"PITPNC1>SYNE2,+",1
"UBL3>CREB3L2,+",1
"PPP1R13B>CREB3L2,+",1
"DHPS>PPP1R13B,+",1
"CREB3L2>PITPNC1,+",1
"UBL3>PITPNC1,+",1
"PPP4R3A>PITPNC1,+",1
"DIAPH1>SEC22B,+",1
"COX6C>EGLN1,+",1
"PPP4R3A>EGLN1,+",1
"SERPINB6>EGLN1,+",1
"SERPINB6>SNRNP70,+",1
"SUPT16H>ABI2,+",1
"MAGT1>PPP4R3A,+",1
"OS9>HSP90AB1,+",1
"MTRF1L>SNX3,+",1
"DNAJB6>MEF2A,+",1
"RSF1>DNAJB6,+",1
"PTBP3>MPRIP,+",1
"OS9>MPRIP,+",1
"HPCAL1>MPRIP,+",1
"BCAP31>SPCS2,+",1
"DHPS>SPCS2,+",1
"SEPT2>SPCS2,+",1
"MTRF1L>SCARB2,+",1
"BCAP31>SCARB2,+",1
"DHPS>GIMAP7,+",1
"HNRNPUL1>PARK7,+",1
"MTRF1L>DNAJB6,+",1
"HNRNPUL1>SNX3,+",1
"EIF4A1>DNAJB6,+",1
"NDUFB1>NHP2,+",1
"OS9>NHP2,+",1
"BCAP31>NHP2,+",1
"TMEM106B>TMEM173,+",1
"ITGB1>EID1,+",1
"DHPS>DCAF5,+",1
"TMEM173>DCAF5,+",1
"HPCAL1>TMEM167A,+",1
"BCAP31>TMEM167A,+",1
"CYC1>FCHO2,+",1
"RSF1>SERINC1,+",1
"DICER1>MRPS7,-",1
"EIF4G2>RIT1,+",1
"NME4>ETNK1,+",1
"COPS2>ABI2,+",1
"ACTR10>ABI2,+",1
"EIF1AX>ABI2,+",1
"ADCY4>SHISA5,+",1
"DYNC1LI2>CAVIN1,+",1
"PDXDC1>CAVIN1,+",1
"DYNC1LI2>EGLN1,+",1
"ETNK1>KPNB1,+",1
"EIF1AX>HNRNPK,+",1
"NDUFA3>MRPL28,+",1
"ITSN2>PTEN,+",1
"NFATC3>GNAQ,+",1
"NFAT5>GNAQ,+",1
"PLA2G16>GNAQ,+",1
"NFAT5>STAT5B,+",1
"ELAVL1>SEM1,+",1
"PLA2G16>SEM1,+",1
"NUFIP2>PLA2G16,+",1
"SEM1>PLA2G16,+",1
"NFATC3>ELAVL1,-",1
"EIF3B>NUFIP2,+",1
"PLA2G16>NUFIP2,+",1
"PABPN1>ETNK1,+",1
"SENP7>USP7,+",1
"NDUFA3>RND3,+",1
"NUCB2>NDUFA3,-",1
"HSP90AB1>CREBRF,+",1
"ACTR10>NOSIP,+",1
"PDXDC1>POLR2E,+",1
"IGFBP2>POLR2E,+",1
"ADCY4>COPS2,+",1
"ACTR10>COPS2,+",1
"DYNC1LI2>COPS2,+",1
"NUCB2>SSFA2,+",1
"KDELR1>ACTR10,+",1
"KLHL5>SENP7,+",1
"ITSN2>SEMA4C,+",1
"SEMA4C>RND3,+",1
"SHISA5>SEMA4C,+",1
"COPS2>MAP3K2,+",1
"NUCB2>MAP3K2,+",1
"ACTR10>KDELR1,+",1
"HSP90AB1>KDELR1,+",1
"PDXDC1>DYNC1LI2,+",1
"NME4>DYNC1LI2,+",1
"COPS2>DYNC1LI2,+",1
"HSP90AB1>NME4,+",1
"PDXDC1>AKAP9,+",1
"MALAT1>NUFIP2,+",1
"COPS2>SLC38A2,+",1
"SNX3>SLC38A2,+",1
"STAT5B>COPS2,+",1
"KHDRBS1>TRIM56,-",1
"HSP90AB1>TRIM56,+",1
"PGRMC2>TRIM56,+",1
"KHDRBS1>TLN1,+",1
"YBX3>PGRMC2,+",1
"SNX3>MEF2A,+",1
"FCHO2>SLK,+",1
"YWHAB>SLK,+",1
"FCHO2>COPS2,+",1
"KHDRBS1>COPS2,+",1
"PTEN>FTX,+",1
"EIF3B>CNOT4,+",1
"PGRMC2>FTX,-",1
"SLK>DYNC1H1,+",1
"APOL3>HSD17B12,+",1
"MALAT1>HSD17B12,+",1
"APOL3>RSRP1,+",1
"PCMTD1>RSRP1,+",1
"HSD17B12>APOL3,+",1
"FRMD4B>AKAP9,+",1
"MALAT1>AKAP9,+",1
"ELAVL1>YWHAB,+",1
"DYNC1H1>MALAT1,+",1
"SHOC2>CNOT4,+",1
"MALAT1>SLC38A2,+",1
"PHAX>NFATC3,+",1
"FTX>PHAX,+",1
"STAT5B>PHAX,+",1
"EIF3B>FCHO2,+",1
"COPS2>FCHO2,+",1
"YBX3>ANP32E,+",1
"SEM1>HSP90AB1,+",1
"STAT5B>SRRM2,+",1
"MALAT1>SRRM2,+",1
"FRMD4B>IRF2BP2,+",1
"FTX>NFATC3,-",1
"ELAVL1>NFATC3,-",1
"APOL3>KHDRBS1,+",1
"ELAVL1>PCMTD1,+",1
"NFAT5>PCMTD1,+",1
"EIF3B>KMT2E,+",1
"SEM1>WAC,+",1
"FCHO2>PHC2,+",1
"COPS2>YBX3,+",1
"APOL3>KPNB1,+",1
"FCHO2>KPNB1,+",1
"FRMD4B>KPNB1,+",1
"PHAX>KPNB1,+",1
"MAP4>PHACTR4,+",1
"SEMA4C>PHACTR4,+",1
"COPS2>MAP4,+",1
"CLTA>RPL15,+",1
"MXRA7>CDK4,+",1
"POLR2C>COX7A2L,+",1
"SERINC3>COX7A2L,+",1
"NOSIP>HSP90B1,+",1
"SEPT2>HSP90B1,+",1
"GNB2>HSP90B1,+",1
"NPDC1>COX7A2,+",1
"SPAG9>SEPT2,+",1
"COX7A2L>GNB2,+",1
"CPNE2>GNB2,+",1
"NDUFC2>TPM3,+",1
"GNB2>NDUFC2,+",1
"MXRA7>TPM3,+",1
"PTTG1IP>TPM3,+",1
"SMG1>YWHAB,+",1
"PRRC2C>DRAP1,+",1
"MXRA7>DRAP1,+",1
"PPP1CB>PSMC5,+",1
"HECTD1>TXNDC12,+",1
"RPL15>TXNDC12,+",1
"MXRA7>TXNDC12,+",1
"ERLEC1>HIGD2A,+",1
"DRAP1>CDK4,+",1
"ITSN2>NDUFC2,+",1
"FBXW5>ERLEC1,-",1
"KDM5A>ZNF638,+",1
"CREBRF>RIT1,+",1
"CREBRF>RNF10,+",1
"PLEKHA1>RNF10,+",1
"FAM208B>RNF10,+",1
"CTNND1>RNF10,+",1
"LAMTOR1>RNF10,+",1
"PTP4A2>RNF10,+",1
"SERINC1>CTNNA1,+",1
"SERINC1>TULP4,+",1
"CREBRF>TULP4,+",1
"SMARCE1>ZNF638,+",1
"PTTG1IP>NDUFC2,+",1
"SMARCE1>FRYL,+",1
"PLEKHA1>FRYL,+",1
"PSIP1>FRYL,+",1
"MAGI1>DPYSL3,+",1
"GOLGA8A>DPYSL3,+",1
"EIF4G2>PTEN,+",1
"CREBRF>PTEN,+",1
"HIGD2A>TPR,+",1
"GNB2>TPR,+",1
"SPAG9>TPR,+",1
"HIGD2A>ERLEC1,+",1
"SEPT2>ERLEC1,+",1
"MORF4L1>EEA1,+",1
"HSP90B1>NOSIP,+",1
"HSP90B1>FBXW5,+",1
"RAB5C>MOB4,+",1
"ITSN2>MOB4,+",1
"NPDC1>MOB4,+",1
"FBXW5>MORF4L1,+",1
"SERINC3>MORF4L1,+",1
"CPNE2>MORF4L1,+",1
"PSMC5>TLN1,+",1
"SMG1>TLN1,+",1
"PPP1CB>NOSIP,+",1
"PTEN>NOSIP,+",1
"GNB2>EIF4B,+",1
"CPNE2>NOSIP,+",1
"DYNC1LI2>NUCB2,+",1
"ETNK1>PABPN1,+",1
"NDUFA3>ADCY4,+",1
"ETNK1>MRPL51,+",1
"KPNB1>MRPL51,+",1
"TMEM50B>MRPL51,+",1
"PDXDC1>TACC1,+",1
"EIF1AX>EEA1,+",1
"MAP4>EEA1,+",1
"RPL15>FBXW5,+",1
"NOSIP>CPNE2,+",1
"HIGD2A>PPP1CB,+",1
"SERINC3>RAB5C,+",1
"NPDC1>PPP1CB,+",1
"NOSIP>SLK,-",1
"MXRA7>SLK,+",1
"CPNE2>SLK,+",1
"SPAG9>AHNAK,+",1
"SPAG9>HSP90AB1,+",1
"RPL15>HSP90AB1,+",1
"CDK4>HSP90AB1,+",1
"HIGD2A>ITSN2,+",1
"SEPT2>RAB5C,+",1
"HSP90B1>PTBP3,+",1
"GNB2>CPNE2,+",1
"SPAG9>PTBP3,+",1
"SEPT2>SPAG9,+",1
"PTTG1IP>SPAG9,+",1
"NOSIP>BPTF,+",1
"DRAP1>MXRA7,+",1
"FBXW5>SERINC3,+",1
"HIGD2A>NONO,+",1
"BPTF>NONO,+",1
"SERINC3>NONO,+",1
"FBXW5>CPNE2,+",1
"PDCD10>MRPS7,-",1
"KLHL24>SLC3A2,-",1
"WAC>SHOC2,+",1
"AKAP9>OGA,+",1
"PTBP3>LRRC8C,+",1
"COMMD7>LRRC8C,+",1
"COPS2>LRRC8C,+",1
"ABI2>LRRC8C,+",1
"TAOK1>LRRC8C,+",1
"LRRC8C>SERBP1,+",1
"HYAL2>TAOK1,+",1
"TAX1BP1>TAOK1,+",1
"SLC3A2>CREBBP,-",1
"PPM1G>SMIM37,+",1
"HYAL2>PKM,+",1
"SMIM37>IL6ST,+",1
"COMMD7>CAVIN1,+",1
"HYAL2>LAMTOR5,+",1
"COPB2>LAMTOR5,-",1
"COPB2>SLC3A2,+",1
"HYAL2>SLC3A2,+",1
"AKAP9>SLC3A2,+",1
"MORF4L1>CDC37,+",1
"PBXIP1>PTBP3,+",1
"LRRC8C>PTBP3,+",1
"PPM1G>HYAL2,+",1
"IL6ST>ZFAND6,+",1
"DPYSL3>COPB2,+",1
"MORF4L1>COPB2,+",1
"LRRC8C>MESD,+",1
"NCK1>KPNB1,+",1
"PCMTD1>SSFA2,+",1
"SPTBN1>CFLAR,+",1
"ERG>CFLAR,+",1
"EIF4B>NCK1,+",1
"RHOA>NCK1,+",1
"EIF4B>RHOA,+",1
"AHNAK>RHOA,+",1
"RAP1B>RHOA,+",1
"EIF4B>KPNB1,+",1
"PCMTD1>KPNB1,+",1
"RAP1B>SPTBN1,+",1
"MORF4L1>MESD,+",1
"ERG>SPTBN1,+",1
"CHSY1>SPTBN1,+",1
"MORF4L1>MAP3K2,+",1
"EIF4B>ACTR10,+",1
"TCEAL8>PRDM2,+",1
"KPNB1>PRDM2,+",1
"PNN>PRDM2,+",1
"RAP1B>ABI2,+",1
"CBX3>PTEN,+",1
"TAPBP>PTEN,+",1
"ABI2>CFLAR,+",1
"SMIM37>SERPINB6,+",1
"DPYSL3>SERPINB6,+",1
"LRMDA>PPP1R13B,+",1
"MZT2A>LRMDA,-",1
"WDR60>LRMDA,+",1
"ZNF207>PIK3R3,+",1
"SMARCE1>PIK3R3,+",1
"AKAP9>PIK3R3,+",1
"PIN4>WDR60,+",1
"SSH1>AKAP9,+",1
"GLUD1>DPYSL3,+",1
"TMCC3>NFAT5,+",1
"F8>PPP1R13B,+",1
"GLUD1>SAMD4B,+",1
"GLUD1>LRMDA,+",1
"MXRA7>SAMD4B,+",1
"MAP3K2>PIN4,-",1
"MAPK1IP1L>PIN4,+",1
"WDR60>PIN4,+",1
"GADD45GIP1>IPO7,+",1
"HNRNPAB>PPHLN1,-",1
"AKAP9>PPHLN1,+",1
"GLUD1>MAP3K2,+",1
"F8>MAP3K2,+",1
"TGM2>OGA,+",1
"TGM2>LRMDA,-",1
"SAMD4B>EGLN1,+",1
"PPM1G>MORF4L1,+",1
"TAOK1>ATRX,+",1
"ATP6V0E1>NME4,+",1
"COPB2>NME4,+",1
"JPX>IGFBP4,+",1
"TAX1BP1>IGFBP4,+",1
"JPX>MCAM,+",1
"COMMD7>MCAM,+",1
"MESD>MCAM,+",1
"HPCAL1>MFNG,+",1
"CDK4>SRM,+",1
"HYAL2>SRM,+",1
"MORF4L1>ATRX,+",1
"MESD>CDH5,+",1
"JPX>ABI2,+",1
"LRRC8C>ABI2,+",1
"ABI2>HSP90AB1,+",1
"SMIM37>PBXIP1,+",1
"PBXIP1>ACIN1,+",1
"ATP6V0E1>ACIN1,+",1
"SMIM37>EGLN1,-",1
"ATRX>EGLN1,+",1
"AKAP9>SETD5,+",1
"COMMD7>CDH5,+",1
"AHNAK>SSFA2,+",1
"KLHL5>MEF2A,+",1
"PNN>MEF2A,+",1
"MZT2A>MAGT1,-",1
"REST>CTNNB1,+",1
"DOC2B>CTNNB1,+",1
"SPAG9>CTNNB1,-",1
"HNRNPR>TXNDC12,+",1
"MAGT1>TXNDC12,+",1
"LIPA>TXNDC12,+",1
"SLK>TXNDC12,+",1
"DOC2B>TAOK1,+",1
"MAGT1>TAOK1,+",1
"RIT1>MAGT1,+",1
"FAM89B>CASD1,-",1
"SRM>CTNNB1,-",1
"CASD1>MBTPS1,+",1
"FAM89B>MBTPS1,+",1
"HNRNPK>MBTPS1,+",1
"MEF2A>MBTPS1,+",1
"TAOK1>TCEAL4,+",1
"NNMT>TCEAL4,-",1
"EIF1AX>REST,-",1
"ZFAND6>REST,+",1
"TXNDC12>NNMT,-",1
"CASD1>NNMT,-",1
"NME4>CTNNB1,+",1
"ZFAND6>SRM,+",1
"DOC2B>NNMT,+",1
"PITHD1>TMEM126B,-",1
"HNRNPR>EIF1AX,+",1
"REST>PNISR,+",1
"HNRNPK>PNISR,+",1
"TXNDC12>PSMA7,+",1
"NNMT>TAPBP,-",1
"REST>ZFAND6,+",1
"TAOK1>DOC2B,+",1
"PKN2>DOC2B,+",1
"NNMT>DOC2B,+",1
"BAG5>NDUFS8,-",1
"DOC2B>TMEM126B,+",1
"DOC2B>SRM,+",1
"DDX60>LIPA,-",1
"EIF1AX>LIPA,+",1
"PSMA7>PITHD1,+",1
"SRM>PITHD1,-",1
"MAGT1>PITHD1,-",1
"RIT1>PITHD1,+",1
"DOC2B>MACF1,+",1
"ZFAND6>MACF1,+",1
"REST>SRM,-",1
"HNRNPK>SRM,+",1
"NDUFB1>NNMT,+",1
"CYC1>MRPL28,-",1
"RAB5C>MEF2A,+",1
"ATRX>TMEM50B,+",1
"CYB5B>AHNAK,+",1
"AHNAK>FTX,+",1
"SSFA2>FTX,+",1
"PNN>KMT2A,+",1
"KLHL5>KMT2A,+",1
"EIF4B>HPCAL1,+",1
"CALCOCO2>HPCAL1,+",1
"ERG>HPCAL1,+",1
"KLHL5>PCM1,+",1
"CALCOCO2>TMEM50B,+",1
"KPNB1>ATRX,+",1
"RAP1B>ROCK2,+",1
"TAPBP>ATRX,+",1
"PCMTD1>CALCOCO2,+",1
"ATRX>RAB5C,-",1
"CYB5B>RAB5C,+",1
"PCMTD1>RAB5C,+",1
"PNN>BPTF,+",1
"MORF4L1>PCMTD1,+",1
"CALCOCO2>AKAP9,+",1
"RHOA>AKAP9,+",1
"SPTBN1>MEF2A,+",1
"ERG>AHNAK,+",1
"RHOA>EIF4B,+",1
"DYNC1H1>MZT2A,-",1
"EIF4B>RPL36AL,+",1
"NNMT>MZT2A,+",1
"DOC2B>NME4,+",1
"ZFAND6>NME4,+",1
"PSMA7>BAG5,+",1
"PKN2>EHD2,+",1
"NME4>FAM89B,+",1
"EIF1AX>FAM89B,+",1
"ANKRD28>KPNB1,+",1
"ZBTB7A>ANKRD28,+",1
"NNMT>RSF1,-",1
"SMIM37>RPL36AL,+",1
"RALA>EIF4B,+",1
"TCEAL8>RPL36AL,+",1
"PTMA>RPL36AL,+",1
"MEF2A>CYB5B,+",1
"HPCAL1>CYB5B,-",1
"SPTBN1>TCEAL8,+",1
"AHNAK>TCEAL8,+",1
"TAPBP>TCEAL8,+",1
"RHOA>UBB,+",1
"RAP1B>ERG,+",1
"ACTR10>EIF4B,+",1
"MZT2A>OGA,-",1
"DR1>MAPK1IP1L,+",1
"MOB4>SLC3A2,+",1
"WDR60>MAPK1IP1L,+",1
"KPNB1>DYNC1H1,+",1
"PNISR>DYNC1H1,+",1
"MORF4L1>DYNC1H1,+",1
"VAT1>ERBIN,+",1
"EGLN1>PABPC1,+",1
"MORF4L1>KPNB1,+",1
"PPP1R13B>FAM84B,+",1
"ROBO4>FAM84B,+",1
"SPAG9>KDM2A,+",1
"AKAP9>KDM2A,+",1
"NME4>PSMC1,+",1
"PTMS>PSMC1,+",1
"MORF4L1>VAT1,+",1
"SLC3A2>VAT1,+",1
"TAPBP>SLC30A7,+",1
"MORF4L1>POLR2C,+",1
"GLUD1>TAPBP,+",1
"SLC30A7>TAPBP,+",1
"TAPBP>MAP3K2,-",1
"SLC30A7>NCKAP1,+",1
"CLK1>AKAP9,+",1
"DYNC1H1>AKAP9,+",1
"PNISR>TMEM50B,+",1
"POLR2C>GLUD1,+",1
"PPP1R13B>GLUD1,+",1
"SLC30A7>DDX5,+",1
"RIMKLB>TSHZ2,+",1
"MORF4L1>PNISR,+",1
"DYNC1H1>PNISR,+",1
"PTMS>PNISR,+",1
"TPM3>PNISR,+",1
"RPL13A>RPS29,+",1
"VAT1>RIMKLB,+",1
"SLC30A7>RIMKLB,+",1
"SLC30A7>HNRNPUL1,+",1
"LUC7L3>MRPL22,-",1
"DYNC1H1>MRPL22,+",1
"EGLN1>TSHZ2,+",1
"MORF4L1>DDX5,+",1
"CLK1>TSHZ2,+",1
"DDX5>TPM3,+",1
"PNISR>TPM3,+",1
"MRPL22>LUC7L3,-",1
"KPNB1>CLK1,+",1
"FAM84B>AHNAK,+",1
"PNISR>AHNAK,+",1
"DDX5>AHNAK,+",1
"POLR2C>AHNAK,+",1
"PTMS>COMMD7,+",1
"CLK1>SRRM2,+",1
"MAP3K2>SPAG9,+",1
"TAPBP>SPAG9,+",1
"IDS>KLHL24,-",1
"ABI2>DYNLT1,-",1
"KLHL24>IDS,-",1
"MRPS7>PKM,+",1
"ACTR10>DIAPH1,+",1
"CBX6>DIAPH1,+",1
"CBX6>MOB4,+",1
"ATP6V0E1>MOB4,+",1
"EMD>MOB4,+",1
"RAB5A>MOB4,+",1
"KIAA0355>SUCLG1,+",1
"RAB5A>KLHL24,-",1
"RAB5A>ID3,-",1
"VGLL4>KLHL24,+",1
"RAB5A>VASP,+",1
"DYNLT1>VASP,+",1
"PQBP1>VASP,+",1
"CBX6>RCN2,+",1
"DICER1>RCN2,-",1
"IDS>GRINA,+",1
"KIAA0355>GRINA,+",1
"ACTR10>SHISA5,+",1
"PDCD10>SHISA5,-",1
"TAPBP>ID3,+",1
"SLC3A2>NOSTRIN,+",1
"GLUD1>ROBO4,+",1
"COA3>DICER1,-",1
"MRPL22>ROBO4,+",1
"SPAG9>ROBO4,+",1
"FAM84B>ROBO4,+",1
"VAT1>EGLN1,+",1
"VAT1>PTEN,+",1
"DYNLT1>CD55,-",1
"KLHL24>USP14,+",1
"KPNB1>USP14,+",1
"RAB5A>DICER1,-",1
"MRPL22>DICER1,-",1
"DYNLT1>KIAA0355,+",1
"CBX6>NOSTRIN,-",1
"PDCD10>KIAA0355,+",1
"TAPBP>KIAA0355,+",1
"IDS>NDUFC2,-",1
"DYNLT1>NDUFC2,+",1
"CBX6>NDUFC2,+",1
"EMD>MARCKSL1,+",1
"DYNLT1>COA3,-",1
"NOSIP>PDCD10,+",1
"DIAPH1>TMED7,+",1
"ATP6V0E1>TMED7,+",1
"MAP3K2>SNX3,+",1
"CBX3>PPP1R13B,-",1
"TXNDC12>SLC3A2,+",1
"MXRA7>THBD,-",1
"IPO7>SPRY1,-",1
"SSH1>SPRY1,+",1
"DECR1>PSMC1,+",1
"MZT2A>MXRA7,-",1
"WDR60>TMCC3,+",1
"DR1>TMCC3,+",1
"F8>GLUD1,+",1
"MAP3K2>IGFBP2,+",1
"SMARCE1>TERF1,+",1
"HNRNPAB>SNX3,+",1
"PSMC1>THBD,-",1
"PDCD4>HNRNPAB,+",1
"PIN4>THBD,-",1
"SSH1>PQLC1,+",1
"WDR60>PQLC1,-",1
"MZT2A>PQLC1,+",1
"SMARCE1>CALCOCO2,+",1
"TROVE2>DECR1,-",1
"IPO7>DECR1,+",1
"CAPZA1>TCEAL9,+",1
"TPR>TCEAL9,+",1
"MRPL28>TCEAL9,-",1
"BRWD1>HNRNPAB,+",1
"MXRA7>TROVE2,+",1
"MRPL28>BRWD1,+",1
"SMARCE1>MZT2A,+",1
"SAMD4B>MALAT1,+",1
"AKAP9>MALAT1,+",1
"AKAP9>SSH1,+",1
"PIN4>SSH1,-",1
"IPO7>GADD45GIP1,+",1
"PPHLN1>ZKSCAN1,+",1
"WDR60>PDCD4,+",1
"AKAP9>PDCD4,+",1
"F8>PDCD4,+",1
"MAPK1IP1L>MZT2A,+",1
"TROVE2>MZT2A,+",1
"MAP3K2>TROVE2,-",1
"TROVE2>TRIM56,-",1
"AKAP9>TRIM56,+",1
"F8>FRYL,+",1
"SMARCE1>DR1,-",1
"GLUD1>DR1,+",1
"PIK3R3>DR1,+",1
"MAP3K2>DR1,+",1
"DPYSL3>ZNF207,+",1
"PSMC1>ZNF207,+",1
"IPO7>TROVE2,-",1
"ITSN2>TCEAL9,-",1
"NFAT5>BRWD1,+",1
"RPL13A>GNAQ,+",1
"BRWD1>SMG1,+",1
"CMPK1>ACIN1,+",1
"LUC7L3>ACIN1,+",1
"BRWD1>NFAT5,+",1
"TPR>ITSN2,+",1
"SPTAN1>ITSN2,+",1
"SLIRP>LUC7L3,+",1
"ITSN2>LUC7L3,+",1
"ITSN2>ABI2,-",1
"SLIRP>MRPL28,+",1
"LUC7L3>HNRNPDL,+",1
"LUC7L3>COPS2,+",1
"SLK>AHNAK,+",1
"CMPK1>COPS2,+",1
"NFAT5>ERBIN,+",1
"TPR>ERBIN,+",1
"MRPL28>ERBIN,-",1
"TSPYL1>DYNC1H1,+",1
"CMPK1>AKAP9,+",1
"ITSN2>SLK,+",1
"CAPZA1>PTEN,-",1
"TPM3>LAPTM4A,+",1
"DYNC1H1>GNAQ,+",1
"ITSN2>AHNAK,+",1
"TPR>AHNAK,+",1
"CD46>CPNE3,+",1
"PURA>RB1CC1,+",1
"MRPL28>DR1,+",1
"CAPZA1>PCMTD1,-",1
"TPR>PCMTD1,+",1
"HNRNPDL>CDC42BPA,+",1
"ERG>TPR,+",1
"LUC7L3>CMPK1,+",1
"SPTAN1>UBE2N,+",1
"BAX>UBE2N,+",1
"ITSN2>UBE2N,+",1
"ITSN2>RB1CC1,+",1
"TSPYL1>KANSL1,+",1
"SLIRP>KPNB1,+",1
"SPTAN1>CAPZA1,-",1
"ITSN2>UBL3,+",1
"PURA>DPYSL3,-",1
"TPR>SPAG9,+",1
"SLIRP>BAX,+",1
"BRWD1>BAX,-",1
"TSPYL1>KAT7,+",1
"NFAT5>CHSY1,+",1
"CFLAR>CHSY1,+",1
"SPTAN1>ERG,+",1
"EIF3B>SUMF2,+",1
"YBX3>SHOC2,+",1
"ASAP1>TIMP3,+",1
"DYNLL1>GABARAPL2,+",1
"PGRMC2>MXRA7,-",1
"NFAT5>MXRA7,+",1
"NOSIP>PDGFB,+",1
"PGRMC2>FGD5-AS1,+",1
"DR1>FGD5-AS1,+",1
"PITPNB>NFAT5,-",1
"RCN2>NFAT5,+",1
"ETNK1>C9orf78,+",1
"TBC1D5>C9orf78,+",1
"RCN2>C9orf78,-",1
"APEX1>BAZ1B,+",1
"TBC1D5>BAZ1B,+",1
"ATP2B1>TBC1D5,+",1
"LSM4>TBC1D5,+",1
"SLU7>TBC1D5,+",1
"MRPL40>TBC1D5,-",1
"DR1>CSDE1,+",1
"NFAT5>CSDE1,+",1
"APEX1>DYNC1H1,+",1
"NFAT5>DYNC1H1,+",1
"BAZ1B>SPTBN1,+",1
"GIPC2>SPTBN1,-",1
"NFAT5>KDM2A,+",1
"ATP2B1>MXRA7,-",1
"KDM2A>MXRA7,+",1
"MRPL40>HPCAL1,+",1
"RCN2>PITPNB,+",1
"ATP2B1>SLU7,-",1
"SPAG9>SLU7,+",1
"SCP2>SLU7,+",1
"PITPNB>RCN2,+",1
"MRPL40>APEX1,+",1
"NFAT5>APEX1,-",1
"RCN2>APEX1,+",1
"RCN2>TYW3,+",1
"MRPL40>PITPNB,+",1
"TBC1D5>PITPNB,+",1
"APEX1>KPNB1,-",1
"ATN1>HPCAL1,+",1
"GIPC2>NME4,+",1
"MRPL40>LSM4,+",1
"RCN2>ATP2B1,-",1
"DR1>ATP2B1,-",1
"ATN1>ATP2B1,+",1
"NOSIP>CYTH2,+",1
"PPP1CB>TMEM50B,+",1
"NOSIP>TMEM50B,+",1
"NOSIP>DNTTIP2,-",1
"SPTBN1>HPCAL1,+",1
"LSM4>SPAG9,+",1
"TBC1D5>PPP1CB,-",1
"PPP1CB>PGRMC2,+",1
"MUM1>ATG3,+",1
"HPCAL1>YIPF4,-",1
"DYNLL1>YIPF4,-",1
"CDK4>SMG1,+",1
"EIF5B>CDK4,+",1
"ATG3>CAVIN1,+",1
"MUM1>EIF5B,-",1
"PDLIM5>EIF5B,-",1
"RILPL2>ZNF428,-",1
"CNIH4>ZNF428,+",1
"CAVIN1>ZNF428,+",1
"KLHL24>JAG1,-",1
"PTEN>YIPF4,-",1
"ATG3>NOSIP,+",1
"ATG3>MUM1,+",1
"EIF4B>C3orf58,+",1
"JAG1>EIF4H,+",1
"EGLN1>EIF4H,+",1
"PDLIM5>EIF4H,+",1
"EIF4B>MAPK3,+",1
"NOSIP>MAPK3,+",1
"CAVIN1>MAPK3,+",1
"RILPL2>SUCLG1,+",1
"MXRA7>YIPF4,-",1
"MRPL40>PTEN,+",1
"LSM4>PGRMC2,+",1
"NOSIP>DCTN3,+",1
"PPP1CB>NBEAL1,+",1
"APEX1>NBEAL1,+",1
"PPP1CB>ABI2,+",1
"PITPNB>ABI2,+",1
"NDUFAF3>ABI2,+",1
"C9orf78>SCP2,+",1
"ETNK1>UBE2A,+",1
"NFAT5>COPS2,+",1
"KDM2A>COPS2,+",1
"SPAG9>DCTN3,+",1
"MXRA7>CHMP2B,+",1
"GIPC2>NOSIP,+",1
"PITPNB>PTBP3,+",1
"BAZ1B>PTBP3,+",1
"SPTBN1>IGFBP2,+",1
"COPS2>URI1,+",1
"GIPC2>URI1,+",1
"SCP2>URI1,+",1
"ATP2B1>HMGN2,-",1
"LSM4>HMGN2,+",1
"APEX1>HMGN2,+",1
"ABI2>HMGN2,+",1
"COPS2>TXNDC12,+",1
"LSM4>TXNDC12,+",1
"PGRMC2>TXNDC12,+",1
"KHDRBS1>MALAT1,+",1
"MAZ>MXRA7,+",1
"C19orf24>ACBD3,+",1
"MOB4>SPTAN1,+",1
"LIMA1>SPTAN1,+",1
"RILPL2>NR3C1,+",1
"MOB4>MTPN,+",1
"MALAT1>KHDRBS1,+",1
"MRPS36>MOB4,+",1
"PPP3CA>NDUFC2,+",1
"C19orf24>DYNC1H1,+",1
"MOB4>SLK,+",1
"NOSIP>PTPRM,+",1
"C9orf78>NFAT5,+",1
"DR1>MRPL28,+",1
"LIMA1>DST,+",1
"EIF4B>PTMA,+",1
"MCTP1>PTMA,+",1
"DR1>UBE2H,+",1
"PTPRM>UBE2H,+",1
"ATP5MC2>FRMD4B,+",1
"RPL15>RPLP2,+",1
"RNASE1>NDUFB1,+",1
"RBM3>MXRA7,+",1
"PSMC5>KMT2E,-",1
"RPLP2>RPS13,+",1
"MAZ>ELAVL1,-",1
"DPYSL3>MCTP1,+",1
"C9orf78>MCTP1,+",1
"C19orf24>MCTP1,+",1
"ACBD3>MCTP1,+",1
"DYNC1H1>MCTP1,+",1
"HPCAL1>C9orf78,+",1
"GNAS>C9orf78,+",1
"PSMC5>EIF4B,+",1
"MALAT1>PPP3CA,+",1
"LIMA1>PPP3CA,+",1
"PSMC5>ELAVL1,+",1
"MALAT1>KMT2E,+",1
"C19orf24>MRPS36,+",1
"C9orf78>UPF2,+",1
"PSMC5>UPF2,+",1
"RILPL2>UPF2,+",1
"LIMA1>SLIRP,+",1
"NFAT5>RWDD1,+",1
"NOSIP>RWDD1,+",1
"MCTP1>DPYSL3,+",1
"NOSIP>BRWD1,+",1
"MAZ>FRMD4B,+",1
"RPL15>NDUFB1,+",1
"UQCRB>MOB4,+",1
"DR1>TXNDC12,-",1
"EEF1B2>EHD2,+",1
"ATP5ME>EID1,+",1
"RNASE1>SMIM10,+",1
"EID1>PSMG2,+",1
"UQCRB>SMIM37,+",1
"RNASE1>SMIM37,+",1
"SMIM37>RNASE1,+",1
"TANC1>GIPC2,-",1
"PHF20>GIPC2,+",1
"NDUFA12>CALCOCO2,+",1
"PSMG2>CALCOCO2,+",1
"RPS13>UQCRB,+",1
"COMMD3>YBX1,+",1
"MOB4>ABI2,+",1
"RBM42>ABI2,+",1
"ATP6V0E1>ABI2,+",1
"EPHA4>ABI2,+",1
"EPHA4>RHOC,+",1
"NFAT5>RHOC,+",1
"ATP5MC2>MMRN2,+",1
"RBM42>NCK1,+",1
"COPS2>NCK1,+",1
"RNASE1>NCK1,+",1
"EEF1B2>RPL15,+",1
"MORF4L1>KMT2A,+",1
"RPS13>EEF1B2,+",1
"MORF4L1>NDUFA12,+",1
"PCDH1>COMMD3,+",1
"GIPC2>COMMD3,+",1
"SMIM37>COMMD3,+",1
"RPS13>EEF1D,+",1
"COPS2>ATP5MC2,+",1
"RNASE1>ATP5MC2,+",1
"PSMG2>ATP5MC2,+",1
"MORF4L1>ATP6V0E1,+",1
"COPS2>TANC1,+",1
"PCDH1>TANC1,-",1
"NFAT5>NDUFC2,+",1
"EGLN1>KMT2A,+",1
"ATP5ME>COPS2,+",1
"GIPC2>COPS2,+",1
"SMIM37>COPS2,+",1
"EID1>RAC1,+",1
"EPHA4>PHF20,+",1
"RBM42>PHF20,+",1
"NFAT5>PHF20,+",1
"NDUFB1>PHF20,+",1
"EGLN1>PPP1R13B,+",1
"RBM42>KMT2A,+",1
"PDLIM5>GABARAPL2,+",1
"CWF19L2>CNIH4,-",1
"MRPS36>MAZ,+",1
"HYAL2>SLK,+",1
"NACA>ERP29,+",1
"BRD4>MAP4,+",1
"CTNNA1>MAP4,+",1
"PDS5A>MAP4,-",1
"CTNND1>ADCY4,+",1
"CTCF>BRD4,+",1
"CLTC>SLK,+",1
"BRD4>TCP1,+",1
"CTCF>TCP1,+",1
"CLTC>ZNF428,+",1
"ANXA7>USF2,+",1
"ANXA7>MXRA7,+",1
"PAFAH1B2>MXRA7,+",1
"PEPD>MXRA7,-",1
"NME4>PPP4R3A,-",1
"EGLN1>PPP4R3A,+",1
"NACA>SLC3A2,+",1
"BTG2>KIAA1551,+",1
"EGLN1>KIAA1551,+",1
"PHC2>CTCF,+",1
"NACA>CTCF,+",1
"POLR1D>PDS5A,-",1
"KIAA1551>PDS5A,-",1
"NACA>PARVB,+",1
"CTCF>SPAG9,-",1
"IDS>PHC2,-",1
"KIAA1551>EIF3H,+",1
"RPL22>NME4,+",1
"MIEN1>EID1,+",1
"JTB>NDUFAF3,+",1
"NDUFA3>CUTA,+",1
"RPL18>RPL38,+",1
"CLTC>BCAP29,+",1
"SLC30A7>NME4,+",1
"KIAA1551>NME4,+",1
"NACA>NME4,+",1
"SERINC3>PAFAH1B2,+",1
"CTNNA1>EIF3H,+",1
"PDS5A>NDUFAF3,-",1
"MAP4>EIF3H,-",1
"NACA>EIF3H,+",1
"TCP1>CTNND1,+",1
"KIAA1551>CTNND1,+",1
"USF2>ANXA7,+",1
"PDS5A>ANXA7,-",1
"BRD4>DENND4C,+",1
"CLTC>BTG2,+",1
"PDS5A>NACA,+",1
"BRD4>NDUFAF3,+",1
"SLC3A2>CLTC,-",1
"ZNF428>CLTC,+",1
"BTG2>CLTC,+",1
"NOL7>MESD,+",1
"PEPD>PGRMC2,+",1
"ZFAND6>ASAP1,+",1
"ASAP1>PNN,+",1
"JPX>TAX1BP1,+",1
"LIMS2>TAX1BP1,+",1
"C14orf119>CSTB,+",1
"NOL7>PPP4R2,+",1
"GNL1>PPP4R2,+",1
"MESD>SEC22B,+",1
"C14orf119>MESD,+",1
"ASAP1>MESD,+",1
"ZFAND6>PGRMC2,+",1
"PNN>DDX60,+",1
"LMBR1L>DDX60,-",1
"ASAP1>DDX60,-",1
"PIEZO1>JPX,-",1
"RUNX1T1>JPX,+",1
"EIF3H>JPX,+",1
"DDX60>JPX,+",1
"LMBR1L>JPX,+",1
"GNL1>LMBR1L,+",1
"LMBR1L>TIMP3,+",1
"C14orf119>PGRMC2,-",1
"HPCAL1>NDUFA10,+",1
"NACA>PEPD,+",1
"BTG2>GAS6,+",1
"PDS5A>PEPD,-",1
"MAP4>DYNC1H1,+",1
"CTNNA1>SEMA6B,+",1
"NOSIP>EGLN1,+",1
"BRD4>SHISA5,+",1
"PEPD>SHISA5,+",1
"KIAA1551>HPCAL1,-",1
"SLC3A2>HPCAL1,+",1
"ZNF428>HPCAL1,+",1
"SPAG9>GAS6,+",1
"ANXA7>SERINC3,+",1
"SNX3>NDUFA10,+",1
"CLTC>SERINC3,+",1
"POLR1D>SERINC3,+",1
"PAFAH1B2>SERINC3,+",1
"NME4>SMG1,+",1
"CTNND1>SMG1,+",1
"POLR1D>SLC30A7,+",1
"DGLUCY>MBD2,+",1
"HPCAL1>MBD2,+",1
"POLR1D>IDS,+",1
"CTNND1>IDS,-",1
"SSBP4>CTNNB1,+",1
"JTB>CTNNB1,+",1
"RILPL2>ABI2,+",1
"RILPL2>EHD2,-",1
"ROCK2>EGLN1,+",1
"ATG3>ITSN2,+",1
"PDLIM5>TAPBP,+",1
"CWF19L2>TAPBP,-",1
"AKAP9>TAPBP,+",1
"SMG1>VASP,+",1
"CWF19L2>MXRA7,+",1
"MXRA7>CREBRF,+",1
"JAG1>DST,+",1
"EIF5B>YBX1,+",1
"CAVIN1>EHD2,+",1
"PSMC5>EGLN1,-",1
"ROCK2>EHD2,+",1
"HYAL2>SEC63,+",1
"SMG1>SEC63,+",1
"CWF19L2>USP7,-",1
"RPL38>RPS13,+",1
"UPF2>MIEN1,+",1
"WBP2>MIEN1,+",1
"HDAC1>MIEN1,+",1
"MIEN1>CDC37,+",1
"SSBP4>CDC37,+",1
"SMG1>EGLN1,+",1
"PDLIM5>HYAL2,+",1
"PTEN>UPF2,+",1
"PTEN>KLHL24,-",1
"EGLN1>PSMC5,-",1
"CAVIN1>PDLIM5,+",1
"TAPBP>CBX6,+",1
"TAPBP>CWF19L2,-",1
"CDK4>CPNE3,+",1
"MXRA7>CPNE3,+",1
"CNIH4>GLUD1,+",1
"PDLIM5>KLHL24,+",1
"BPTF>KLHL24,+",1
"EIF4B>KLHL24,+",1
"EIF5B>KLHL24,-",1
"ATG3>HYAL2,+",1
"EEF1B2>DYNLL1,+",1
"EML4>DYNLL1,-",1
"EIF4B>EEF1B2,+",1
"HSP90AB1>EEF1B2,+",1
"EGLN1>DYNC1H1,+",1
"TAPBP>DYNC1H1,+",1
"CWF19L2>BPTF,-",1
"CNIH4>EIF4B,+",1
"HYAL2>EIF4B,+",1
"PDLIM5>EIF4B,+",1
"RILPL2>PRKD3,+",1
"CSDE1>DST,+",1
"SCP2>NPDC1,+",1
"SCP2>MAP4,+",1
"PRKD3>CBX6,+",1
"SLC25A3>CBX6,+",1
"RPL23A>CBX6,+",1
"RPS9>NACA,+",1
"SCP2>RILPL2,+",1
"PRKD3>RILPL2,+",1
"RPL21>RILPL2,+",1
"CTNNB1>SCP2,+",1
"JTB>SCP2,+",1
"NOSIP>SCP2,+",1
"LIMA1>MAP4,+",1
"MIEN1>HDAC1,+",1
"SLC25A3>MAP4,+",1
"NDUFA3>ATG3,+",1
"NDUFAF3>ATG3,+",1
"NME4>NOSIP,+",1
"RIT1>NOSIP,+",1
"MIEN1>NOSIP,+",1
"RPL18>RPL13A,+",1
"RPS9>NDUFA3,+",1
"NOSIP>NDUFA3,+",1
"PRKD3>NPDC1,+",1
"NDUFA3>CBX6,+",1
"RPL13A>SLC25A3,+",1
"WBP2>CSDE1,+",1
"NOSIP>WBP2,+",1
"SSBP4>CSDE1,+",1
"SCP2>ARPC5,+",1
"SLC25A3>ARPC5,+",1
"MRPS7>PELI1,+",1
"UPF2>PELI1,+",1
"RILPL2>PELI1,+",1
"MIEN1>PELI1,+",1
"MIEN1>WBP2,+",1
"DPYSL3>WBP2,+",1
"CSDE1>WBP2,+",1
"ABI2>WBP2,+",1
"PRKD3>SLC25A3,+",1
"SSBP4>DPYSL3,+",1
"MIEN1>MRPS7,+",1
"MIEN1>NDUFB1,+",1
"NOSIP>NDUFB1,-",1
"SSBP4>NDUFB1,+",1
"ABI2>SHISA5,+",1
"MAP4>SHISA5,+",1
"RPL18>RPL15,+",1
"RPS9>RPL15,+",1
"MIEN1>SLC25A3,+",1
"C19orf24>MAZ,+",1
"DPYSL3>MAZ,+",1
"SEM1>SHOC2,+",1
"USP7>SPRY1,-",1
"DHX15>RNF10,+",1
"SUGT1>HLA-F,-",1
"AAMP>EIF3D,-",1
"RNF10>EIF3D,+",1
"SELENOT>ATG3,+",1
"AAMP>HSD17B10,+",1
"SENP7>HSD17B10,+",1
"RNF10>PHC2,+",1
"PDCD10>PHC2,+",1
"SENP7>EGLN1,+",1
"SENP7>DDX46,+",1
"CSDE1>DDX46,+",1
"BRWD1>AKAP9,+",1
"DHX15>AKAP9,+",1
"CSDE1>AKAP9,+",1
"PIEZO1>AKAP9,+",1
"DHX15>ADCY4,+",1
"PIEZO1>ADCY4,+",1
"SMU1>NCKAP1,+",1
"SENP7>NCKAP1,+",1
"RNF10>NCKAP1,-",1
"SELENOT>NCKAP1,+",1
"RPL22>KMT2A,+",1
"PDCD10>RPL22,+",1
"TAPBP>NUTM2B-AS1,+",1
"AAMP>NUTM2B-AS1,+",1
"PCNP>AHR,+",1
"KPNB1>NCKAP1,+",1
"PPP4R3A>SEPT2,+",1
"DR1>PCNP,+",1
"HPCAL1>PCNP,+",1
"PPP4R3A>SMARCA2,+",1
"DOCK9>SMARCA2,+",1
"HPCAL1>HSPA9,+",1
"DR1>DOCK9,-",1
"SMARCA2>DOCK9,+",1
"TRIP11>AKAP9,+",1
"DR1>COMMD3,+",1
"SENP7>NUTM2B-AS1,+",1
"SSFA2>UBE2H,+",1
"CFLAR>ZFAND6,+",1
"TGOLN2>SLK,+",1
"PCNP>IL33,+",1
"ARRDC3>IL33,+",1
"PALMD>NFAT5,+",1
"PDCD10>MALAT1,+",1
"RPL22>PITPNB,+",1
"AAMP>SELENOT,+",1
"ANP32E>PSMB3,+",1
"AAMP>CCDC186,-",1
"MORF4L1>CCDC186,+",1
"SENP7>PDCD10,+",1
"KDELR1>MAP3K2,+",1
"TRIM56>KDELR1,-",1
"MAP3K2>TRIM56,+",1
"SEC63>NCKAP1,+",1
"DPYSL3>NCKAP1,+",1
"FCHO2>NFAT5,+",1
"SAT2>SAFB,+",1
"NNMT>SAFB,+",1
"CTNNA1>CYBC1,+",1
"SHISA5>LSM7,+",1
"SAT2>MAP3K2,-",1
"CTNNA1>MAP3K2,-",1
"NNMT>SHISA5,-",1
"NNMT>MAP3K2,-",1
"SAFB>MAP3K2,+",1
"CYBC1>ASAP1,+",1
"KIAA1551>ASAP1,+",1
"MAP3K2>SMARCA4,+",1
"FCHO2>PPP1R13B,+",1
"NNMT>PPP1R13B,-",1
"MORF4L1>TLN1,+",1
"LDHB>TLN1,+",1
"EGLN1>SAT2,+",1
"EGLN1>KDELR1,+",1
"ABI2>SHISA5,-",1
"SELENOT>ACTR2,+",1
"AAMP>DYNC1H1,+",1
"NFAT5>SENP7,+",1
"DHX15>SMU1,+",1
"HSD17B10>AAMP,+",1
"RNF10>AAMP,+",1
"TAPBP>MIA3,+",1
"HPCAL1>MIA3,+",1
"EGLN1>HIP1,+",1
"MORF4L1>WNK1,+",1
"PDCD10>WNK1,+",1
"PSMB3>WNK1,+",1
"DHX15>DYNC1H1,+",1
"ITSN2>HYAL2,+",1
"PTMA>TAPBP,+",1
"AAMP>ANP32E,+",1
"RNF10>ANP32E,+",1
"HPCAL1>ANP32E,+",1
"PSMB3>ANP32E,+",1
"HSD17B10>PTEN,+",1
"SMU1>PTEN,+",1
"LDHB>CBX1,-",1
"SAFB>CBX1,+",1
"PSMC5>IFI6,-",1
"TPR>ATF2,+",1
"SEPT2>TPR,+",1
"UBE2H>TPR,+",1
"RPS29>PTMA,+",1
"PNN>LNPEP,+",1
"APP>SKIL,+",1
"FNBP1L>KANSL1,+",1
"NFATC3>HPCAL1,+",1
"PTMA>HPCAL1,+",1
"PTMA>SUCLG1,+",1
"SEPT2>BIRC2,+",1
"PURA>NFATC3,+",1
"SUCLG1>NFATC3,+",1
"MT-ND3>MT-ND2,+",1
"MT-ATP6>MT-CYB,+",1
"PABPC1>RPS29,+",1
"MT-CO2>MT-ND3,+",1
"MT-ATP6>MT-ND3,+",1
"SUCLG1>AKAP9,+",1
"PURA>AKAP9,+",1
"AKAP9>GLUD1,+",1
"PURA>GLUD1,+",1
"PURA>SLIRP,+",1
"FNBP1L>SLIRP,+",1
"AKAP9>SLIRP,+",1
"PTMA>SLIRP,+",1
"PTMA>RPS29,+",1
"ESAM>CTNNB1,+",1
"SEPT2>ESAM,+",1
"CFLAR>APP,+",1
"EIF3B>DOCK1,+",1
"SLK>DOCK1,+",1
"NFAT5>CALCOCO2,+",1
"YWHAB>CREBBP,+",1
"ELAVL1>NFAT5,+",1
"KHDRBS1>NFAT5,+",1
"MT-CO2>MCAM,+",1
"RPS29>PABPC1,+",1
"RPS29>EEF1B2,+",1
"RPS29>RPL13A,+",1
"FNBP1L>APP,+",1
"RPS29>CTNNB1,+",1
"SUCLG1>PURA,+",1
"CDC37>PURA,+",1
"SEPT2>PURA,+",1
"AKAP9>PURA,+",1
"SEC23A>PURA,+",1
"SEC23A>NFAT5,+",1
"MT-ATP6>MT-CO1,+",1
"MT-ND2>PNN,+",1
"MT-CO2>PNN,+",1
"MT-ATP6>MT-CO2,+",1
"APP>CFLAR,+",1
"SUCLG1>ABI2,+",1
"PPP4R3A>RAB5A,+",1
"NCKAP1>TGOLN2,+",1
"A2M>CDC42BPA,+",1
"SSFA2>CDC42BPA,+",1
"SEPT2>TRIP11,+",1
"NCKAP1>TRIP11,+",1
"DOCK9>TRIP11,+",1
"CRYBG3>COL4A1,+",1
"A2M>COL4A1,+",1
"ARHGEF12>ESAM,+",1
"ARGLU1>NPR3,+",1
"SSFA2>NPR3,+",1
"DR1>TGOLN2,+",1
"AHR>KPNB1,+",1
"SEPT2>PPP1R13B,+",1
"PPP4R3A>PPP1R13B,+",1
"DR1>HERC2,+",1
"SEPT2>ARHGEF12,+",1
"PCNP>EFNB2,+",1
"DOCK9>EFNB2,+",1
"NPR3>PTPRB,+",1
"NCKAP1>HOXD9,+",1
"DOCK9>HOXD9,+",1
"TGOLN2>RAB5A,+",1
"KMT2A>KPNB1,+",1
"DR1>KPNB1,-",1
"MT-ND2>ABI2,+",1
"SEPT2>PTEN,+",1
"PURA>ABI2,+",1
"SEC23A>TAPBP,+",1
"LNPEP>PGRMC2,+",1
"FNBP1L>PGRMC2,+",1
"RPS29>PGRMC2,+",1
"FNBP1L>EIF4B,+",1
"SLIRP>SLK,+",1
"MT-ATP6>SLK,+",1
"MT-ND2>SLK,+",1
"CTSL>PTEN,+",1
"SMARCA2>NSD3,+",1
"A2M>KPNB1,-",1
"NPR3>KCTD12,+",1
"SEPT2>CRYBG3,+",1
"ARRDC3>PALMD,+",1
"NPR3>ABI2,+",1
"CRYBG3>SSFA2,+",1
"KMT2A>SSFA2,+",1
"TRIP11>SSFA2,+",1
"CRYBG3>SKIL,+",1
"KPNB1>HPCAL1,+",1
"PCNP>HPCAL1,+",1
"TLN1>SPRY1,-",1
"ZNF428>LDHB,+",1
"BRWD1>NCK1,-",1
"REST>LDHB,-",1
"ENDOD1>CBX6,+",1
"TTC17>CBX6,+",1
"STAT5B>CBX6,-",1
"FCHO2>STAT5B,+",1
"MARCKS>STAT5B,+",1
"YES1>ANXA5,+",1
"TXNDC12>FKBP2,+",1
"CSDE1>GABARAPL2,+",1
"YES1>GABARAPL2,+",1
"KMT2E>GABARAPL2,-",1
"CTDSP1>SELENOS,-",1
"CSDE1>SELENOS,+",1
"TXNDC12>CPT1A,+",1
"HSP90AB1>CPT1A,+",1
"RTF2>CPT1A,+",1
"NOSIP>LIMS2,+",1
"COPS9>LIMS2,+",1
"NOSIP>R3HDM2,-",1
"KMT2E>R3HDM2,-",1
"CPT1A>TXNDC12,+",1
"ABCB1>SYNE1,+",1
"CTDSP1>RILPL2,-",1
"NOSIP>ZNF428,+",1
"STUB1>SLTM,+",1
"FCHO2>PHF14,+",1
"PRPF38B>PHF14,+",1
"PAIP2>COMT,+",1
"SP100>NOP56,+",1
"TTC17>NOP56,-",1
"COMT>NOP56,-",1
"CCT7>SP100,+",1
"EIF1AX>CAVIN2,+",1
"CCT7>EIF1AX,+",1
"STUB1>CCT7,+",1
"PTEN>CCT7,-",1
"PAIP2>CCT7,+",1
"SECISBP2L>PSMC4,+",1
"PTEN>SERP1,+",1
"STAT5B>DR1,-",1
"PAIP2>SERP1,+",1
"CCDC25>PIAS1,+",1
"FCHO2>PIAS1,+",1
"GLRX5>ZC3H18,+",1
"EP300>ARHGAP26,+",1
"CAVIN2>ARHGAP26,+",1
"CHST12>ARHGAP26,+",1
"ABI2>ARHGAP26,+",1
"PHF14>CREB3L2,-",1
"SP100>DR1,-",1
"CSDE1>ZNF428,+",1
"CSDE1>CFAP36,+",1
"DAZAP2>CFAP36,+",1
"COPS9>NOSIP,+",1
"RTF2>CD99,+",1
"PSMC1>CD99,+",1
"DYNC1H1>CAVIN1,+",1
"PSMC1>YES1,+",1
"NOSIP>HSPH1,+",1
"CTDSP1>HSPH1,+",1
"RTF2>ABCB1,+",1
"YES1>ABCB1,+",1
"CSDE1>RTF2,+",1
"CSDE1>CBX6,+",1
"RTF2>DSTN,+",1
"HSP90AB1>DAZAP2,+",1
"DYNC1H1>PCAT19,+",1
"CPT1A>PCAT19,+",1
"RILPL2>PCAT19,+",1
"R3HDM2>STAG2,-",1
"CPT1A>STAG2,+",1
"CSDE1>MAP4,+",1
"PSMC1>MAP4,+",1
"HPCAL1>TMEM50B,+",1
"NOSIP>BUB3,+",1
"YES1>PTEN,+",1
"YES1>DAZAP2,+",1
"STAG2>DAZAP2,-",1
"COPS9>CFAP36,+",1
"NME4>MTPN,+",1
"CAVIN1>RHOA,+",1
"HPCAL1>PARK7,+",1
"GABARAPL2>KMT2E,-",1
"YES1>SHISA5,+",1
"RILPL2>SHISA5,+",1
"CAVIN1>SPTAN1,+",1
"RTF2>HSP90AB1,+",1
"DAZAP2>SWAP70,+",1
"CSDE1>PTMA,+",1
"CAVIN1>NME4,+",1
"HPCAL1>PSMC1,+",1
"CAVIN1>TRIM56,+",1
"TXNDC12>PRRC2C,-",1
"SELENOS>PRRC2C,+",1
"DYNC1H1>PRRC2C,+",1
"RTF2>PXN,+",1
"NME4>PXN,+",1
"HSP90AB1>PXN,+",1
"SELENOS>CTDSP1,-",1
"NME4>COPS9,+",1
"RTF2>HPCAL1,+",1
"NOSIP>TRIM56,+",1
"ABI2>NOP56,+",1
"CCT7>NOP56,+",1
"FAM241A>NOP56,-",1
"LDHB>MORF4L1,-",1
"EGLN1>DPYSL3,+",1
"SAT2>MINDY2,+",1
"TAPBP>MINDY2,+",1
"C5orf24>SMG1,-",1
"ZNF428>CDH5,+",1
"FCHO2>CDH5,+",1
"CTNNA1>ZNF428,+",1
"CTNNA1>SLK,+",1
"TAPBP>SLK,+",1
"TLN1>MORF4L1,+",1
"HYAL2>MORF4L1,+",1
"SHISA5>NNMT,-",1
"SEC63>DYNC1H1,+",1
"CTNNA1>ITSN2,+",1
"PTEN>DDX6,-",1
"SECISBP2L>PGRMC1,+",1
"GLRX5>PGRMC1,+",1
"FCHO2>CHST12,+",1
"ABI2>CHST12,-",1
"SP100>CCDC25,-",1
"CCT7>YWHAQ,+",1
"FCHO2>YWHAQ,+",1
"MAP3K2>NNMT,-",1
"ITSN2>CTNNA1,+",1
"STAT5B>AHR,-",1
"CTNNA1>KIAA1551,+",1
"NCKAP1>PSMC5,+",1
"SAT2>PSMC5,+",1
"CYBC1>PSMC5,+",1
"CALCOCO2>ASH1L,+",1
"CTNNA1>EIF1AX,+",1
"TAPBP>EIF1AX,+",1
"ITSN2>EIF1AX,+",1
"PSMC5>REST,+",1
"MAP3K2>REST,+",1
"TRIM56>REST,-",1
"DPYSL3>KIAA1551,+",1
"PPP1R13B>CTNNA1,+",1
"SAFB>APP,+",1
"CTNNA1>APP,+",1
"NCKAP1>APLP2,+",1
"SAFB>APLP2,+",1
"USP7>APLP2,+",1
"KDELR1>APLP2,+",1
"EGLN1>FCHO2,+",1
"TAPBP>SEC63,+",1
"NNMT>SEC63,+",1
"KDELR1>CTNNA1,+",1
"FCHO2>AHR,+",1
"CCT7>AHR,-",1
"PAIP2>ATN1,+",1
"ZC3H18>SHOC2,+",1
"ATF6>PRPF38B,+",1
"SECISBP2L>PRPF38B,-",1
"EIF1AX>DYNC1H1,-",1
"FCHO2>DYNC1H1,+",1
"SECISBP2L>ATP6V0E1,+",1
"PRPF38B>ATF6,+",1
"STUB1>ATF6,+",1
"HIPK1>ATF6,-",1
"SERP1>ATF6,+",1
"YWHAQ>ATF6,+",1
"SECISBP2L>NDUFS2,+",1
"MARCKS>FAM241A,+",1
"FCHO2>NDUFS2,+",1
"PHF14>MAP2K2,+",1
"CCDC25>MAP2K2,+",1
"ARHGAP26>MAP2K2,-",1
"SERP1>MAP2K2,-",1
"SLTM>MAP2K2,+",1
"PAIP2>MAP2K2,+",1
"SECISBP2L>MAP2K2,-",1
"GLRX5>URI1,+",1
"GLRX5>ATN1,+",1
"SP100>PRPF38B,-",1
"CCDC25>FAM241A,+",1
"CCDC25>SECISBP2L,-",1
"PGRMC1>SP1,-",1
"PGRMC1>SECISBP2L,+",1
"EP300>STUB1,-",1
"PAIP2>STUB1,+",1
"STAT5B>STUB1,+",1
"GLRX5>STUB1,+",1
"PAIP2>ENDOD1,-",1
"NDUFS2>FCHO2,+",1
"MARCKS>SNX6,+",1
"EIF1AX>SNX6,+",1
"SERP1>SNX6,+",1
"GLRX5>SP1,-",1
"GLRX5>FAM241A,-",1
"STAT5B>TTC17,-",1
"PGRMC1>TTC17,+",1
"EIF4H>ZFP91,+",1
"DYNC1H1>ZFP91,+",1
"SP100>ZFP91,+",1
"EIF1AX>ZFP91,+",1
"ZC3H18>EIF4H,+",1
"PTEN>EIF4H,+",1
"ATF6>EIF4H,+",1
"PRPF38B>ABI2,+",1
"VAT1>ASAP1,+",1
